10037625#0	0	148020#0	1
10037625#0	0	148020#12	0
10037625#0	0	148020#15	0
10037625#0	0	148020#17	0
10037625#0	0	148020#19	0
10037625#0	0	148020#2	0
10037625#0	0	148020#23	0
10037625#0	0	148020#26	0
10037625#0	0	148020#6	0
10037625#0	0	148020#8	0
10041885#0	0	11218767#3	0
10041885#0	0	11218767#4	0
10041885#0	0	11302019#4	0
10041885#0	0	13532393#16	0
10041885#0	0	14377#2	0
10041885#0	0	208338#44	1
10041885#0	0	4424455#7	0
10041885#0	0	514732#1	0
10041885#0	0	5236842#181	0
10041885#0	0	7589156#0	1
10061830#0	0	10101628#30	0
10061830#0	0	12371612#8	1
10061830#0	0	125694#20	0
10061830#0	0	125694#23	0
10061830#0	0	177615#2	0
10061830#0	0	177615#20	0
10061830#0	0	719601#5	1
10061830#0	0	722903#14	0
10061830#0	0	722903#9	1
10061830#0	0	9714935#4	0
1039797#0	0	11011963#67	0
1039797#0	0	11894#3	0
1039797#0	0	11999#15	0
1039797#0	0	146076#2	1
1039797#0	0	305853#1	0
1039797#0	0	389287#1	0
1039797#0	0	400192#3	0
1039797#0	0	4081897#2	0
1039797#0	0	6017880#0	0
1039797#0	0	7490445#3	0
10579479#0	0	15349#0	0
10579479#0	0	15349#27	1
10579479#0	0	15349#3	0
10579479#0	0	15349#45	1
10579479#0	0	15349#6	1
10579479#0	0	3009#37	0
10579479#0	0	4624848#0	1
10579479#0	0	5233310#7	1
10579479#0	0	569#20	1
10579479#0	0	9011015#0	0
10661819#0	0	11347040#19	0
10661819#0	0	12063537#12	0
10661819#0	0	12063537#7	0
10661819#0	0	12268876#0	0
10661819#0	0	1536463#6	0
10661819#0	0	3031656#0	1
10661819#0	0	3165641#1	1
10661819#0	0	4743991#0	0
10661819#0	0	788372#0	0
10661819#0	0	960830#10	0
1066615#0	0	1112839#5	0
1066615#0	0	11311662#2	0
1066615#0	0	1617250#0	0
1066615#0	0	208941#38	0
1066615#0	0	3324196#2	0
1066615#0	0	4736927#138	0
1066615#0	0	703369#0	0
1066615#0	0	8231306#0	1
1066615#0	0	8231306#12	1
1066615#0	0	93741#13	0
1070690#0	0	10686416#2	1
1070690#0	0	11740699#3	1
1070690#0	0	12257877#2	1
1070690#0	0	14145960#7	0
1070690#0	0	183527#24	1
1070690#0	0	2158561#8	0
1070690#0	0	663196#6	0
1070690#0	0	717727#4	0
1070690#0	0	81322#83	0
1070690#0	0	81322#85	0
1073447#0	0	10457948#1	0
1073447#0	0	10457948#21	0
1073447#0	0	121251#20	0
1073447#0	0	125734#3	0
1073447#0	0	2806421#0	1
1073447#0	0	4242853#0	1
1073447#0	0	6497682#7	1
1073447#0	0	6760439#0	1
1073447#0	0	7917#16	0
1073447#0	0	8736419#0	0
10753261#0	0	11062098#0	0
10753261#0	0	12252024#0	0
10753261#0	0	12252024#1	0
10753261#0	0	126503#56	0
10753261#0	0	1378710#0	0
10753261#0	0	4241391#0	0
10753261#0	0	46291#7	1
10753261#0	0	744453#0	0
10753261#0	0	7963036#0	0
10753261#0	0	8242280#0	0
10785018#0	0	12606031#6	0
10785018#0	0	1344416#5	1
10785018#0	0	14177158#0	0
10785018#0	0	14332247#3	0
10785018#0	0	41509#19	0
10785018#0	0	41509#53	0
10785018#0	0	45186#1	1
10785018#0	0	5981324#0	0
10785018#0	0	6847516#0	0
10785018#0	0	781555#0	0
10815736#0	0	10427228#20	0
10815736#0	0	13199830#93	0
10815736#0	0	14088779#4	0
10815736#0	0	4078458#0	1
10815736#0	0	4078458#63	0
10815736#0	0	4078458#74	0
10815736#0	0	4683190#3	0
10815736#0	0	47260#7	0
10815736#0	0	58748#77	0
10815736#0	0	767861#87	0
10892185#0	0	10853#185	0
10892185#0	0	12551#92	1
10892185#0	0	12551#93	0
10892185#0	0	14359168#5	0
10892185#0	0	287218#1	0
10892185#0	0	432696#33	0
10892185#0	0	432696#38	0
10892185#0	0	432696#8	0
10892185#0	0	4790345#16	1
10892185#0	0	4790345#18	1
109388#0	0	1031589#11	0
109388#0	0	109388#16	1
109388#0	0	1410523#13	1
109388#0	0	2723838#26	0
109388#0	0	5251819#0	0
109388#0	0	5251819#1	1
109388#0	0	5251819#13	0
109388#0	0	5251819#2	0
109388#0	0	5251819#3	0
109388#0	0	6193850#56	1
1094060#0	0	10991809#96	1
1094060#0	0	1182883#1	0
1094060#0	0	1182883#33	0
1094060#0	0	12485220#15	0
1094060#0	0	12485220#43	0
1094060#0	0	14701242#54	0
1094060#0	0	2760733#45	0
1094060#0	0	3426952#84	0
1094060#0	0	5790926#19	1
1094060#0	0	7986758#55	0
1097013#0	0	1075881#0	0
1097013#0	0	1129406#5	0
1097013#0	0	203114#37	1
1097013#0	0	207249#2	1
1097013#0	0	20949#1	1
1097013#0	0	20949#68	1
1097013#0	0	258344#2	0
1097013#0	0	301081#0	0
1097013#0	0	3839768#25	0
1097013#0	0	598399#10	0
11070730#0	0	11060255#0	0
11070730#0	0	13788968#1	1
11070730#0	0	13788968#2	0
11070730#0	0	1436074#2	1
11070730#0	0	1436074#3	0
11070730#0	0	1436074#4	0
11070730#0	0	1436074#5	0
11070730#0	0	2617131#26	0
11070730#0	0	2617993#0	0
11070730#0	0	2619845#0	0
11146204#0	0	1219912#152	1
11146204#0	0	1219912#153	1
11146204#0	0	1639572#9	0
11146204#0	0	5118298#2	0
11146204#0	0	5122523#2	0
11146204#0	0	588402#0	0
11146204#0	0	664526#0	0
11146204#0	0	779022#0	0
11146204#0	0	779026#0	0
11146204#0	0	999855#0	0
11160547#0	0	1048764#4	0
11160547#0	0	12685285#13	0
11160547#0	0	251394#8	0
11160547#0	0	2657346#4	1
11160547#0	0	324912#4	0
11160547#0	0	3276314#7	0
11160547#0	0	3656695#0	0
11160547#0	0	3656695#1	0
11160547#0	0	3680372#13	0
11160547#0	0	97161#0	1
11208865#0	0	10501806#1	0
11208865#0	0	11820404#0	0
11208865#0	0	1206750#0	0
11208865#0	0	1291082#0	0
11208865#0	0	1291082#2	1
11208865#0	0	1291082#3	0
11208865#0	0	1291082#4	0
11208865#0	0	13459426#34	0
11208865#0	0	5194649#0	1
11208865#0	0	5194649#2	1
112209#0	0	1172375#3	0
112209#0	0	2006646#13	0
112209#0	0	2220276#0	0
112209#0	0	223878#14	0
112209#0	0	223878#4	0
112209#0	0	228831#7	0
112209#0	0	2850424#17	0
112209#0	0	301913#1	0
112209#0	0	301913#4	0
112209#0	0	6542044#1	1
11233339#0	0	110353#6	0
11233339#0	0	1134826#226	0
11233339#0	0	1558#85	1
11233339#0	0	205376#10	0
11233339#0	0	2954119#32	0
11233339#0	0	65948#1	0
11233339#0	0	65948#24	0
11233339#0	0	65948#30	0
11233339#0	0	65948#6	0
11233339#0	0	6763023#101	1
1128873#0	0	11502588#4	0
1128873#0	0	12047197#1	1
1128873#0	0	1349038#5	1
1128873#0	0	26628#50	1
1128873#0	0	280412#0	1
1128873#0	0	280412#8	0
1128873#0	0	4721161#2	0
1128873#0	0	564939#8	0
1128873#0	0	6294049#1	0
1128873#0	0	6685429#2	1
1129984#0	0	11095601#0	0
1129984#0	0	12932794#38	0
1129984#0	0	15513#11	1
1129984#0	0	15513#3	0
1129984#0	0	1656825#3	0
1129984#0	0	72378#4	0
1129984#0	0	74348#21	0
1129984#0	0	74348#5	0
1129984#0	0	762974#8	0
1129984#0	0	976268#24	0
11325001#0	0	5359#0	1
11325001#0	0	5359#11	0
11325001#0	0	5359#2	0
11325001#0	0	5359#21	0
11325001#0	0	5359#4	0
11325001#0	0	5359#47	1
11325001#0	0	5359#5	0
11325001#0	0	5359#53	0
11325001#0	0	5359#72	0
11325001#0	0	5423930#1	0
11353431#0	0	108714#22	1
11353431#0	0	11939369#1	0
11353431#0	0	11939369#3	0
11353431#0	0	149678#9	0
11353431#0	0	183239#4	0
11353431#0	0	1874399#1	0
11353431#0	0	328872#19	1
11353431#0	0	5118823#2	0
11353431#0	0	5122502#2	0
11353431#0	0	553072#6	0
11409185#0	0	11646979#6	0
11409185#0	0	1401668#14	0
11409185#0	0	182523#1	0
11409185#0	0	234979#10	0
11409185#0	0	234979#17	1
11409185#0	0	234979#9	0
11409185#0	0	351704#3	0
11409185#0	0	351704#4	0
11409185#0	0	4851793#14	0
11409185#0	0	5534449#1	0
11487198#0	0	111689#10	1
11487198#0	0	111689#9	0
11487198#0	0	1307357#12	0
11487198#0	0	152995#0	1
11487198#0	0	152995#4	0
11487198#0	0	17893#18	0
11487198#0	0	299490#49	1
11487198#0	0	462600#25	0
11487198#0	0	482640#4	0
11487198#0	0	6038297#6	1
11582911#0	0	10857#0	1
11582911#0	0	10857#81	0
11582911#0	0	11214323#1	1
11582911#0	0	130215#7	0
11582911#0	0	285232#2	1
11582911#0	0	2875682#3	1
11582911#0	0	2934974#17	0
11582911#0	0	306925#3	0
11582911#0	0	3531521#37	0
11582911#0	0	9388780#5	0
11604805#0	0	12709614#0	1
11604805#0	0	13139410#1	1
11604805#0	0	3161903#75	0
11604805#0	0	43044#17	0
11604805#0	0	539601#20	1
11604805#0	0	6170940#26	0
11604805#0	0	617139#28	1
11604805#0	0	7817487#2	1
11604805#0	0	9232790#7	0
11604805#0	0	9805873#2	0
11644413#0	0	1162345#0	0
11644413#0	0	1711041#7	1
11644413#0	0	1711041#9	1
11644413#0	0	40732#0	1
11644413#0	0	40732#33	1
11644413#0	0	40732#45	0
11644413#0	0	4521788#1	1
11644413#0	0	7617#34	0
11644413#0	0	7617#58	1
11644413#0	0	7764827#1	1
1166396#0	0	12665#15	0
1166396#0	0	14361#13	0
1166396#0	0	14361#14	0
1166396#0	0	14486511#10	0
1166396#0	0	14486511#2	1
1166396#0	0	14486511#9	0
1166396#0	0	14686227#4	0
1166396#0	0	393959#7	0
1166396#0	0	7595#12	0
1166396#0	0	7597#11	1
11723021#0	0	1015483#4	0
11723021#0	0	1038740#1	0
11723021#0	0	186634#12	0
11723021#0	0	3602600#2	1
11723021#0	0	3602600#50	0
11723021#0	0	404194#1	0
11723021#0	0	404247#1	1
11723021#0	0	48194#0	0
11723021#0	0	48194#8	0
11723021#0	0	6769372#0	0
11806555#0	0	13383120#8	0
11806555#0	0	140741#45	0
11806555#0	0	14148512#25	0
11806555#0	0	1938#20	0
11806555#0	0	1938#25	0
11806555#0	0	1938#27	1
11806555#0	0	1938#28	0
11806555#0	0	4220100#0	1
11806555#0	0	4220100#4	0
11806555#0	0	5054#4	0
11854231#0	0	134625#35	0
11854231#0	0	18318#52	0
11854231#0	0	37325#2	1
11854231#0	0	37325#3	1
11854231#0	0	4007#94	0
11854231#0	0	577440#82	1
11854231#0	0	6086206#18	0
11854231#0	0	6086206#5	0
11854231#0	0	635588#26	0
11854231#0	0	710249#8	0
11854580#0	0	11221284#2	0
11854580#0	0	1289601#0	0
11854580#0	0	1292379#0	0
11854580#0	0	1629730#7	0
11854580#0	0	314728#4	0
11854580#0	0	529616#0	0
11854580#0	0	634088#7	0
11854580#0	0	72464#37	0
11854580#0	0	826029#0	0
11854580#0	0	857406#0	1
11879884#0	0	1090202#13	0
11879884#0	0	4873904#28	0
11879884#0	0	55394#10	1
11879884#0	0	55394#11	0
11879884#0	0	55394#12	0
11879884#0	0	55394#16	0
11879884#0	0	55394#20	0
11879884#0	0	754589#11	0
11879884#0	0	754589#13	0
11879884#0	0	757693#2	1
11880099#0	0	107302#1	0
11880099#0	0	124631#5	0
11880099#0	0	146974#10	0
11880099#0	0	236119#3	0
11880099#0	0	24921#8	1
11880099#0	0	2503#19	1
11880099#0	0	271#6	1
11880099#0	0	297012#0	0
11880099#0	0	334134#1	0
11880099#0	0	9651524#3	0
11880406#0	0	1716392#5	1
11880406#0	0	1769188#45	0
11880406#0	0	199218#38	0
11880406#0	0	25221#13	0
11880406#0	0	271#39	0
11880406#0	0	3742664#15	0
11880406#0	0	5501887#3	1
11880406#0	0	5501887#55	1
11880406#0	0	583813#14	0
11880406#0	0	5845991#2	1
11881175#0	0	2191006#5	0
11881175#0	0	33340#18	1
11881175#0	0	341954#16	0
11881175#0	0	3742664#25	0
11881175#0	0	3742664#34	1
11881175#0	0	3742664#46	0
11881175#0	0	3921365#4	0
11881175#0	0	3934936#17	0
11881175#0	0	3934936#2	0
11881175#0	0	972891#5	0
11882419#0	0	11623927#11	1
11882419#0	0	12255474#2	0
11882419#0	0	547712#0	1
11882419#0	0	547712#10	1
11882419#0	0	547712#13	0
11882419#0	0	547712#16	0
11882419#0	0	547712#19	0
11882419#0	0	547712#3	0
11882419#0	0	547712#6	0
11882419#0	0	547712#7	1
11892621#0	0	1004396#0	0
11892621#0	0	125363#3	1
11892621#0	0	14000#0	0
11892621#0	0	3027#67	0
11892621#0	0	8436579#0	0
11892621#0	0	8436579#1	0
11892621#0	0	8436579#2	0
11892621#0	0	8436579#3	0
11892621#0	0	8436579#7	1
11892621#0	0	8436579#8	0
12027774#0	0	13362439#30	0
12027774#0	0	1418777#6	0
12027774#0	0	2020755#12	0
12027774#0	0	6732683#107	0
12027774#0	0	6732683#110	0
12027774#0	0	6732683#78	0
12027774#0	0	841768#16	1
12027774#0	0	846268#59	0
12027774#0	0	8794703#26	0
12027774#0	0	93359#7	0
12060767#0	0	1098602#1	0
12060767#0	0	1697817#9	1
12060767#0	0	37278#53	0
12060767#0	0	441364#3	0
12060767#0	0	54008#23	0
12060767#0	0	5628321#31	1
12060767#0	0	563424#15	0
12060767#0	0	984989#106	0
12060767#0	0	984989#125	0
12060767#0	0	984989#71	0
12075675#0	0	1058788#33	1
12075675#0	0	14215332#0	0
12075675#0	0	18445#43	0
12075675#0	0	18445#57	0
12075675#0	0	18445#63	1
12075675#0	0	18445#64	0
12075675#0	0	18445#72	0
12075675#0	0	18445#76	0
12075675#0	0	18445#77	0
12075675#0	0	18445#80	1
12233027#0	0	10958115#1	1
12233027#0	0	12293473#0	0
12233027#0	0	12295370#0	0
12233027#0	0	12311087#4	0
12233027#0	0	12400306#0	0
12233027#0	0	3945229#23	0
12233027#0	0	3945229#31	1
12233027#0	0	3945229#67	0
12233027#0	0	3945229#69	0
12233027#0	0	7827598#3	0
1225093#0	0	215667#3	0
1225093#0	0	648191#1	1
1225093#0	0	648191#4	0
1225093#0	0	701115#5	0
1225093#0	0	701115#6	0
1225093#0	0	701115#7	1
1225093#0	0	701115#8	0
1225093#0	0	7096353#1	0
1225093#0	0	7461342#3	0
1225093#0	0	7461342#31	1
12353155#0	0	468267#2	0
12353155#0	0	468267#3	1
12353155#0	0	5362699#5	0
12353155#0	0	5362699#7	0
12353155#0	0	5363058#5	1
12353155#0	0	5363431#5	0
12353155#0	0	573024#103	0
12353155#0	0	573024#104	1
12353155#0	0	573024#105	0
12353155#0	0	7474952#2	0
12365764#0	0	103741#22	0
12365764#0	0	147686#14	0
12365764#0	0	1717442#13	0
12365764#0	0	1870956#10	0
12365764#0	0	24066#62	1
12365764#0	0	267953#34	0
12365764#0	0	3380658#4	0
12365764#0	0	5347786#2	0
12365764#0	0	5783147#1	0
12365764#0	0	5850816#9	1
12545#0	0	1023289#34	1
12545#0	0	1215938#20	0
12545#0	0	12828585#2	0
12545#0	0	157582#17	1
12545#0	0	1806838#2	1
12545#0	0	25647#39	1
12545#0	0	343086#1	1
12545#0	0	6564597#0	0
12545#0	0	75072#2	1
12545#0	0	793788#0	0
1257411#0	0	1377936#145	1
1257411#0	0	1819151#3	0
1257411#0	0	2808660#35	0
1257411#0	0	3746818#2	0
1257411#0	0	4011875#8	0
1257411#0	0	4473318#11	0
1257411#0	0	48198#0	1
1257411#0	0	48198#10	0
1257411#0	0	48198#27	0
1257411#0	0	48198#6	0
12582664#0	0	12489050#41	0
12582664#0	0	12489050#46	0
12582664#0	0	12489050#7	0
12582664#0	0	153485#3	0
12582664#0	0	15868#132	0
12582664#0	0	6323837#1	0
12582664#0	0	64233#0	0
12582664#0	0	64233#1	1
12582664#0	0	64233#2	0
12582664#0	0	64233#7	1
1260128#0	0	1781071#0	0
1260128#0	0	2857120#0	0
1260128#0	0	2857120#1	0
1260128#0	0	2857121#0	0
1260128#0	0	2857121#1	0
1260128#0	0	2857126#0	0
1260128#0	0	2857126#1	0
1260128#0	0	2857129#0	0
1260128#0	0	2857140#0	1
1260128#0	0	2857252#1	0
1262567#0	0	10086246#4	0
1262567#0	0	1323009#1	0
1262567#0	0	1582093#5	0
1262567#0	0	21030#0	1
1262567#0	0	21030#16	0
1262567#0	0	21030#22	0
1262567#0	0	21030#25	0
1262567#0	0	21030#37	1
1262567#0	0	25174#7	0
1262567#0	0	5762623#2	0
1263076#0	0	10489749#0	0
1263076#0	0	11771361#1	0
1263076#0	0	131585#0	0
1263076#0	0	13723527#3	0
1263076#0	0	13723527#4	0
1263076#0	0	13925944#1	0
1263076#0	0	13952234#2	0
1263076#0	0	1864282#0	1
1263076#0	0	253340#2	0
1263076#0	0	27264#11	0
12633900#0	0	13665824#19	0
12633900#0	0	14099321#1	0
12633900#0	0	14099337#1	0
12633900#0	0	4688242#4	0
12633900#0	0	5707760#1	0
12633900#0	0	5721279#2	0
12633900#0	0	5870216#6	0
12633900#0	0	7514034#1	0
12633900#0	0	980#0	1
12633900#0	0	9958938#2	0
12672384#0	0	108713#11	1
12672384#0	0	11340#55	1
12672384#0	0	1245877#7	0
12672384#0	0	3660575#4	0
12672384#0	0	745842#3	0
12672384#0	0	8382158#13	0
12672384#0	0	8827297#3	0
12672384#0	0	9189265#0	1
12672384#0	0	9189265#1	0
12672384#0	0	922032#7	0
12684485#0	0	11565891#0	0
12684485#0	0	2551#42	0
12684485#0	0	256946#1	0
12684485#0	0	256946#12	1
12684485#0	0	256946#15	0
12684485#0	0	256946#16	0
12684485#0	0	287067#19	0
12684485#0	0	3094918#39	0
12684485#0	0	3182663#1	0
12684485#0	0	73945#10	0
12866420#0	0	1056217#4	0
12866420#0	0	131598#2	0
12866420#0	0	1712619#2	0
12866420#0	0	2551#112	1
12866420#0	0	329423#2	0
12866420#0	0	3809826#0	0
12866420#0	0	3850461#3	0
12866420#0	0	4697115#0	0
12866420#0	0	4925#100	1
12866420#0	0	4925#101	0
12885521#0	0	11512131#9	1
12885521#0	0	11616619#0	0
12885521#0	0	133863#29	0
12885521#0	0	13670754#2	0
12885521#0	0	13715889#40	0
12885521#0	0	13732159#1	0
12885521#0	0	4069642#49	0
12885521#0	0	4069642#78	0
12885521#0	0	6905226#58	1
12885521#0	0	6905226#60	0
12906307#0	0	2869515#146	1
12906307#0	0	2869515#195	1
12906307#0	0	2869515#80	0
12906307#0	0	7807218#0	0
12906307#0	0	7807218#62	0
12906307#0	0	7807218#92	0
12906307#0	0	7807218#97	0
12906307#0	0	7873336#3	0
12906307#0	0	7873336#7	0
12906307#0	0	7977314#13	0
13042387#0	0	10517228#0	0
13042387#0	0	10547488#0	0
13042387#0	0	10845487#0	0
13042387#0	0	14257200#0	0
13042387#0	0	2168422#0	0
13042387#0	0	2614#0	1
13042387#0	0	2614#7	0
13042387#0	0	2614#9	0
13042387#0	0	268260#0	0
13042387#0	0	676209#0	0
13058301#0	0	13514064#0	0
13058301#0	0	275037#7	0
13058301#0	0	52013#0	1
13058301#0	0	52013#1	0
13058301#0	0	52013#20	0
13058301#0	0	52013#21	0
13058301#0	0	52013#4	0
13058301#0	0	52013#7	0
13058301#0	0	7102575#0	0
13058301#0	0	7506677#0	0
13079328#0	0	10111654#0	0
13079328#0	0	104291#31	0
13079328#0	0	13629912#2	0
13079328#0	0	13755077#2	1
13079328#0	0	1595390#2	0
13079328#0	0	1595390#4	0
13079328#0	0	342013#0	0
13079328#0	0	4365652#2	0
13079328#0	0	5763887#0	0
13079328#0	0	74453#31	0
13098432#0	0	10577715#23	0
13098432#0	0	1298984#1	0
13098432#0	0	1661071#0	1
13098432#0	0	1661071#10	1
13098432#0	0	1661071#12	0
13098432#0	0	1661071#16	0
13098432#0	0	1661071#26	0
13098432#0	0	19211#16	0
13098432#0	0	19211#27	0
13098432#0	0	25796#3	0
131049#0	0	107574#1	0
131049#0	0	107574#9	0
131049#0	0	131049#0	0
131049#0	0	131049#1	0
131049#0	0	131049#2	0
131049#0	0	131049#3	0
131049#0	0	131049#5	0
131049#0	0	2469943#10	0
131049#0	0	69806#71	1
131049#0	0	712916#4	0
13132895#0	0	10389511#0	0
13132895#0	0	13208164#74	0
13132895#0	0	28937#0	0
13132895#0	0	315897#2	0
13132895#0	0	4493780#0	1
13132895#0	0	4493780#22	0
13132895#0	0	4493780#23	0
13132895#0	0	4493780#52	0
13132895#0	0	7921329#1	1
13132895#0	0	9625623#0	0
13165035#0	0	1092277#13	1
13165035#0	0	12254387#8	0
13165035#0	0	12451194#29	0
13165035#0	0	12582040#0	0
13165035#0	0	161988#6	0
13165035#0	0	1790864#13	0
13165035#0	0	235574#15	0
13165035#0	0	3409910#4	0
13165035#0	0	4404276#22	0
13165035#0	0	69570#12	0
13191263#0	0	10982188#1	0
13191263#0	0	117786#15	0
13191263#0	0	15729#13	0
13191263#0	0	23231#2	1
13191263#0	0	23231#4	0
13191263#0	0	5724566#5	0
13191263#0	0	615088#5	0
13191263#0	0	9274120#2	0
13191263#0	0	935829#55	0
13191263#0	0	935829#59	0
13257033#0	0	54315#0	1
13257033#0	0	54315#1	0
13257033#0	0	54315#10	0
13257033#0	0	54315#3	0
13257033#0	0	54315#30	0
13257033#0	0	54315#33	0
13257033#0	0	54315#34	0
13257033#0	0	54315#35	0
13257033#0	0	54315#36	0
13257033#0	0	54315#37	0
13294798#0	0	1262654#0	1
13294798#0	0	1262654#22	0
13294798#0	0	1262654#6	0
13294798#0	0	1262654#7	0
13294798#0	0	1262654#75	0
13294798#0	0	328297#20	0
13294798#0	0	4009816#9	0
13294798#0	0	4736927#4	0
13294798#0	0	578973#0	1
13294798#0	0	8791512#1	0
13348462#0	0	12377048#0	0
13348462#0	0	2870053#5	0
13348462#0	0	39009#2	1
13348462#0	0	4184822#6	0
13348462#0	0	4189245#4	1
13348462#0	0	4208289#20	0
13348462#0	0	5436#4	1
13348462#0	0	7892159#6	0
13348462#0	0	819194#1	0
13348462#0	0	917762#18	0
13412901#0	0	1875981#1	0
13412901#0	0	1875981#11	0
13412901#0	0	1875981#22	0
13412901#0	0	1875981#24	0
13412901#0	0	2179#89	0
13412901#0	0	3057620#32	0
13412901#0	0	3057620#45	0
13412901#0	0	5145142#1	1
13412901#0	0	5492082#0	0
13412901#0	0	561606#50	0
13454565#0	0	12210016#16	1
13454565#0	0	13153382#1	0
13454565#0	0	141745#8	0
13454565#0	0	2032293#8	1
13454565#0	0	2853606#2	0
13454565#0	0	478049#56	0
13454565#0	0	768059#0	0
13454565#0	0	768059#3	0
13454565#0	0	768059#7	1
13454565#0	0	964397#33	0
13457539#0	0	538040#0	1
13457539#0	0	538040#2	0
13457539#0	0	538040#21	0
13457539#0	0	538040#22	0
13457539#0	0	538040#25	0
13457539#0	0	538040#33	0
13457539#0	0	538040#34	1
13457539#0	0	538040#9	0
13457539#0	0	8652725#1	0
13457539#0	0	9044#49	1
13470247#0	0	1075589#0	0
13470247#0	0	1075589#18	1
13470247#0	0	1075589#2	0
13470247#0	0	1075589#20	1
13470247#0	0	1075589#22	0
13470247#0	0	1075589#23	0
13470247#0	0	1075589#30	0
13470247#0	0	1075589#32	0
13470247#0	0	1075806#0	0
13470247#0	0	14664366#1	0
13534967#0	0	139757#0	0
13534967#0	0	4860#23	0
13534967#0	0	89206#6	0
13534967#0	0	9104641#0	0
13534967#0	0	910960#0	1
13534967#0	0	910960#1	0
13534967#0	0	910960#15	0
13534967#0	0	910960#23	0
13534967#0	0	910960#7	0
13534967#0	0	910960#8	0
13537682#0	0	138025#21	1
13537682#0	0	18052#27	0
13537682#0	0	18052#37	0
13537682#0	0	18052#52	0
13537682#0	0	25037#1	0
13537682#0	0	3625697#0	0
13537682#0	0	4164914#16	0
13537682#0	0	45377#8	0
13537682#0	0	454715#51	0
13537682#0	0	4747763#1	1
13587734#0	0	2673416#198	1
13587734#0	0	2673416#199	0
13587734#0	0	2789040#0	1
13587734#0	0	2789040#1	0
13587734#0	0	2789040#3	0
13587734#0	0	2789040#7	0
13587734#0	0	7649102#1	0
13587734#0	0	904969#1	0
13587734#0	0	904969#54	0
13587734#0	0	904997#1	0
13702844#0	0	12538019#1	0
13702844#0	0	2695518#45	0
13702844#0	0	46074#0	1
13702844#0	0	46074#44	0
13702844#0	0	46074#46	0
13702844#0	0	46074#83	0
13702844#0	0	46074#87	0
13702844#0	0	46074#9	0
13702844#0	0	76049#3	0
13702844#0	0	8093555#0	0
1373083#0	0	159325#1	0
1373083#0	0	18576#39	0
1373083#0	0	262494#6	0
1373083#0	0	3367#15	0
1373083#0	0	46#30	0
1373083#0	0	471753#2	0
1373083#0	0	52170#20	0
1373083#0	0	54892#37	0
1373083#0	0	65701#8	1
1373083#0	0	8589023#2	0
1373636#0	0	2129517#109	1
1373636#0	0	3379589#11	0
1373636#0	0	4177195#5	1
1373636#0	0	45446#21	0
1373636#0	0	4549062#4	1
1373636#0	0	686109#111	1
1373636#0	0	696399#334	0
1373636#0	0	96010#195	1
1373636#0	0	96010#205	0
1373636#0	0	9970#37	1
13759773#0	0	14248#70	0
13759773#0	0	2913#13	1
13759773#0	0	2913#2	1
13759773#0	0	2913#3	0
13759773#0	0	2913#50	0
13759773#0	0	2913#6	0
13759773#0	0	2913#7	0
13759773#0	0	2913#8	0
13759773#0	0	7337#1	0
13759773#0	0	869701#10	0
13843#0	0	11342818#1	0
13843#0	0	11342818#2	0
13843#0	0	3107063#0	0
13843#0	0	4312498#0	1
13843#0	0	4312498#12	0
13843#0	0	4312498#15	0
13843#0	0	4312498#24	0
13843#0	0	4312498#35	0
13843#0	0	4846231#0	0
13843#0	0	4857365#0	0
13910718#0	0	1272526#0	0
13910718#0	0	301394#0	0
13910718#0	0	6359486#0	0
13910718#0	0	6459824#0	0
13910718#0	0	7955176#0	1
13910718#0	0	8972270#0	0
13910718#0	0	8972270#2	0
13910718#0	0	8972270#3	0
13910718#0	0	9058806#0	0
13910718#0	0	9815#10	0
13964969#0	0	11041468#0	0
13964969#0	0	11041468#2	0
13964969#0	0	1204232#4	0
13964969#0	0	1233416#84	0
13964969#0	0	744398#22	0
13964969#0	0	822369#168	1
13964969#0	0	88660#1	0
13964969#0	0	88660#2	0
13964969#0	0	88660#3	0
13964969#0	0	9119115#9	1
1396750#0	0	114435#138	0
1396750#0	0	3686395#0	0
1396750#0	0	3686395#10	0
1396750#0	0	3841274#0	0
1396750#0	0	48336#0	1
1396750#0	0	48336#10	0
1396750#0	0	48336#7	0
1396750#0	0	48336#8	0
1396750#0	0	5533912#1	0
1396750#0	0	6548510#1	0
139842#0	0	33196#9	0
139842#0	0	683921#3	0
139842#0	0	760498#0	0
139842#0	0	97066#0	1
139842#0	0	97066#1	0
139842#0	0	97066#12	0
139842#0	0	97066#6	0
139842#0	0	97066#7	0
139842#0	0	97066#8	0
139842#0	0	97066#9	0
14039081#0	0	24810#1	0
14039081#0	0	3378310#64	1
14039081#0	0	39424#15	0
14039081#0	0	3944103#0	0
14039081#0	0	3944103#1	0
14039081#0	0	40479#16	0
14039081#0	0	471897#3	0
14039081#0	0	4733575#0	0
14039081#0	0	4733575#28	0
14039081#0	0	9665642#0	0
14075271#0	0	1016469#76	0
14075271#0	0	1017559#58	0
14075271#0	0	1020446#143	0
14075271#0	0	10578399#23	0
14075271#0	0	136747#0	1
14075271#0	0	4514117#26	0
14075271#0	0	530517#0	0
14075271#0	0	8108026#28	0
14075271#0	0	863182#126	0
14075271#0	0	863182#80	0
14090651#0	0	1321580#0	0
14090651#0	0	1321580#20	0
14090651#0	0	3316311#0	1
14090651#0	0	3316311#29	0
14090651#0	0	3332950#2	0
14090651#0	0	3332950#22	0
14090651#0	0	3332950#71	0
14090651#0	0	4583808#0	0
14090651#0	0	633406#52	1
14090651#0	0	8043025#2	0
1410164#0	0	1029143#14	0
1410164#0	0	12420557#0	0
1410164#0	0	13088415#1	0
1410164#0	0	14177527#41	0
1410164#0	0	1485831#3	0
1410164#0	0	203859#0	1
1410164#0	0	5371599#13	0
1410164#0	0	621349#0	1
1410164#0	0	637643#0	0
1410164#0	0	746763#0	1
14120795#0	0	12615007#0	0
14120795#0	0	13477344#0	0
14120795#0	0	19410#0	1
14120795#0	0	19410#33	0
14120795#0	0	19410#36	1
14120795#0	0	2028306#1	0
14120795#0	0	24219#5	1
14120795#0	0	3224136#25	0
14120795#0	0	441949#0	0
14120795#0	0	7795057#0	1
14208644#0	0	142920#78	0
14208644#0	0	1977#41	1
14208644#0	0	23517#101	0
14208644#0	0	23517#3	0
14208644#0	0	23517#64	0
14208644#0	0	23517#85	0
14208644#0	0	23517#91	0
14208644#0	0	23517#97	0
14208644#0	0	23517#99	0
14208644#0	0	8472927#1	0
14237135#0	0	117909#124	0
14237135#0	0	12910510#3	0
14237135#0	0	169737#16	0
14237135#0	0	2036439#26	0
14237135#0	0	2863310#3	0
14237135#0	0	2863310#6	1
14237135#0	0	6300781#53	1
14237135#0	0	6776849#38	0
14237135#0	0	6776849#6	0
14237135#0	0	7125118#1	1
14251120#0	0	2711#23	0
14251120#0	0	2711#25	0
14251120#0	0	2711#26	0
14251120#0	0	2711#31	0
14251120#0	0	2711#6	1
14251120#0	0	71354#0	0
14251120#0	0	7265217#1	0
14251120#0	0	8080519#7	0
14251120#0	0	907523#5	0
14251120#0	0	937578#2	0
14315251#0	0	12238696#2	0
14315251#0	0	12957194#2	0
14315251#0	0	1492#104	1
14315251#0	0	3654549#7	0
14315251#0	0	40118#0	0
14315251#0	0	6687827#11	1
14315251#0	0	837#11	1
14315251#0	0	837#55	0
14315251#0	0	837#84	0
14315251#0	0	943947#0	0
14378451#0	0	11659528#1	0
14378451#0	0	14436311#1	0
14378451#0	0	14436311#5	1
14378451#0	0	213598#7	1
14378451#0	0	3068225#0	0
14378451#0	0	34392#10	0
14378451#0	0	34392#16	0
14378451#0	0	9248900#0	0
14378451#0	0	9248900#14	0
14378451#0	0	9248900#2	0
14386443#0	0	100218#32	1
14386443#0	0	100218#33	0
14386443#0	0	1668666#11	0
14386443#0	0	1668666#13	0
14386443#0	0	1668666#70	0
14386443#0	0	3468304#30	0
14386443#0	0	4558916#11	0
14386443#0	0	5561749#55	0
14386443#0	0	9131698#4	0
14386443#0	0	9295742#1	0
14397287#0	0	10598160#23	0
14397287#0	0	12662052#3	0
14397287#0	0	14622511#2	1
14397287#0	0	2575521#2	0
14397287#0	0	328872#16	0
14397287#0	0	3966280#17	0
14397287#0	0	530006#0	0
14397287#0	0	530006#1	0
14397287#0	0	530006#3	0
14397287#0	0	9852548#13	0
14397868#0	0	3408059#15	1
14397868#0	0	3408059#19	0
14397868#0	0	3408059#48	0
14397868#0	0	3542776#1	0
14397868#0	0	4495475#24	0
14397868#0	0	57147#0	1
14397868#0	0	57147#1	1
14397868#0	0	57147#29	0
14397868#0	0	57147#43	0
14397868#0	0	6141427#3	0
14433488#0	0	10271998#1	0
14433488#0	0	12855838#2	0
14433488#0	0	13447899#4	1
14433488#0	0	20383#14	0
14433488#0	0	408754#9	0
14433488#0	0	708836#3	0
14433488#0	0	75960#1	0
14433488#0	0	75960#13	0
14433488#0	0	75960#6	1
14433488#0	0	75960#79	0
14486344#0	0	246198#35	0
14486344#0	0	246198#43	1
14486344#0	0	2488486#21	1
14486344#0	0	255149#14	0
14486344#0	0	2684650#4	0
14486344#0	0	2934233#8	0
14486344#0	0	415997#124	1
14486344#0	0	7783955#8	1
14486344#0	0	7875429#8	0
14486344#0	0	7967418#5	1
14528055#0	0	1685550#0	0
14528055#0	0	2179#101	1
14528055#0	0	2179#152	0
14528055#0	0	2179#154	1
14528055#0	0	2179#176	0
14528055#0	0	2179#213	0
14528055#0	0	568747#0	0
14528055#0	0	896127#33	0
14528055#0	0	960722#1	1
14528055#0	0	968277#0	0
14554707#0	0	10424953#8	0
14554707#0	0	10432484#1	0
14554707#0	0	10432484#3	0
14554707#0	0	13530538#1	1
14554707#0	0	222336#224	0
14554707#0	0	222336#228	0
14554707#0	0	222336#9	0
14554707#0	0	9763019#19	0
14554707#0	0	9836819#1	0
14554707#0	0	9836819#12	1
14648681#0	0	14572147#0	1
14648681#0	0	14572147#39	0
14648681#0	0	14808427#0	0
14648681#0	0	14808427#1	0
14648681#0	0	14808427#13	0
14648681#0	0	14808427#2	0
14648681#0	0	14808427#67	0
14648681#0	0	14808427#9	0
14648681#0	0	14817396#1	0
14648681#0	0	14819858#1	0
14821753#0	0	11816466#27	0
14821753#0	0	12290508#0	1
14821753#0	0	12290508#1	0
14821753#0	0	12290508#17	0
14821753#0	0	12290508#18	0
14821753#0	0	12290508#2	0
14821753#0	0	12290508#35	0
14821753#0	0	12417646#10	0
14821753#0	0	12417646#5	0
14821753#0	0	12507244#2	0
1563567#0	0	107152#35	0
1563567#0	0	11361200#11	1
1563567#0	0	14135942#3	0
1563567#0	0	31159#1	1
1563567#0	0	447236#4	0
1563567#0	0	6748194#15	0
1563567#0	0	82450#0	1
1563567#0	0	82450#3	0
1563567#0	0	82450#33	0
1563567#0	0	82450#4	0
15646#0	0	1769992#0	0
15646#0	0	18039#5	1
15646#0	0	4821126#0	0
15646#0	0	4964242#0	0
15646#0	0	5224446#0	0
15646#0	0	6349722#2	0
15646#0	0	6761098#0	0
15646#0	0	7113#0	0
15646#0	0	7113#31	0
15646#0	0	7553282#0	0
1610779#0	0	17972#115	0
1610779#0	0	5152633#0	0
1610779#0	0	5152633#1	0
1610779#0	0	5152633#2	0
1610779#0	0	5152633#3	1
1610779#0	0	5152633#4	0
1610779#0	0	62514#16	0
1610779#0	0	62514#5	0
1610779#0	0	6506547#2	0
1610779#0	0	70922#1	1
164380#0	0	11003060#10	0
164380#0	0	12189130#2	1
164380#0	0	12344162#1	1
164380#0	0	14838#3	0
164380#0	0	14991#0	1
164380#0	0	14991#1	0
164380#0	0	14991#10	0
164380#0	0	14991#2	0
164380#0	0	14991#9	0
164380#0	0	236497#32	0
1711267#0	0	1693372#0	0
1711267#0	0	1711267#0	0
1711267#0	0	1711267#8	0
1711267#0	0	201139#17	0
1711267#0	0	240743#9	0
1711267#0	0	30012#15	0
1711267#0	0	3424148#6	1
1711267#0	0	471897#3	0
1711267#0	0	6427152#1	0
1711267#0	0	699764#1	0
1716258#0	0	10066421#6	0
1716258#0	0	10226412#3	1
1716258#0	0	10226412#5	0
1716258#0	0	10468071#2	0
1716258#0	0	1690847#4	1
1716258#0	0	170039#60	0
1716258#0	0	52323#13	0
1716258#0	0	52323#9	1
1716258#0	0	604094#2	0
1716258#0	0	6279745#1	0
1729055#0	0	1254714#3	0
1729055#0	0	14301295#2	0
1729055#0	0	216471#0	0
1729055#0	0	2792399#0	0
1729055#0	0	3537948#9	1
1729055#0	0	64071#1	0
1729055#0	0	6907665#0	0
1729055#0	0	7278#15	0
1729055#0	0	7278#20	0
1729055#0	0	7278#21	0
175429#0	0	13661655#1	0
175429#0	0	1395993#1	0
175429#0	0	187499#0	1
175429#0	0	3048458#1	0
175429#0	0	3978323#1	0
175429#0	0	4929596#15	1
175429#0	0	5805214#6	0
175429#0	0	69502#2	0
175429#0	0	69502#20	0
175429#0	0	871416#40	0
175780#0	0	559884#51	0
175780#0	0	7260#27	0
175780#0	0	7260#38	1
175780#0	0	7260#50	0
175780#0	0	7260#72	0
175780#0	0	7260#74	0
175780#0	0	7260#80	0
175780#0	0	7260#83	1
175780#0	0	7266#32	0
175780#0	0	8790729#38	0
1886349#0	0	13374438#3	0
1886349#0	0	135094#10	0
1886349#0	0	13851297#11	1
1886349#0	0	228253#41	0
1886349#0	0	3763746#25	0
1886349#0	0	3907274#29	0
1886349#0	0	6201005#4	0
1886349#0	0	6201005#5	0
1886349#0	0	6201005#6	0
1886349#0	0	714260#12	0
1890654#0	0	1890654#0	0
1890654#0	0	1890654#1	1
1890654#0	0	357322#0	0
1890654#0	0	382586#0	1
1890654#0	0	382586#1	1
1890654#0	0	382586#14	0
1890654#0	0	382586#16	0
1890654#0	0	382586#20	0
1890654#0	0	382586#5	0
1890654#0	0	382586#6	1
1898338#0	0	1376784#11	0
1898338#0	0	1376784#2	0
1898338#0	0	1376784#22	0
1898338#0	0	1376784#8	0
1898338#0	0	16716#136	0
1898338#0	0	3023252#0	0
1898338#0	0	385366#15	0
1898338#0	0	385366#16	0
1898338#0	0	5496825#3	0
1898338#0	0	5908840#4	1
21180#0	0	109364#10	0
21180#0	0	109364#5	0
21180#0	0	109364#7	0
21180#0	0	112397#1	0
21180#0	0	114284#0	0
21180#0	0	114284#4	0
21180#0	0	1220546#4	0
21180#0	0	2961111#14	1
21180#0	0	3066091#18	0
21180#0	0	384929#1	0
213692#0	0	10853#185	0
213692#0	0	10853#186	0
213692#0	0	12906633#4	0
213692#0	0	13398143#10	0
213692#0	0	13398143#8	0
213692#0	0	3122522#3	1
213692#0	0	427741#11	0
213692#0	0	432696#33	0
213692#0	0	432696#8	1
213692#0	0	436726#7	1
215723#0	0	13706#12	0
215723#0	0	13706#13	0
215723#0	0	13706#50	1
215723#0	0	45540#11	0
215723#0	0	45540#14	0
215723#0	0	45540#19	0
215723#0	0	45540#21	0
215723#0	0	45540#29	1
215723#0	0	45540#9	0
215723#0	0	78060#23	0
219437#0	0	1389538#16	0
219437#0	0	14069631#1	0
219437#0	0	1794#22	0
219437#0	0	1794#4	0
219437#0	0	3264331#1	0
219437#0	0	4340143#3	0
219437#0	0	6471630#16	0
219437#0	0	6539110#2	0
219437#0	0	7354290#0	0
219437#0	0	75049#9	1
221408#0	0	1892297#2	0
221408#0	0	1892297#7	0
221408#0	0	1931451#0	0
221408#0	0	3127819#0	0
221408#0	0	452056#0	1
221408#0	0	452056#10	0
221408#0	0	452056#3	1
221408#0	0	452056#7	0
221408#0	0	939110#0	1
221408#0	0	939110#1	1
2294072#0	0	13428784#4	0
2294072#0	0	13432292#2	0
2294072#0	0	14353804#4	1
2294072#0	0	1930160#2	0
2294072#0	0	204243#1	0
2294072#0	0	223623#14	0
2294072#0	0	4853613#14	0
2294072#0	0	4853613#23	0
2294072#0	0	4895088#4	0
2294072#0	0	904969#26	0
2461147#0	0	1278306#0	0
2461147#0	0	3579382#0	0
2461147#0	0	61462#1	0
2461147#0	0	61462#10	0
2461147#0	0	61462#118	0
2461147#0	0	61462#12	1
2461147#0	0	61462#17	0
2461147#0	0	61462#58	0
2461147#0	0	61462#69	0
2461147#0	0	61462#8	1
2482214#0	0	12551#71	0
2482214#0	0	14089671#3	0
2482214#0	0	14145927#16	0
2482214#0	0	20680#44	0
2482214#0	0	2287538#30	0
2482214#0	0	2964396#53	0
2482214#0	0	4755629#0	1
2482214#0	0	6575778#7	0
2482214#0	0	6575778#8	1
2482214#0	0	7242575#7	0
25575#0	0	1095#129	0
25575#0	0	13997556#1	1
25575#0	0	1798479#56	0
25575#0	0	18467#1	0
25575#0	0	2122853#0	0
25575#0	0	3499#76	0
25575#0	0	38408#49	1
25575#0	0	38408#51	0
25575#0	0	450100#41	0
25575#0	0	758666#5	0
256560#0	0	10305#0	0
256560#0	0	13263530#29	1
256560#0	0	2482305#1	0
256560#0	0	375770#0	0
256560#0	0	375770#16	0
256560#0	0	375770#4	0
256560#0	0	3973375#1	0
256560#0	0	3973692#0	0
256560#0	0	6733393#5	0
256560#0	0	823393#0	0
257540#0	0	13348644#3	1
257540#0	0	2878906#0	0
257540#0	0	2880498#0	0
257540#0	0	85487#0	1
257540#0	0	85487#21	0
257540#0	0	85487#42	0
257540#0	0	85487#44	0
257540#0	0	85487#60	0
257540#0	0	85487#67	0
257540#0	0	9368091#1	0
2713944#0	0	147614#1	0
2713944#0	0	2708678#14	0
2713944#0	0	3116183#136	0
2713944#0	0	37758#3	0
2713944#0	0	3995474#0	1
2713944#0	0	4026539#2	0
2713944#0	0	4026539#4	0
2713944#0	0	4026539#7	1
2713944#0	0	4939946#2	0
2713944#0	0	9896750#22	0
2778578#0	0	13488055#7	0
2778578#0	0	14376649#0	0
2778578#0	0	1653599#7	0
2778578#0	0	3392680#10	0
2778578#0	0	52491#2	1
2778578#0	0	535347#33	0
2778578#0	0	535347#34	0
2778578#0	0	546240#0	0
2778578#0	0	7413837#18	1
2778578#0	0	9909881#5	0
2805109#0	0	1377936#43	0
2805109#0	0	1712#21	0
2805109#0	0	1712#3	0
2805109#0	0	1865110#50	0
2805109#0	0	2258#42	1
2805109#0	0	2258#49	0
2805109#0	0	2805109#42	0
2805109#0	0	31269#3	0
2805109#0	0	4313859#50	0
2805109#0	0	525#31	0
280570#0	0	418437#0	1
280570#0	0	418437#1	0
280570#0	0	418437#12	0
280570#0	0	418437#13	0
280570#0	0	418437#15	0
280570#0	0	418437#22	0
280570#0	0	418437#28	0
280570#0	0	418437#29	0
280570#0	0	418437#5	0
280570#0	0	418437#6	0
2824701#0	0	11983851#0	0
2824701#0	0	13388290#0	0
2824701#0	0	1379456#0	0
2824701#0	0	14076126#8	0
2824701#0	0	3578795#0	1
2824701#0	0	3578795#152	0
2824701#0	0	3578795#7	1
2824701#0	0	3973151#0	0
2824701#0	0	3973151#4	0
2824701#0	0	8463666#0	0
2921614#0	0	1048466#13	0
2921614#0	0	13280516#8	1
2921614#0	0	1493#32	0
2921614#0	0	1675893#19	1
2921614#0	0	16984#45	0
2921614#0	0	2450518#2	0
2921614#0	0	3099070#10	0
2921614#0	0	3099070#3	0
2921614#0	0	442432#38	1
2921614#0	0	7962180#9	0
2962407#0	0	1203640#0	0
2962407#0	0	13942420#16	0
2962407#0	0	13942456#5	0
2962407#0	0	1913#129	0
2962407#0	0	1913#5	1
2962407#0	0	415865#8	0
2962407#0	0	63179#17	0
2962407#0	0	78735#1	0
2962407#0	0	899533#22	0
2962407#0	0	9639536#1	1
2964377#0	0	12185065#1	0
2964377#0	0	1366256#17	0
2964377#0	0	1366256#50	0
2964377#0	0	310422#1	1
2964377#0	0	4032412#16	0
2964377#0	0	5800739#6	0
2964377#0	0	5800739#7	0
2964377#0	0	5804592#6	0
2964377#0	0	76397#18	0
2964377#0	0	9340734#5	0
3134859#0	0	10439059#34	0
3134859#0	0	10439059#64	0
3134859#0	0	1514290#20	0
3134859#0	0	1514290#22	1
3134859#0	0	1514290#30	0
3134859#0	0	1514290#31	0
3134859#0	0	1514290#34	0
3134859#0	0	1514290#39	0
3134859#0	0	1514290#9	1
3134859#0	0	695213#4	0
3136744#0	0	11004569#7	0
3136744#0	0	1656128#265	0
3136744#0	0	24980#26	1
3136744#0	0	24980#29	1
3136744#0	0	3122066#51	1
3136744#0	0	3122066#52	1
3136744#0	0	3122066#53	0
3136744#0	0	4841933#12	0
3136744#0	0	5674290#41	0
3136744#0	0	722054#18	0
3148630#0	0	908509#0	1
3148630#0	0	908509#12	0
3148630#0	0	908509#15	1
3148630#0	0	908509#2	0
3148630#0	0	908509#63	0
3148630#0	0	908509#75	0
3148630#0	0	908509#78	0
3148630#0	0	908509#81	0
3148630#0	0	908509#88	0
3148630#0	0	940269#2	0
3180612#0	0	139509#0	0
3180612#0	0	139509#2	0
3180612#0	0	139509#4	0
3180612#0	0	32145#0	1
3180612#0	0	32145#1	1
3180612#0	0	32145#6	0
3180612#0	0	43350#0	0
3180612#0	0	43350#11	0
3180612#0	0	43350#8	0
3180612#0	0	834094#0	0
3261797#0	0	11047159#0	1
3261797#0	0	11056227#0	1
3261797#0	0	248558#0	1
3261797#0	0	248558#1	0
3261797#0	0	248558#13	0
3261797#0	0	3680822#10	1
3261797#0	0	567204#90	0
3261797#0	0	786#0	1
3261797#0	0	786#189	0
3261797#0	0	786#191	1
3392685#0	0	467050#0	1
3392685#0	0	467050#11	0
3392685#0	0	467050#40	0
3392685#0	0	467050#41	0
3392685#0	0	467050#46	0
3392685#0	0	467050#50	0
3392685#0	0	467050#55	0
3392685#0	0	467050#6	0
3392685#0	0	467050#60	0
3392685#0	0	467050#63	1
3404243#0	0	14016932#9	0
3404243#0	0	179083#0	1
3404243#0	0	179083#17	0
3404243#0	0	179083#18	0
3404243#0	0	179083#3	0
3404243#0	0	179083#9	0
3404243#0	0	4012461#1	0
3404243#0	0	4012461#2	0
3404243#0	0	553873#7	0
3404243#0	0	785263#21	0
3419872#0	0	12586#0	0
3419872#0	0	1590005#74	0
3419872#0	0	1590005#82	0
3419872#0	0	166221#1	0
3419872#0	0	166221#23	0
3419872#0	0	25122#0	0
3419872#0	0	444635#2	0
3419872#0	0	444635#7	0
3419872#0	0	68488#0	0
3419872#0	0	7221#1	1
3428173#0	0	13480623#0	1
3428173#0	0	13480623#1	0
3428173#0	0	13480623#3	0
3428173#0	0	2947004#101	0
3428173#0	0	2947004#112	0
3428173#0	0	2947004#113	0
3428173#0	0	2947004#116	0
3428173#0	0	2947004#122	1
3428173#0	0	2947004#126	0
3428173#0	0	2947004#127	0
34411#0	0	1183107#1	0
34411#0	0	216145#10	0
34411#0	0	26327#5	0
34411#0	0	2890906#36	0
34411#0	0	505729#3	1
34411#0	0	505741#0	1
34411#0	0	70614#6	1
34411#0	0	7242344#10	0
34411#0	0	753782#10	0
34411#0	0	7685#21	1
34556#0	0	131013#4	0
34556#0	0	14421#6	1
34556#0	0	18690#19	0
34556#0	0	196190#2	0
34556#0	0	20408#0	0
34556#0	0	20408#2	0
34556#0	0	20408#8	1
34556#0	0	2702678#1	1
34556#0	0	4070#1	0
34556#0	0	8439936#4	0
3489648#0	0	11958#9	1
3489648#0	0	128489#6	0
3489648#0	0	14348643#1	0
3489648#0	0	1690916#0	0
3489648#0	0	32786#27	0
3489648#0	0	36929#16	0
3489648#0	0	3835820#14	0
3489648#0	0	4849746#0	0
3489648#0	0	6394307#0	0
3489648#0	0	74228#31	0
349887#0	0	12959425#5	0
349887#0	0	137170#101	0
349887#0	0	137170#103	0
349887#0	0	137170#2	0
349887#0	0	137170#20	1
349887#0	0	137170#21	0
349887#0	0	137170#23	0
349887#0	0	137170#29	0
349887#0	0	137170#34	1
349887#0	0	137170#35	0
3505883#0	0	10440603#1	0
3505883#0	0	182#0	0
3505883#0	0	182#1	1
3505883#0	0	293915#1	0
3505883#0	0	3179959#0	0
3505883#0	0	3179959#19	0
3505883#0	0	3179959#2	1
3505883#0	0	3179959#3	0
3505883#0	0	3179959#6	0
3505883#0	0	3179959#8	0
3592864#0	0	11416560#53	0
3592864#0	0	24560#28	1
3592864#0	0	24560#4	1
3592864#0	0	4315768#37	0
3592864#0	0	4315768#41	0
3592864#0	0	4338249#2	0
3592864#0	0	4338249#6	0
3592864#0	0	64608#11	0
3592864#0	0	7229#38	0
3592864#0	0	8124610#30	0
3609473#0	0	1010193#35	0
3609473#0	0	10204477#0	0
3609473#0	0	1223262#32	0
3609473#0	0	1412322#10	0
3609473#0	0	14666830#4	0
3609473#0	0	187410#0	1
3609473#0	0	187410#21	0
3609473#0	0	4434906#0	0
3609473#0	0	5586353#2	0
3609473#0	0	6018175#0	0
3647269#0	0	1650648#38	0
3647269#0	0	1650648#70	1
3647269#0	0	3558671#12	0
3647269#0	0	5211073#14	0
3647269#0	0	5211073#16	0
3647269#0	0	5211073#22	0
3647269#0	0	5211073#36	0
3647269#0	0	5211073#44	1
3647269#0	0	5211073#62	0
3647269#0	0	6634435#1	0
367840#0	0	1295132#151	0
367840#0	0	1295132#153	1
367840#0	0	13615561#62	1
367840#0	0	13615561#63	0
367840#0	0	13617512#10	0
367840#0	0	13617512#12	0
367840#0	0	13617512#2	0
367840#0	0	13617512#4	1
367840#0	0	576#216	0
367840#0	0	6894195#0	0
3839982#0	0	1150162#0	0
3839982#0	0	117613#1	1
3839982#0	0	117613#6	0
3839982#0	0	117613#78	0
3839982#0	0	14065512#3	0
3839982#0	0	306823#3	0
3839982#0	0	387853#5	0
3839982#0	0	6181609#29	0
3839982#0	0	7618564#10	0
3839982#0	0	7618564#2	0
3873314#0	0	13978589#0	0
3873314#0	0	2850424#10	0
3873314#0	0	3912274#0	0
3873314#0	0	3912858#0	1
3873314#0	0	3912858#2	0
3873314#0	0	3912858#5	1
3873314#0	0	87240#37	0
3873314#0	0	87240#38	1
3873314#0	0	87240#39	0
3873314#0	0	87240#43	0
3879429#0	0	105183#11	0
3879429#0	0	105183#14	0
3879429#0	0	105183#18	0
3879429#0	0	105183#25	0
3879429#0	0	105183#28	0
3879429#0	0	11137288#12	0
3879429#0	0	121172#11	1
3879429#0	0	13258781#3	0
3879429#0	0	341459#45	0
3879429#0	0	5594305#17	0
3912065#0	0	1258288#3	0
3912065#0	0	1258288#4	0
3912065#0	0	231191#0	0
3912065#0	0	315791#8	0
3912065#0	0	5092962#0	0
3912065#0	0	97851#0	1
3912065#0	0	97851#11	0
3912065#0	0	97851#21	0
3912065#0	0	97851#31	0
3912065#0	0	97851#4	0
3926197#0	0	1241200#3	0
3926197#0	0	13394083#1	0
3926197#0	0	13394719#0	0
3926197#0	0	13395067#1	0
3926197#0	0	13549840#8	0
3926197#0	0	1718350#1	0
3926197#0	0	454563#33	0
3926197#0	0	454563#8	0
3926197#0	0	868094#4	0
3926197#0	0	8684578#5	1
3944859#0	0	1138029#4	0
3944859#0	0	12010067#0	0
3944859#0	0	130263#127	0
3944859#0	0	1419819#2	0
3944859#0	0	1420380#2	1
3944859#0	0	145710#103	1
3944859#0	0	1489341#1	0
3944859#0	0	1502896#15	0
3944859#0	0	3954423#44	0
3944859#0	0	4095948#15	0
394561#0	0	1509516#3	0
394561#0	0	209099#0	1
394561#0	0	209099#1	1
394561#0	0	209099#16	0
394561#0	0	209099#49	0
394561#0	0	209099#51	0
394561#0	0	27147#14	0
394561#0	0	4774373#2	0
394561#0	0	86429#0	1
395874#0	0	12042753#2	0
395874#0	0	13127105#3	0
395874#0	0	14050175#17	1
395874#0	0	40920#58	0
395874#0	0	464865#38	0
395874#0	0	4878034#20	0
395874#0	0	550873#1	1
395874#0	0	68393#21	0
395874#0	0	9235395#4	0
395874#0	0	9273854#0	0
40375#0	0	10108440#1	0
40375#0	0	10108440#7	0
40375#0	0	11639085#15	0
40375#0	0	11639085#21	0
40375#0	0	5592134#7	0
40375#0	0	56785#74	0
40375#0	0	56785#77	1
40375#0	0	7197657#20	0
40375#0	0	7197657#39	1
40375#0	0	8020#3	0
408315#0	0	105764#6	0
408315#0	0	183847#50	0
408315#0	0	183847#70	0
408315#0	0	194419#24	0
408315#0	0	318949#69	1
408315#0	0	332322#13	0
408315#0	0	410798#24	0
408315#0	0	535727#14	0
408315#0	0	555962#39	0
408315#0	0	91826#1	1
4089933#0	0	1057563#19	0
4089933#0	0	1418777#12	0
4089933#0	0	1418777#13	0
4089933#0	0	1418777#15	0
4089933#0	0	1418777#8	1
4089933#0	0	1418777#9	1
4089933#0	0	14441029#7	0
4089933#0	0	3922787#25	0
4089933#0	0	5863249#10	0
4089933#0	0	7006834#28	0
4179606#0	0	11340#6	1
4179606#0	0	12790123#0	0
4179606#0	0	14649934#0	0
4179606#0	0	290798#0	0
4179606#0	0	648754#0	0
4179606#0	0	6563382#2	0
4179606#0	0	6690357#0	0
4179606#0	0	6690357#6	0
4179606#0	0	9258980#1	0
4179606#0	0	9573145#0	0
4207832#0	0	11385289#0	0
4207832#0	0	13917799#0	0
4207832#0	0	13917799#3	1
4207832#0	0	14362515#0	0
4207832#0	0	14480156#2	0
4207832#0	0	14675862#49	0
4207832#0	0	5887903#0	0
4207832#0	0	5887903#15	0
4207832#0	0	5887903#28	0
4207832#0	0	5887903#7	0
4250312#0	0	278629#0	0
4250312#0	0	3124452#1	0
4250312#0	0	3124452#15	0
4250312#0	0	3124452#16	0
4250312#0	0	3124452#23	0
4250312#0	0	3124452#24	0
4250312#0	0	3124452#25	0
4250312#0	0	3124452#6	0
4250312#0	0	380592#5	1
4250312#0	0	98274#16	0
4261255#0	0	10721217#15	0
4261255#0	0	12031389#1	0
4261255#0	0	12488315#2	0
4261255#0	0	14896#47	0
4261255#0	0	315445#2	0
4261255#0	0	4676195#38	0
4261255#0	0	645880#23	0
4261255#0	0	65492#1	0
4261255#0	0	809031#0	1
4261255#0	0	809934#31	0
4281603#0	0	123621#32	0
4281603#0	0	1436288#1	0
4281603#0	0	231178#4	0
4281603#0	0	299804#8	1
4281603#0	0	299804#9	1
4281603#0	0	4371637#4	1
4281603#0	0	499895#8	0
4281603#0	0	597361#19	0
4281603#0	0	6319698#10	0
4281603#0	0	930790#15	0
4314873#0	0	12568975#0	0
4314873#0	0	4612860#0	0
4314873#0	0	5059493#1	0
4314873#0	0	94490#0	1
4314873#0	0	94490#2	1
4314873#0	0	94490#41	0
4314873#0	0	94490#5	0
4314873#0	0	94490#52	0
4314873#0	0	94490#54	1
4314873#0	0	94490#6	0
4319733#0	0	1402598#8	0
4319733#0	0	20336#22	0
4319733#0	0	20336#5	1
4319733#0	0	2192725#76	0
4319733#0	0	2347489#7	1
4319733#0	0	6191590#8	0
4319733#0	0	72295#2	0
4319733#0	0	72295#7	0
4319733#0	0	72866#10	0
4319733#0	0	7519465#12	0
437194#0	0	5431175#0	1
437194#0	0	5431175#11	0
437194#0	0	5431175#16	0
437194#0	0	5431175#17	0
437194#0	0	5431175#18	0
437194#0	0	5431175#20	0
437194#0	0	5431175#3	0
437194#0	0	5431175#5	0
437194#0	0	5431175#7	1
437194#0	0	5431175#8	0
44128#0	0	11589533#2	0
44128#0	0	11857679#2	0
44128#0	0	1257782#16	0
44128#0	0	12778711#13	0
44128#0	0	1415127#19	0
44128#0	0	2596#24	1
44128#0	0	2596#38	0
44128#0	0	7314337#2	0
44128#0	0	753484#9	0
44128#0	0	815760#77	1
451371#0	0	1034890#1	0
451371#0	0	1251544#3	0
451371#0	0	14145403#7	0
451371#0	0	172070#1	0
451371#0	0	2976601#5	1
451371#0	0	4277880#1	0
451371#0	0	5965630#1	0
451371#0	0	78819#1	0
451371#0	0	89770#11	0
451371#0	0	89770#12	0
4527950#0	0	12432917#0	0
4527950#0	0	12690158#10	0
4527950#0	0	12690158#9	0
4527950#0	0	13695056#0	0
4527950#0	0	163134#15	0
4527950#0	0	3103242#0	0
4527950#0	0	325574#14	0
4527950#0	0	5692329#0	0
4527950#0	0	9285570#2	0
4527950#0	0	9504141#1	1
4580223#0	0	20748#2	0
4580223#0	0	270403#3	0
4580223#0	0	5463244#1	0
4580223#0	0	7773314#2	0
4580223#0	0	79118#0	1
4580223#0	0	79118#10	0
4580223#0	0	79118#25	0
4580223#0	0	79118#3	0
4580223#0	0	79118#4	0
4580223#0	0	8399370#5	0
4595290#0	0	12693548#5	0
4595290#0	0	221131#6	0
4595290#0	0	298920#42	0
4595290#0	0	5181#29	0
4595290#0	0	5181#49	0
4595290#0	0	5181#64	0
4595290#0	0	71168#54	0
4595290#0	0	71168#56	1
4595290#0	0	8503048#9	0
4595290#0	0	880#0	1
4610151#0	0	10308#75	0
4610151#0	0	14221#49	1
4610151#0	0	1542316#7	0
4610151#0	0	17767#134	0
4610151#0	0	2009#1	1
4610151#0	0	28819#3	0
4610151#0	0	4042575#3	0
4610151#0	0	4042575#6	0
4610151#0	0	623758#3	1
4610151#0	0	9971#1	0
4722675#0	0	1227994#16	0
4722675#0	0	176844#1	0
4722675#0	0	2023809#8	0
4722675#0	0	2679346#83	0
4722675#0	0	3231271#0	1
4722675#0	0	46#93	0
4722675#0	0	5171#25	0
4722675#0	0	733372#15	0
4722675#0	0	855559#15	0
4722675#0	0	855559#6	1
4736840#0	0	11000#0	1
4736840#0	0	11000#10	1
4736840#0	0	11000#11	0
4736840#0	0	11000#21	0
4736840#0	0	11000#23	0
4736840#0	0	11000#31	0
4736840#0	0	13599401#2	1
4736840#0	0	32562#11	0
4736840#0	0	41821#0	1
4736840#0	0	8073561#0	0
4753013#0	0	1086817#1	0
4753013#0	0	11074#31	0
4753013#0	0	11074#8	0
4753013#0	0	1424715#4	0
4753013#0	0	14628840#1	0
4753013#0	0	359305#1	0
4753013#0	0	3748203#29	0
4753013#0	0	6929433#11	0
4753013#0	0	7235769#9	0
4753013#0	0	977256#9	1
4755566#0	0	2466#0	1
4755566#0	0	2466#17	0
4755566#0	0	2466#2	0
4755566#0	0	2466#21	0
4755566#0	0	2466#22	0
4755566#0	0	2466#33	0
4755566#0	0	2466#35	0
4755566#0	0	2466#37	1
4755566#0	0	2466#45	1
4755566#0	0	2466#53	0
4835346#0	0	10764015#26	0
4835346#0	0	10764015#35	0
4835346#0	0	119019#66	0
4835346#0	0	1219912#75	0
4835346#0	0	13634964#12	0
4835346#0	0	1477#7	1
4835346#0	0	1494677#44	0
4835346#0	0	4193481#58	0
4835346#0	0	4438678#68	0
4835346#0	0	880432#39	0
493#0	0	1494781#3	0
493#0	0	24725#0	0
493#0	0	24725#11	0
493#0	0	24725#5	0
493#0	0	24725#6	0
493#0	0	3512780#8	0
493#0	0	3851163#1	0
493#0	0	4677190#10	0
493#0	0	525576#0	1
493#0	0	8558383#2	0
50035#0	0	1791345#1	0
50035#0	0	2724028#39	0
50035#0	0	2865104#3	0
50035#0	0	5354#30	0
50035#0	0	5354#39	1
50035#0	0	5354#40	1
50035#0	0	5354#47	1
50035#0	0	5354#51	0
50035#0	0	5354#52	0
50035#0	0	5354#54	0
5007078#0	0	1060112#18	0
5007078#0	0	1060112#27	0
5007078#0	0	11971402#0	0
5007078#0	0	187446#0	1
5007078#0	0	2065027#7	0
5007078#0	0	397368#1	0
5007078#0	0	397368#2	0
5007078#0	0	410945#12	0
5007078#0	0	6451046#7	0
5007078#0	0	961636#26	1
509979#0	0	13528477#14	0
509979#0	0	14047366#0	0
509979#0	0	171581#41	0
509979#0	0	171581#61	0
509979#0	0	173837#7	1
509979#0	0	5349064#116	0
509979#0	0	5349064#192	0
509979#0	0	5530841#319	0
509979#0	0	5530841#461	0
509979#0	0	6534992#4	0
5146123#0	0	13661619#0	0
5146123#0	0	13661619#1	0
5146123#0	0	13661619#17	0
5146123#0	0	13661619#4	0
5146123#0	0	13661619#9	0
5146123#0	0	422143#0	0
5146123#0	0	422143#1	1
5146123#0	0	422143#12	0
5146123#0	0	422143#13	0
5146123#0	0	422143#71	0
5171069#0	0	106962#0	0
5171069#0	0	106962#1	0
5171069#0	0	106962#18	0
5171069#0	0	106962#2	1
5171069#0	0	106962#5	0
5171069#0	0	106962#8	0
5171069#0	0	106962#9	0
5171069#0	0	10960324#5	1
5171069#0	0	1778543#5	0
5171069#0	0	675742#3	0
5213292#0	0	108792#4	0
5213292#0	0	1095#189	1
5213292#0	0	12036183#10	0
5213292#0	0	12833232#0	0
5213292#0	0	12833232#5	0
5213292#0	0	1861311#1	0
5213292#0	0	5167970#5	0
5213292#0	0	5332670#6	0
5213292#0	0	6663146#0	0
5213292#0	0	941986#3	0
522843#0	0	38841#1	1
522843#0	0	38841#2	0
522843#0	0	38841#3	0
522843#0	0	38841#31	0
522843#0	0	38841#46	0
522843#0	0	38841#5	0
522843#0	0	38841#52	0
522843#0	0	38841#66	0
522843#0	0	4911683#6	0
522843#0	0	5384378#7	0
5258020#0	0	1219912#99	1
5258020#0	0	347311#34	0
5258020#0	0	3973642#15	1
5258020#0	0	3973642#17	0
5258020#0	0	3973642#37	0
5258020#0	0	3973642#41	1
5258020#0	0	3973642#8	1
5258020#0	0	567484#52	0
5258020#0	0	781839#5	0
5258020#0	0	8589023#5	0
5267689#0	0	1214295#39	0
5267689#0	0	14821753#0	0
5267689#0	0	148347#52	0
5267689#0	0	2430057#158	0
5267689#0	0	643805#57	0
5267689#0	0	70883#73	0
5267689#0	0	7136#52	0
5267689#0	0	7136#78	1
5267689#0	0	7136#92	0
5267689#0	0	738990#9	1
532596#0	0	14096647#2	0
532596#0	0	182337#1	1
532596#0	0	29600#2	0
532596#0	0	29600#7	0
532596#0	0	3159645#2	0
532596#0	0	3159645#6	0
532596#0	0	3971005#0	0
532596#0	0	3971005#1	0
532596#0	0	3971005#8	0
532596#0	0	690943#24	0
540342#0	0	11483099#0	0
540342#0	0	12824428#3	0
540342#0	0	1544866#80	0
540342#0	0	45848#1	0
540342#0	0	45848#4	0
540342#0	0	45848#6	0
540342#0	0	45848#7	0
540342#0	0	833396#3	1
540342#0	0	833396#4	0
540342#0	0	8367686#0	0
5433447#0	0	14219412#0	0
5433447#0	0	218443#0	0
5433447#0	0	218443#15	0
5433447#0	0	4529639#5	0
5433447#0	0	4529884#0	0
5433447#0	0	4906125#6	0
5433447#0	0	5821324#3	0
5433447#0	0	62794#12	0
5433447#0	0	628182#0	1
5433447#0	0	7119559#0	0
5463209#0	0	13550167#0	0
5463209#0	0	13573931#0	0
5463209#0	0	176601#0	1
5463209#0	0	573080#0	0
5463209#0	0	651587#0	0
5463209#0	0	6928333#0	0
5463209#0	0	793506#0	0
5463209#0	0	84426#0	0
5463209#0	0	84426#1	0
5463209#0	0	84426#2	0
54734#0	0	248416#2	0
54734#0	0	2889432#4	0
54734#0	0	3526164#1	0
54734#0	0	3650272#48	0
54734#0	0	3949538#0	0
54734#0	0	3950983#0	0
54734#0	0	6766#2	1
54734#0	0	6766#43	0
54734#0	0	6766#45	0
54734#0	0	6766#47	0
5474655#0	0	142446#7	0
5474655#0	0	399065#4	0
5474655#0	0	6545#0	0
5474655#0	0	6545#12	0
5474655#0	0	6545#2	0
5474655#0	0	6545#38	0
5474655#0	0	6545#4	1
5474655#0	0	6545#7	0
5474655#0	0	6545#8	0
5474655#0	0	6917135#1	0
5504125#0	0	106428#2	1
5504125#0	0	131598#2	1
5504125#0	0	152737#123	0
5504125#0	0	159211#0	0
5504125#0	0	162940#118	0
5504125#0	0	2010#129	0
5504125#0	0	482722#2	0
5504125#0	0	842913#7	0
5504125#0	0	93033#78	0
5504125#0	0	93033#85	0
552919#0	0	280136#15	0
552919#0	0	280136#5	0
552919#0	0	283580#3	0
552919#0	0	493#81	1
552919#0	0	552919#0	0
552919#0	0	552919#1	0
552919#0	0	552919#2	0
552919#0	0	552919#3	0
552919#0	0	552919#4	0
552919#0	0	749853#18	0
558962#0	0	1293442#0	0
558962#0	0	134651#64	0
558962#0	0	220000#2	1
558962#0	0	3025715#0	1
558962#0	0	3025715#1	0
558962#0	0	3025715#28	0
558962#0	0	3025715#29	0
558962#0	0	35132#83	1
558962#0	0	42#129	1
558962#0	0	544663#5	0
5607241#0	0	11574018#0	0
5607241#0	0	13853489#1	0
5607241#0	0	13853489#2	1
5607241#0	0	13853489#6	0
5607241#0	0	312255#11	0
5607241#0	0	312255#21	0
5607241#0	0	312255#23	0
5607241#0	0	312255#6	0
5607241#0	0	3692250#0	1
5607241#0	0	6873881#23	0
5654887#0	0	165104#0	1
5654887#0	0	165104#1	0
5654887#0	0	165104#6	0
5654887#0	0	222070#1	0
5654887#0	0	222073#0	0
5654887#0	0	3502934#0	0
5654887#0	0	456945#0	0
5654887#0	0	7081585#0	0
5654887#0	0	7081586#0	0
5654887#0	0	9771218#0	0
5667064#0	0	4624131#0	0
5667064#0	0	5131634#0	0
5667064#0	0	54258#0	0
5667064#0	0	54258#2	1
5667064#0	0	54258#3	1
5667064#0	0	54258#4	1
5667064#0	0	603405#0	1
5667064#0	0	603476#2	0
5667064#0	0	603505#0	0
5667064#0	0	676597#1	0
5679379#0	0	10661834#1	0
5679379#0	0	301295#2	0
5679379#0	0	3998308#145	0
5679379#0	0	5016538#2	1
5679379#0	0	5016538#9	1
5679379#0	0	5734700#1	0
5679379#0	0	6528490#2	0
5679379#0	0	8338300#22	0
5679379#0	0	8520190#1	0
5679379#0	0	964635#0	1
569368#0	0	1207785#13	0
569368#0	0	1207785#3	0
569368#0	0	1207785#5	0
569368#0	0	1207785#6	0
569368#0	0	1210359#3	0
569368#0	0	15083#0	0
569368#0	0	181#199	1
569368#0	0	236432#7	0
569368#0	0	3009997#0	0
569368#0	0	7238237#0	0
5863137#0	0	12642#0	1
5863137#0	0	1488672#2	1
5863137#0	0	1888290#0	1
5863137#0	0	1997051#0	0
5863137#0	0	1997051#1	0
5863137#0	0	28527#0	0
5863137#0	0	28527#16	0
5863137#0	0	28527#38	0
5863137#0	0	4226159#0	0
5863137#0	0	7547#0	1
5891708#0	0	12349#7	0
5891708#0	0	1931491#11	0
5891708#0	0	1931491#14	1
5891708#0	0	1931491#8	0
5891708#0	0	4485266#80	0
5891708#0	0	5447020#11	0
5891708#0	0	606216#20	0
5891708#0	0	7450626#12	0
5891708#0	0	8686#5	0
5891708#0	0	8689#5	0
5942706#0	0	12205742#24	1
5942706#0	0	12336315#6	1
5942706#0	0	13409025#43	0
5942706#0	0	3493750#14	1
5942706#0	0	4446469#0	0
5942706#0	0	5329820#1	1
5942706#0	0	5329820#45	1
5942706#0	0	78221#20	1
5942706#0	0	9751726#1	0
5942706#0	0	9855982#11	0
6018261#0	0	10652228#6	0
6018261#0	0	10652228#8	0
6018261#0	0	1243#58	1
6018261#0	0	1243#60	0
6018261#0	0	21383#8	0
6018261#0	0	3625713#0	1
6018261#0	0	3625713#1	0
6018261#0	0	3625713#2	0
6018261#0	0	4032116#49	0
6018261#0	0	9815#0	0
6023506#0	0	10585651#11	0
6023506#0	0	10827271#1	0
6023506#0	0	13158203#2	0
6023506#0	0	13208101#136	0
6023506#0	0	13208101#48	0
6023506#0	0	13208101#51	0
6023506#0	0	13232714#18	0
6023506#0	0	13232714#8	1
6023506#0	0	3973093#34	0
6023506#0	0	96078#155	0
602504#0	0	10283239#0	0
602504#0	0	10283239#4	0
602504#0	0	10291163#0	0
602504#0	0	115018#0	1
602504#0	0	115018#14	0
602504#0	0	115018#3	0
602504#0	0	12727915#0	0
602504#0	0	1640762#0	0
602504#0	0	6560721#0	0
602504#0	0	746037#0	0
6115280#0	0	10096609#1	0
6115280#0	0	1015233#0	1
6115280#0	0	2983011#0	0
6115280#0	0	4270215#5	0
6115280#0	0	4600701#0	0
6115280#0	0	4600701#8	0
6115280#0	0	4986#0	1
6115280#0	0	4986#22	0
6115280#0	0	4986#24	0
6115280#0	0	7814578#3	0
6118103#0	0	2090#12	1
6118103#0	0	2090#15	0
6118103#0	0	2090#20	0
6118103#0	0	2090#39	1
6118103#0	0	214574#9	0
6118103#0	0	3028510#103	1
6118103#0	0	362052#46	0
6118103#0	0	409471#8	0
6118103#0	0	6474651#0	0
6118103#0	0	9576442#25	0
6155446#0	0	14038181#7	0
6155446#0	0	50030#1	1
6155446#0	0	50030#13	0
6155446#0	0	50030#20	0
6155446#0	0	50030#27	0
6155446#0	0	50030#3	1
6155446#0	0	50030#4	0
6155446#0	0	50030#6	0
6155446#0	0	50030#7	0
6155446#0	0	8215234#7	0
6242661#0	0	12812097#1	0
6242661#0	0	3018#29	0
6242661#0	0	40511#16	0
6242661#0	0	4341355#0	1
6242661#0	0	4341355#8	0
6242661#0	0	49436#7	0
6242661#0	0	5956370#13	1
6242661#0	0	65514#5	0
6242661#0	0	8403487#1	0
6242661#0	0	9554612#18	0
6262343#0	0	1073138#0	0
6262343#0	0	135910#2	0
6262343#0	0	32241#19	0
6262343#0	0	32241#3	1
6262343#0	0	32241#51	0
6262343#0	0	32241#6	0
6262343#0	0	32241#7	0
6262343#0	0	32241#9	0
6262343#0	0	3334709#1	0
6262343#0	0	9252475#6	0
6276354#0	0	10298#18	0
6276354#0	0	11854#35	0
6276354#0	0	1848#24	0
6276354#0	0	4169104#10	0
6276354#0	0	4677547#4	0
6276354#0	0	5151537#0	0
6276354#0	0	5741917#0	0
6276354#0	0	7452072#6	1
6276354#0	0	918312#2	0
6276354#0	0	9507159#3	1
6281254#0	0	98348#0	1
6281254#0	0	98348#10	0
6281254#0	0	98348#19	0
6281254#0	0	98348#31	0
6281254#0	0	98348#32	0
6281254#0	0	98348#35	0
6281254#0	0	98348#39	0
6281254#0	0	98348#50	0
6281254#0	0	98348#68	0
6281254#0	0	98348#9	0
629157#0	0	10906474#1	0
629157#0	0	11774068#10	0
629157#0	0	1367#56	0
629157#0	0	1367#57	0
629157#0	0	1367#58	0
629157#0	0	13764001#8	0
629157#0	0	164899#8	0
629157#0	0	224202#0	1
629157#0	0	6000752#4	0
629157#0	0	7834379#0	0
6314479#0	0	12090053#20	0
6314479#0	0	12090984#7	0
6314479#0	0	2785953#2	0
6314479#0	0	5994421#1	1
6314479#0	0	6314479#0	0
6314479#0	0	6711673#6	0
6314479#0	0	703009#31	0
6314479#0	0	7583#61	0
6314479#0	0	851783#5	0
6314479#0	0	851783#6	0
6322768#0	0	113565#4	0
6322768#0	0	1638761#72	0
6322768#0	0	2742#17	0
6322768#0	0	3900581#1	0
6322768#0	0	3921404#87	0
6322768#0	0	4920#37	0
6322768#0	0	4920#46	0
6322768#0	0	6586564#12	0
6322768#0	0	6707976#5	0
6322768#0	0	6713423#6	1
6348184#0	0	1106#22	0
6348184#0	0	13689733#1	0
6348184#0	0	14146481#1	0
6348184#0	0	1585363#7	0
6348184#0	0	1750#14	1
6348184#0	0	2837200#7	0
6348184#0	0	429503#38	0
6348184#0	0	4752661#22	0
6348184#0	0	7914566#1	0
6348184#0	0	8627#28	0
6355863#0	0	10732991#1	0
6355863#0	0	11340#70	0
6355863#0	0	383488#4	0
6355863#0	0	4410166#12	0
6355863#0	0	471897#3	0
6355863#0	0	5138750#8	0
6355863#0	0	57617#7	0
6355863#0	0	644861#8	1
6355863#0	0	7745525#0	1
6355863#0	0	7809381#1	0
6356935#0	0	1080063#10	0
6356935#0	0	13315157#1	0
6356935#0	0	192079#32	0
6356935#0	0	26605#12	1
6356935#0	0	3517059#3	0
6356935#0	0	4174889#19	0
6356935#0	0	4174889#20	0
6356935#0	0	659984#3	1
6356935#0	0	8160455#1	0
6356935#0	0	928502#9	0
6357704#0	0	13139323#15	1
6357704#0	0	13139323#49	0
6357704#0	0	32163#23	0
6357704#0	0	4599682#0	0
6357704#0	0	4599682#10	0
6357704#0	0	4599682#11	0
6357704#0	0	4599682#3	0
6357704#0	0	4599682#5	1
6357704#0	0	6450683#0	0
6357704#0	0	8978214#2	0
6388816#0	0	14347113#2	0
6388816#0	0	1460826#4	0
6388816#0	0	198193#0	1
6388816#0	0	471897#3	0
6388816#0	0	53869#7	0
6388816#0	0	6052743#0	0
6388816#0	0	664526#0	0
6388816#0	0	678394#2	0
6388816#0	0	699764#1	0
6388816#0	0	8523654#3	0
6394085#0	0	10123357#0	0
6394085#0	0	14589893#1	0
6394085#0	0	1589730#6	1
6394085#0	0	27565#44	0
6394085#0	0	5587819#3	0
6394085#0	0	64#49	0
6394085#0	0	6411493#2	0
6394085#0	0	6809408#1	1
6394085#0	0	8731660#3	0
6394085#0	0	97560#11	0
6397737#0	0	100687#0	0
6397737#0	0	100687#1	0
6397737#0	0	100687#2	0
6397737#0	0	14520#66	0
6397737#0	0	1474462#95	1
6397737#0	0	2937417#0	0
6397737#0	0	314801#0	0
6397737#0	0	4741865#0	0
6397737#0	0	5894157#0	0
6397737#0	0	6365960#0	0
6429267#0	0	1695096#7	0
6429267#0	0	4116244#0	0
6429267#0	0	6429267#0	1
6429267#0	0	6429267#2	1
6429267#0	0	6429267#4	1
6429267#0	0	6429267#5	0
6429267#0	0	7138510#3	0
6429267#0	0	9671809#0	0
6429267#0	0	9672134#0	0
6429267#0	0	980884#17	0
6439047#0	0	11671722#76	0
6439047#0	0	1443#28	0
6439047#0	0	14641953#4	0
6439047#0	0	15737#28	1
6439047#0	0	5548162#2	0
6439047#0	0	5729124#8	0
6439047#0	0	606054#7	0
6439047#0	0	6288749#15	0
6439047#0	0	6350585#1	1
6439047#0	0	947596#19	0
6508805#0	0	1029421#18	0
6508805#0	0	1029421#5	0
6508805#0	0	10592044#5	0
6508805#0	0	12707449#6	1
6508805#0	0	1366073#12	0
6508805#0	0	402945#0	0
6508805#0	0	4342062#0	0
6508805#0	0	4525907#110	0
6508805#0	0	4870266#2	1
6508805#0	0	90620#1	0
654311#0	0	1404395#12	0
654311#0	0	14588675#6	0
654311#0	0	1616851#10	0
654311#0	0	415127#11	0
654311#0	0	7215904#5	0
654311#0	0	788857#2	0
654311#0	0	8712940#14	0
654311#0	0	8712940#167	0
654311#0	0	8712940#54	0
654311#0	0	8712940#9	1
6556824#0	0	14778749#1	0
6556824#0	0	320718#37	0
6556824#0	0	320718#39	0
6556824#0	0	379439#10	1
6556824#0	0	40949#13	0
6556824#0	0	40949#5	1
6556824#0	0	40949#6	1
6556824#0	0	40964#18	0
6556824#0	0	40964#8	1
6556824#0	0	60614#3	0
6674661#0	0	11035153#0	0
6674661#0	0	13634145#13	1
6674661#0	0	2065679#0	0
6674661#0	0	56224#11	0
6674661#0	0	869532#0	1
6674661#0	0	869532#1	0
6674661#0	0	869532#3	0
6674661#0	0	869532#4	1
6674661#0	0	869532#5	0
6674661#0	0	871723#10	1
6693107#0	0	10818440#0	0
6693107#0	0	1143294#11	0
6693107#0	0	239989#35	0
6693107#0	0	6089648#0	0
6693107#0	0	65606#0	1
6693107#0	0	65606#10	1
6693107#0	0	664525#0	0
6693107#0	0	7042381#0	0
6693107#0	0	8425754#0	0
6693107#0	0	8425755#0	0
6694480#0	0	10616587#2	0
6694480#0	0	12782559#11	1
6694480#0	0	201702#4	1
6694480#0	0	5473427#8	0
6694480#0	0	5695401#2	0
6694480#0	0	635862#13	0
6694480#0	0	6700#4	0
6694480#0	0	6700#61	0
6694480#0	0	6700#64	0
6694480#0	0	866260#22	0
6751483#0	0	962255#0	0
6751483#0	0	962255#10	0
6751483#0	0	962255#111	0
6751483#0	0	962255#137	1
6751483#0	0	962255#15	0
6751483#0	0	962255#5	0
6751483#0	0	962255#54	0
6751483#0	0	962255#8	1
6751483#0	0	962255#86	0
6751483#0	0	962255#9	0
6776450#0	0	1253#344	0
6776450#0	0	2447726#0	0
6776450#0	0	25366#82	1
6776450#0	0	3451678#8	0
6776450#0	0	3451678#9	0
6776450#0	0	373915#23	0
6776450#0	0	40905#19	0
6776450#0	0	4884881#1	0
6776450#0	0	956774#3	0
6776450#0	0	9901990#2	0
6810034#0	0	1061720#8	0
6810034#0	0	15890#1	1
6810034#0	0	15890#17	0
6810034#0	0	15890#83	1
6810034#0	0	15890#92	1
6810034#0	0	2474331#79	1
6810034#0	0	5764133#5	0
6810034#0	0	5961881#4	0
6810034#0	0	7608897#15	0
6810034#0	0	955775#41	0
6856580#0	0	26552#17	0
6856580#0	0	2702287#37	0
6856580#0	0	648191#33	1
6856580#0	0	648191#34	0
6856580#0	0	9056936#0	1
6856580#0	0	9056936#1	0
6856580#0	0	9056936#4	1
6856580#0	0	9056936#61	1
6856580#0	0	9056936#63	0
6856580#0	0	9056936#9	0
691975#0	0	102329#8	0
691975#0	0	1413550#22	1
691975#0	0	1413550#26	1
691975#0	0	691903#0	1
691975#0	0	691903#1	1
691975#0	0	691903#10	0
691975#0	0	691903#15	0
691975#0	0	691903#16	0
691975#0	0	691903#3	0
691975#0	0	6929831#1	1
6921537#0	0	1073676#0	0
6921537#0	0	1073676#2	0
6921537#0	0	11544805#0	1
6921537#0	0	13619092#32	0
6921537#0	0	2038038#0	0
6921537#0	0	2038038#20	0
6921537#0	0	2038038#21	0
6921537#0	0	2195433#0	0
6921537#0	0	5266140#4	0
6921537#0	0	7178865#4	0
6922253#0	0	10699071#3	0
6922253#0	0	169500#39	0
6922253#0	0	3663196#1	1
6922253#0	0	6922097#0	1
6922253#0	0	6922097#4	1
6922253#0	0	6922097#5	1
6922253#0	0	6922097#6	0
6922253#0	0	6922097#9	0
6922253#0	0	6922253#0	0
6922253#0	0	6922253#5	0
6934780#0	0	2466528#0	0
6934780#0	0	3574751#12	0
6934780#0	0	3574751#16	0
6934780#0	0	394034#1	1
6934780#0	0	394034#15	0
6934780#0	0	394034#3	1
6934780#0	0	394034#5	0
6934780#0	0	7644346#0	0
6934780#0	0	9554904#0	0
6934780#0	0	95832#14	0
69949#0	0	208858#0	0
69949#0	0	208858#12	0
69949#0	0	208858#13	0
69949#0	0	208858#14	0
69949#0	0	208858#2	0
69949#0	0	208858#3	0
69949#0	0	208858#9	0
69949#0	0	796398#0	0
69949#0	0	869766#0	0
69949#0	0	869766#5	1
7072038#0	0	113768#0	0
7072038#0	0	11590609#1	0
7072038#0	0	1463736#27	0
7072038#0	0	181451#0	0
7072038#0	0	1964145#0	0
7072038#0	0	3035460#13	0
7072038#0	0	319399#3	0
7072038#0	0	5080125#0	0
7072038#0	0	6845#0	1
7072038#0	0	6845#11	0
7085477#0	0	11632584#0	0
7085477#0	0	14069231#2	0
7085477#0	0	2268565#3	1
7085477#0	0	2268565#6	0
7085477#0	0	3022692#5	0
7085477#0	0	624292#0	1
7085477#0	0	624292#1	0
7085477#0	0	624292#12	0
7085477#0	0	624292#16	0
7085477#0	0	6843040#2	0
7092935#0	0	1133805#1	0
7092935#0	0	1133805#2	1
7092935#0	0	12546#34	0
7092935#0	0	2914106#13	0
7092935#0	0	2914106#23	0
7092935#0	0	2914106#36	0
7092935#0	0	2914106#40	0
7092935#0	0	2914106#41	0
7092935#0	0	470872#56	0
7092935#0	0	942803#51	0
713763#0	0	11572505#3	0
713763#0	0	12696676#1	0
713763#0	0	1270058#2	0
713763#0	0	2511#0	0
713763#0	0	3157014#0	1
713763#0	0	3157014#1	1
713763#0	0	3157014#2	0
713763#0	0	3157014#25	0
713763#0	0	3157014#81	0
713763#0	0	324110#33	1
7216728#0	0	1062153#18	1
7216728#0	0	1062153#8	0
7216728#0	0	1477#6	1
7216728#0	0	180034#32	0
7216728#0	0	21362#25	0
7216728#0	0	272306#28	0
7216728#0	0	3460281#21	1
7216728#0	0	3704194#0	0
7216728#0	0	77273#8	0
7216728#0	0	9647332#8	0
7259667#0	0	1133445#1	0
7259667#0	0	1194348#4	1
7259667#0	0	1227994#13	0
7259667#0	0	158872#3	0
7259667#0	0	205788#1	0
7259667#0	0	205788#3	0
7259667#0	0	356774#35	0
7259667#0	0	3739410#1	0
7259667#0	0	46#4	0
7259667#0	0	7938646#1	0
7361532#0	0	100385#21	1
7361532#0	0	100385#5	1
7361532#0	0	100385#6	0
7361532#0	0	3216242#1	0
7361532#0	0	3610464#1	0
7361532#0	0	367815#18	0
7361532#0	0	396227#37	0
7361532#0	0	604864#3	0
7361532#0	0	6888324#3	1
7361532#0	0	7438291#14	0
7449695#0	0	11777918#5	0
7449695#0	0	11800242#0	0
7449695#0	0	1750#10	0
7449695#0	0	1750#17	0
7449695#0	0	1750#4	0
7449695#0	0	1750#8	1
7449695#0	0	797115#17	0
7449695#0	0	8536477#1	0
7449695#0	0	8627#28	1
7449695#0	0	8865717#6	0
74541#0	0	106727#6	0
74541#0	0	11285#3	0
74541#0	0	12489050#10	0
74541#0	0	1322298#42	1
74541#0	0	239529#1	0
74541#0	0	239989#24	0
74541#0	0	277629#3	1
74541#0	0	4709#60	0
74541#0	0	4984027#3	0
74541#0	0	74814#12	1
753640#0	0	1372281#2	0
753640#0	0	140469#0	1
753640#0	0	140486#0	0
753640#0	0	140486#1	0
753640#0	0	140486#3	0
753640#0	0	140486#5	0
753640#0	0	140516#0	1
753640#0	0	14257622#16	0
753640#0	0	3558904#8	0
753640#0	0	855635#5	0
754711#0	0	3390280#19	0
754711#0	0	4229573#1	0
754711#0	0	4229573#5	1
754711#0	0	4229573#54	0
754711#0	0	4229573#67	0
754711#0	0	4229573#72	0
754711#0	0	4229573#78	0
754711#0	0	4229573#81	1
754711#0	0	4229573#82	1
754711#0	0	4860771#1	0
7583855#0	0	1412130#0	0
7583855#0	0	1412130#17	1
7583855#0	0	1412130#19	0
7583855#0	0	1412130#2	0
7583855#0	0	1412130#4	0
7583855#0	0	1412130#6	1
7583855#0	0	1412130#7	0
7583855#0	0	1412130#8	1
7583855#0	0	1412130#9	0
7583855#0	0	15353#83	0
76589#0	0	126353#0	1
76589#0	0	126353#1	0
76589#0	0	126353#11	0
76589#0	0	126353#3	0
76589#0	0	126353#5	0
76589#0	0	126353#8	0
76589#0	0	1320041#56	0
76589#0	0	154034#10	1
76589#0	0	840594#38	0
76589#0	0	855926#8	0
7683999#0	0	13944740#0	0
7683999#0	0	22199#1	1
7683999#0	0	22483#0	0
7683999#0	0	2685233#0	1
7683999#0	0	2685233#27	0
7683999#0	0	2685233#28	0
7683999#0	0	2685233#4	0
7683999#0	0	29864#1	0
7683999#0	0	29864#4	0
7683999#0	0	7182436#161	0
7694826#0	0	175235#2	0
7694826#0	0	175235#29	1
7694826#0	0	175235#68	0
7694826#0	0	2796257#1	0
7694826#0	0	2796257#3	0
7694826#0	0	2796257#4	0
7694826#0	0	6528919#0	0
7694826#0	0	794#0	0
7694826#0	0	794#11	0
7694826#0	0	794#8	1
77027#0	0	12156236#0	0
77027#0	0	12156236#1	1
77027#0	0	12156236#2	0
77027#0	0	12156236#8	0
77027#0	0	12156236#9	0
77027#0	0	909793#0	0
77027#0	0	909793#13	0
77027#0	0	909793#14	0
77027#0	0	909793#5	0
77027#0	0	9455418#7	0
782212#0	0	1705150#0	1
782212#0	0	1705150#1	0
782212#0	0	40721#0	1
782212#0	0	40721#7	0
782212#0	0	40721#8	0
782212#0	0	4264024#1	0
782212#0	0	4264024#4	0
782212#0	0	5797938#0	1
782212#0	0	7130678#5	1
782212#0	0	8614872#1	1
7877933#0	0	125316#0	0
7877933#0	0	13792382#0	0
7877933#0	0	3273643#0	0
7877933#0	0	3560527#0	1
7877933#0	0	3711583#0	0
7877933#0	0	4353566#0	1
7877933#0	0	4353566#1	0
7877933#0	0	4353566#2	1
7877933#0	0	4353566#3	0
7877933#0	0	4906347#0	0
7995298#0	0	111721#39	0
7995298#0	0	2010029#22	0
7995298#0	0	204699#24	0
7995298#0	0	204699#41	0
7995298#0	0	2067931#0	1
7995298#0	0	2067931#10	0
7995298#0	0	2067931#32	0
7995298#0	0	2067931#58	0
7995298#0	0	923163#16	1
7995298#0	0	9891956#78	0
8053579#0	0	10192180#17	1
8053579#0	0	1290386#0	0
8053579#0	0	1290386#10	0
8053579#0	0	13522657#28	0
8053579#0	0	162016#8	0
8053579#0	0	211160#15	0
8053579#0	0	2925104#0	0
8053579#0	0	3156#21	1
8053579#0	0	6549963#2	0
8053579#0	0	66876#2	0
8054180#0	0	114896#27	0
8054180#0	0	114896#29	1
8054180#0	0	114896#73	0
8054180#0	0	254943#68	0
8054180#0	0	3196065#1	0
8054180#0	0	645959#1	0
8054180#0	0	645959#7	0
8054180#0	0	7365706#4	0
8054180#0	0	7433366#5	0
8054180#0	0	98274#62	0
8113528#0	0	11062098#0	0
8113528#0	0	1138008#0	1
8113528#0	0	12996858#16	0
8113528#0	0	13790448#0	0
8113528#0	0	13792356#0	0
8113528#0	0	13792382#0	0
8113528#0	0	14257332#0	0
8113528#0	0	14257341#0	0
8113528#0	0	14257352#0	0
8113528#0	0	664499#0	0
8149505#0	0	1530185#2	0
8149505#0	0	260977#22	0
8149505#0	0	3302718#12	0
8149505#0	0	3302718#23	0
8149505#0	0	3302718#30	0
8149505#0	0	3302718#57	0
8149505#0	0	436774#4	1
8149505#0	0	508021#10	0
8149505#0	0	508021#8	0
8149505#0	0	5248097#0	0
821265#0	0	27504#88	1
821265#0	0	27504#89	0
821265#0	0	27504#92	0
821265#0	0	357335#31	0
821265#0	0	76006#97	0
821265#0	0	920894#22	1
821265#0	0	920894#31	1
821265#0	0	920894#33	0
821265#0	0	920894#46	0
821265#0	0	920894#49	0
8429381#0	0	267384#11	0
8429381#0	0	267384#8	0
8429381#0	0	267384#9	1
8429381#0	0	2767460#0	0
8429381#0	0	2767460#10	0
8429381#0	0	2767460#6	0
8429381#0	0	2767460#7	1
8429381#0	0	2839719#2	1
8429381#0	0	792818#4	0
8429381#0	0	8429381#0	0
847197#0	0	1298023#21	0
847197#0	0	1298023#5	0
847197#0	0	391804#0	0
847197#0	0	391804#24	0
847197#0	0	391804#39	1
847197#0	0	391804#41	1
847197#0	0	391804#46	1
847197#0	0	391804#5	0
847197#0	0	411502#2	0
847197#0	0	5592238#0	0
8491191#0	0	12059618#3	0
8491191#0	0	12059618#4	0
8491191#0	0	12059618#7	1
8491191#0	0	12059618#8	0
8491191#0	0	12143514#0	0
8491191#0	0	13695617#1	0
8491191#0	0	1474862#1	0
8491191#0	0	6533194#0	0
8491191#0	0	872860#13	0
8491191#0	0	988022#1	0
8538194#0	0	10528146#25	0
8538194#0	0	10591688#0	1
8538194#0	0	12367757#3	1
8538194#0	0	1642413#38	0
8538194#0	0	180465#39	0
8538194#0	0	3160638#0	0
8538194#0	0	4757006#34	0
8538194#0	0	4757006#42	0
8538194#0	0	4757006#64	0
8538194#0	0	6687822#41	0
8710911#0	0	4599198#1	0
8710911#0	0	5010450#7	0
8710911#0	0	6816730#0	0
8710911#0	0	78625#0	0
8710911#0	0	78625#1	1
8710911#0	0	78625#19	0
8710911#0	0	78625#20	0
8710911#0	0	78625#27	0
8710911#0	0	78625#28	0
8710911#0	0	78625#33	0
8715051#0	0	106007#1	0
8715051#0	0	1236097#6	0
8715051#0	0	1267478#15	0
8715051#0	0	1356568#5	0
8715051#0	0	1737980#4	0
8715051#0	0	1834312#2	0
8715051#0	0	3571747#0	1
8715051#0	0	6405640#4	0
8715051#0	0	86482#22	1
8715051#0	0	8773970#8	0
8960027#0	0	1092329#2	0
8960027#0	0	153936#0	0
8960027#0	0	153936#36	0
8960027#0	0	153936#40	0
8960027#0	0	153936#41	0
8960027#0	0	153936#5	0
8960027#0	0	153936#59	0
8960027#0	0	153936#62	0
8960027#0	0	153936#69	0
8960027#0	0	8563325#42	1
903819#0	0	11862#32	1
903819#0	0	4796904#1	0
903819#0	0	50229#24	0
903819#0	0	51450#0	1
903819#0	0	51450#1	0
903819#0	0	51450#2	0
903819#0	0	51450#5	0
903819#0	0	803660#0	1
903819#0	0	803660#2	0
903819#0	0	965811#52	0
9119914#0	0	149250#5	0
9119914#0	0	1780759#2	1
9119914#0	0	2026412#0	1
9119914#0	0	2026412#4	0
9119914#0	0	2026412#5	1
9119914#0	0	2026412#6	0
9119914#0	0	5592032#199	0
9119914#0	0	76316#12	0
9119914#0	0	76316#24	0
9119914#0	0	76316#42	0
920008#0	0	12524473#1	0
920008#0	0	13015665#3	0
920008#0	0	301121#6	1
920008#0	0	349303#5	0
920008#0	0	3537253#2	0
920008#0	0	630081#29	0
920008#0	0	92827#0	0
920008#0	0	92827#26	1
920008#0	0	92827#51	0
920008#0	0	92827#54	0
9205643#0	0	11965734#0	0
9205643#0	0	13834960#20	0
9205643#0	0	5343500#6	0
9205643#0	0	9475679#11	1
9205643#0	0	9475679#21	0
9205643#0	0	9475679#27	0
9205643#0	0	9475679#3	0
9205643#0	0	9475679#30	0
9205643#0	0	9475679#4	0
9205643#0	0	9475679#9	0
9218#0	0	10950572#0	0
9218#0	0	151941#0	0
9218#0	0	1778797#0	0
9218#0	0	4164058#0	0
9218#0	0	53368#0	1
9218#0	0	53368#4	0
9218#0	0	53368#5	0
9218#0	0	643234#0	0
9218#0	0	6465232#1	0
9218#0	0	6465232#41	0
9273534#0	0	10820045#10	0
9273534#0	0	10955858#4	0
9273534#0	0	11319997#8	1
9273534#0	0	11820#5	0
9273534#0	0	1735264#1	0
9273534#0	0	2007433#3	0
9273534#0	0	4722069#18	0
9273534#0	0	5537905#5	0
9273534#0	0	86320#52	0
9273534#0	0	9213465#2	0
9381835#0	0	11302019#4	1
9381835#0	0	27628#44	0
9381835#0	0	3601835#1	0
9381835#0	0	54603#4	1
9381835#0	0	87417#12	0
9381835#0	0	87417#32	0
9381835#0	0	87417#50	0
9381835#0	0	87417#7	0
9381835#0	0	87417#8	0
9381835#0	0	917641#10	0
942628#0	0	13432289#1	0
942628#0	0	13945610#5	0
942628#0	0	1622#5	0
942628#0	0	1622#8	1
942628#0	0	1622#9	0
942628#0	0	17218#1	0
942628#0	0	4845817#0	0
942628#0	0	6307761#4	0
942628#0	0	671050#4	0
942628#0	0	7564526#7	0
9577314#0	0	10194535#0	0
9577314#0	0	1060961#15	0
9577314#0	0	13703887#1	0
9577314#0	0	1407#5	0
9577314#0	0	690690#18	0
9577314#0	0	7823007#15	0
9577314#0	0	7823007#17	0
9577314#0	0	7823007#18	0
9577314#0	0	7823007#2	1
9577314#0	0	9242512#16	0
9593046#0	0	11306195#5	0
9593046#0	0	4138243#12	0
9593046#0	0	9454680#0	1
9593046#0	0	9454680#1	0
9593046#0	0	9454680#2	0
9593046#0	0	9454680#3	0
9593046#0	0	9454680#4	0
9593046#0	0	9454680#5	0
9593046#0	0	9454680#6	0
9593046#0	0	994878#0	0
9619749#0	0	1004264#26	0
9619749#0	0	1210966#20	0
9619749#0	0	12575951#0	0
9619749#0	0	15761#66	0
9619749#0	0	1796010#2	1
9619749#0	0	28506#8	0
9619749#0	0	323700#7	0
9619749#0	0	670239#36	0
9619749#0	0	978470#2	0
9619749#0	0	978470#30	0
968277#0	0	1099543#0	0
968277#0	0	1545358#0	0
968277#0	0	1617880#0	0
968277#0	0	196373#0	0
968277#0	0	196373#1	0
968277#0	0	2968338#0	0
968277#0	0	8170043#0	0
968277#0	0	896127#33	1
968277#0	0	960722#0	1
968277#0	0	960722#1	0
9684594#0	0	11145927#2	0
9684594#0	0	126510#1	1
9684594#0	0	1776#11	0
9684594#0	0	1776#38	0
9684594#0	0	1776#9	0
9684594#0	0	1790#3	0
9684594#0	0	3974040#10	1
9684594#0	0	412720#22	0
9684594#0	0	4804589#5	0
9684594#0	0	651984#11	0
9698991#0	0	11099638#2	0
9698991#0	0	1149807#1	1
9698991#0	0	1149807#43	0
9698991#0	0	13955164#0	0
9698991#0	0	188368#24	0
9698991#0	0	4112542#25	0
9698991#0	0	70310#10	0
9698991#0	0	822138#37	0
9698991#0	0	822138#60	0
9698991#0	0	9770372#7	0
9731529#0	0	10051349#0	1
9731529#0	0	10051349#2	0
9731529#0	0	10053026#0	1
9731529#0	0	204918#29	0
9731529#0	0	205408#19	0
9731529#0	0	3208693#6	0
9731529#0	0	3553316#2	1
9731529#0	0	3553316#30	0
9731529#0	0	5094533#0	0
9731529#0	0	7239818#0	0
9794972#0	0	13853489#0	0
9794972#0	0	13853489#1	1
9794972#0	0	13853489#2	0
9794972#0	0	13853489#3	0
9794972#0	0	13853489#4	0
9794972#0	0	13853489#5	0
9794972#0	0	13853489#6	0
9794972#0	0	13853489#7	0
9794972#0	0	13853489#8	0
9794972#0	0	13853489#9	0
985599#0	0	11181004#1	1
985599#0	0	1425668#39	0
985599#0	0	14372144#1	0
985599#0	0	148735#32	0
985599#0	0	148735#64	0
985599#0	0	356106#2	0
985599#0	0	406#1	1
985599#0	0	406#3	1
985599#0	0	406#34	0
985599#0	0	5040572#0	0
9889566#0	0	12194973#3	0
9889566#0	0	1318524#3	1
9889566#0	0	3004819#20	0
9889566#0	0	3640465#9	0
9889566#0	0	5578323#0	0
9889566#0	0	5578323#1	0
9889566#0	0	5578323#2	0
9889566#0	0	659116#45	0
9889566#0	0	67115#35	0
9889566#0	0	9505640#45	0
9970463#0	0	1066881#4	0
9970463#0	0	12049371#2	0
9970463#0	0	1246158#9	1
9970463#0	0	1270590#7	0
9970463#0	0	1525862#48	0
9970463#0	0	292995#6	1
9970463#0	0	3179566#16	0
9970463#0	0	405061#4	0
9970463#0	0	4542505#71	0
9970463#0	0	936867#66	0
