10037625#0	Quels sont les coefficients de Fresnel?
10041885#0	Quelles sont les caractéristiques du mouvement néo-dada?
10061830#0	De quoi est responsable l'hémisphère droit du cerveau?
1039797#0	Qui est le fondateur de la géophysique?
10579479#0	Combien y a-t-il d'éléments chimiques au total?
10661819#0	Quel est le plus haut sommet en Azerbaïdjan?
1066615#0	Qui est le pilote automobile de Formule 1 le plus jeune au monde?
1070690#0	Qui est le mathématicien le plus célèbre au monde?
1073447#0	Qui est responsable de la publication des normes ISO/CEI?
10753261#0	Qu’est-ce que c’est un référendum?
10785018#0	Qui est l’auteur de la série télévisée Friend?
10815736#0	Quels sont les bienfaits des vaccins?
10892185#0	Quelles religions pratique-t-on à Hong Kong?
109388#0	Quels types de souris sont utilisés dans les laboratoires?
1094060#0	Quelles sont les méthodes de production de l'électricité?
1097013#0	Qui a été le premier cycliste à avoir remporté le Tour de France?
11070730#0	Quand a été créé le titre du duc de Leuchtenberg?
11146204#0	Quels sont les symboles religieux en islam?
11160547#0	Quel est le degré d’alcool de la Chartreuse?
11208865#0	Où se trouve le royaume de Dyfed?
112209#0	Quels sont les championnats de cyclisme les plus importants?
11233339#0	Quels tribus vivent dans la région Nord-du-Québec?
1128873#0	Qui est le premier ministre du Nouveau Brunswick en 2022?
1129984#0	Quels sont les axiomes en mathématiques les plus importants?
11325001#0	Qui est Paul Cezanne?
11353431#0	Quels types d’ordres existent-ils?
11409185#0	Quels sont les points principaux de droit international?
11487198#0	Comment mesurer l’amplitude?
11582911#0	Quand s’est déroulée la Première Guerre mondiale?
11604805#0	Qui possède l’arme nucléaire?
11644413#0	Quels sont les pays arctiques?
1166396#0	Quel est le climat en Wisconsin?
11723021#0	Quand a été fondée la NFL?
11806555#0	Quels sont les bienfaits de la musique sur le cerveau?
11854231#0	Quelles sont les croyances de jésuites?
11854580#0	Quel est le plus grand pétrolier du monde aujourd’hui?
11879884#0	Quelle est l’orbite de Phobos?
11880099#0	Quel est le nom du premier astéroïde découvert?
11880406#0	Comment sont créés les astéroïdes?
11881175#0	Quelles sont les exigences pour qu'un objet soit classé comme une planète?
11882419#0	Combien de satellites a le Neptune?
11892621#0	Quelle est l'orbite de la Terre?
12027774#0	Quel est le salaire d’un chauffeur?
12060767#0	Combien de branches y a-t-il dans le domaine de l'économie?
12075675#0	Quelle est la philosophie de Kierkegaard?
12233027#0	Comment s’appelle la femme de Pablo Picasso?
1225093#0	Quelle est l'origine du jazz?
12353155#0	Quelles sont les villes les plus peuplées en Nouvelle-Calédonie?
12365764#0	Comment devenir un commissaire?
12545#0	Qui est l'architecte des pyramides en Égypte?
1257411#0	Quel est le sport le plus joué aux États-Unis?
12582664#0	Quelle est la différence entre un archevêque et un évêque?
1260128#0	Quand les premiers Oscars ont-ils eu lieu?
1262567#0	Qu’est-ce qu’on fait avec un planeur?
1263076#0	Qui est le chef du Parti Social Chrétien en Belgique?
12633900#0	Que signifie un dolmen?
12672384#0	Quel est le meilleur matériel pour la construction d’un bateau?
12684485#0	Combien de membres y a-t-il dans le cabinet britannique?
12866420#0	Quel est le sport le plus célèbre en Angleterre?
12885521#0	Quand a été créé le mouvement des droits de femmes?
12906307#0	Quelle est l'œuvre de Goya la plus célèbre au monde?
13042387#0	Quelle est la patrie du reggae?
13058301#0	Où se trouve le fleuve Orénoque?
13079328#0	Quels sont les types de journalisme?
13098432#0	Quel type de gaz est l'hélium?
131049#0	Quand planter un poireau perpétuel?
13132895#0	Qui est Marie Curie?
13165035#0	Quel rôle joue la musique folk en choisissant l'identité nationale?
13191263#0	Comment devenir un astronome?
13257033#0	Qui est Julia Roberts?
13294798#0	Quand a été fondée la Formule 1?
13348462#0	Quelle est la plus ancienne université de Belgique?
13412901#0	Combien d'ethnies existent-elles a New York?
13454565#0	Quelles sont les différences principales entre un SUV et un camion de type pick-up?
13457539#0	Quelles sont les caractéristiques principales des langues polynésiennes?
13470247#0	Pourquoi Palermo est célèbre?
13534967#0	Quelle est la fête nationale en France?
13537682#0	Comment se forme une galaxie?
13587734#0	Quel est le Code Criminel du Canada?
13702844#0	Qui est Achille dans la guerre de Troie?
1373083#0	Qui étaient les premiers habitants d’Afrique?
1373636#0	Comment s’appelle l' hymne national de France?
13759773#0	Qui a introduit le terme de sexisme?
13843#0	Qui est Stromae?
13910718#0	Où est situé Chūgoku au Japon?
13964969#0	Quel était le but du théâtre en Grèce ancienne?
1396750#0	Que signifie un apartheid?
139842#0	Quel est le travail du système nerveux périphérique?
14039081#0	Quels sont les différents crimes de guerre?
14075271#0	Quelles sont les raisons du conflit Palestine-Israël?
14090651#0	Quelle est la participation d’Australie dans la Première Guerre mondiale?
1410164#0	Qui est le tueur le plus connu au monde?
14120795#0	Quel est le lac de Genève?
14208644#0	Quelles sont les théories importantes dans les œuvres de Jung?
14237135#0	Pourquoi les pensionnats ont-ils été créés?
14251120#0	Quel est le goût du saké?
14315251#0	Quel est le plat italien le plus famous au monde?
14378451#0	Quand a été fondée Amnesty International?
14386443#0	Comment obtenir un permis pour conduire un yacht?
14397287#0	Quelles sont les heures de la Bourse de Tokyo?
14397868#0	Quel est le travail d’un avocat?
14433488#0	Quand a été construite l'université Oxford?
14486344#0	Quelle est la structure d’un abbatiale?
14528055#0	Pourquoi New York est si célèbre?
14554707#0	Combien d’enfants a Donald Trump?
14648681#0	Quelles sont les raisons de la guerre en Ukraine en 2022?
14821753#0	Qui est Zelenskyy?
1563567#0	Quand a été la première croisade?
15646#0	Quelles sont les branches de la chimie?
1610779#0	Quel type d’instrument est le clavier?
164380#0	Qui étaient les Mongols?
1711267#0	Quelle est la fonction de la furcula?
1716258#0	Quena a été établi Johannesburg comme une ville moderne?
1729055#0	Quels sont les pays de la mer Méditerranée?
175429#0	Comment devenir un bourgeois?
175780#0	Pourquoi Pythagore est important?
1886349#0	Quelles sont les formes géométriques?
1890654#0	Pourquoi est-ce qu'on peut construire un ecovillage?
1898338#0	Quelles sont les causes de la démence?
21180#0	Quelle est la morphologie du moyen français?
213692#0	Quelles sont les religions en Chine en 2022?
215723#0	Qui possède TF1?
219437#0	Pourquoi est-ce que les dinosaures ont disparu?
221408#0	Que examine la morphologie?
2294072#0	Quelles sont les règles d’assurance au Canada?
2461147#0	Ou est fondé le groupe The Rolling Stones?
2482214#0	Quelles boîtes de nuit sont les plus populaires à Hong Kong?
25575#0	Comment sont réglées les écoles privées en France?
256560#0	Quelles sont les villes les plus peuplées dans la région Bretagne?
257540#0	Qui est Ringo Starr?
2713944#0	Qui est le prophète le plus connu en Judaïsme?
2778578#0	Quels sont les meilleurs monuments à voir à Athènes?
2805109#0	Quels pays participent aux Nations unies?
280570#0	Qui était Carrie Fisher?
2824701#0	Qui est Michael Jackson?
2921614#0	Quels outils sont utilisés en télécommunication?
2962407#0	Quelle est la différence entre la mécanique classique et quantique?
2964377#0	Combien de constellation y a-t-il dans l’univers?
3134859#0	Qui a écrit la chanson Bohemian Rhapsody?
3136744#0	Quelles sont les universités les plus reconnues en France?
3148630#0	Comment devenir un donneur de sperme?
3180612#0	Qui étaient les Trois Royaumes?
3261797#0	Dans quel continent se trouve la Côte d’Ivoire?
3392685#0	Quelle est la diaspora juive?
3404243#0	Qui est le propriétaire d’Air Transat?
3419872#0	Quelle est la ville la plus peuplée en Allemagne?
3428173#0	Quelles sont les couleurs du Paris Saint Germain?
34411#0	Quand s’est formé les Alpes?
34556#0	Qu’est-ce que c’est une onde électromagnétique?
3489648#0	Quelle est la plus grande île du monde?
349887#0	Quels sont les symptômes du trouble bipolaire?
3505883#0	Où se trouve l’Andalousie?
3592864#0	Quelles sont les conséquences de la guerre de Sécession?
3609473#0	Que fait une personne nomade?
3647269#0	Quelle est l'alimentation du cheval?
367840#0	Quel est le sport cubain le plus populaire?
3839982#0	Quelle est l’histoire du paquebot?
3873314#0	Quels sont les classiques du cyclisme?
3879429#0	Quelles sont les parties d’un camion?
3912065#0	Quand a été construit le Moulin Rouge?
3926197#0	Quels sont les bâtiments significatifs de New York?
3944859#0	Qui est le joueur de rugby contemporain le plus célèbre d’Australie?
394561#0	Qui est le réalisateur du film Conan le Barbare?
395874#0	Quel est le plus grand arbre du monde?
40375#0	Quelle est la culture tahitienne?
408315#0	Quelle est la population de Charbonnières?
4089933#0	Quels sont les risques pour un chauffeur de taxi?
4179606#0	Qu’est-ce que c’est un bateau?
4207832#0	Quelle est la chanson la plus populaire d’Ed Sheeran?
4250312#0	Combien de langues parle-t-on au Cameroun?
4261255#0	Quels sont les points principaux de la politique libérale?
4281603#0	Quels sont les traits principaux du style épistolaire?
4314873#0	Qui est Diego Maradona?
4319733#0	Combien de genres poétiques existent?
437194#0	Qui est Emilia Clarke?
44128#0	Comment développer l’art oratoire?
451371#0	Qui est la mère de Poséidon?
4527950#0	Qui est le chef du Parlement britannique?
4580223#0	Quelle est l’influence de la “Divine Comédie" sur la littérature mondiale?
4595290#0	Quels sont les principes de la démocratie?
4610151#0	Qui est la ville la plus peuplée de France?
4722675#0	Quelles langues parle-t-on en Afrique du Sud?
4736840#0	Quels sont les traits importants de la mer Baltique?
4753013#0	Quelles compétences sont nécessaires pour pratiquer l'épée?
4755566#0	Qui étaient les gaulois?
4835346#0	Quelles croyances ont les musulmans?
493#0	Combien de langues appartiennent au groupe des langues celtiques?
50035#0	Quel est le style d'écriture de Maupassant?
5007078#0	Comment se forme une fédération sportive?
509979#0	Quelle est l’influence du parti communiste en Chine en 2022?
5146123#0	Quels sont les tribus autochtones au Chili?
5171069#0	Par qui a été construite la basilique Notre-Dame de Montréal?
5213292#0	Quelles sont les sociétés commerciales en France?
522843#0	Quel est le sujet du roman Lolita?
5258020#0	Quelles sont les idées principales de soufisme?
5267689#0	Quel est l’impact du socialisme en Russie?
532596#0	Qui est le fondateur du site Météo-France?
540342#0	Qui a créé le terme darwinisme?
5433447#0	Quelles sont les fonctions du ministère de la justice?
5463209#0	Où se trouve Shiga au Japon?
54734#0	Dans quelle ville est située l’Agence spatiale européenne?
5474655#0	Comment s’appellent les membres du groupe Depeche Mode?
5504125#0	Quel est le championnat de football le plus célèbre du monde?
552919#0	Quels sont les principes de la Charte culturelle bretonne?
558962#0	Quel est le sport le plus joué en Argentine?
5607241#0	Qu'est-ce que c'est une famille patricienne?
5654887#0	Où se trouve Nottingham?
5667064#0	Où se trouve la Transylvanie?
5679379#0	Quels sont les traits importants du genre documentaire?
569368#0	Quelle est la famille langagière de la langue Swahili?
5863137#0	Quelle est la capitale de Michigan?
5891708#0	Quelle est l’importance du Louis XIV dans le développement culturel français?
5942706#0	Pourquoi on a besoin de charbon?
6018261#0	Quelle est la division administrative du Japon?
6023506#0	Comment créer un virus au laboratoire?
602504#0	Qu’est-ce que c’est une sorcière?
6115280#0	Où se trouve le Liberia?
6118103#0	Comment ont été créées les météorites?
6155446#0	Quels sont les bénéfices de l’agriculture urbaine?
6242661#0	Quels sont les trains français avec la vitesse la plus haute?
6262343#0	Quels sont les anciens noms de Saint-Pétersbourg?
6276354#0	Qui est l'écrivain français le plus connu au monde?
6281254#0	Qui est Hillary Clinton?
629157#0	Quelle est la politique interne de Hongrie?
6314479#0	Quel est le pourcentage des personnes catholiques en Albanie?
6322768#0	Quels sont les critères pour devenir un samouraï?
6348184#0	Quels sont les sujets les plus importants dans l'étude de la linguistique?
6355863#0	Quels sont les différents types d’amiral?
6356935#0	Quels sont les bienfaits de la santé de l'eau minérale?
6357704#0	Quel est le rôle d’un moine bouddhiste?
6388816#0	Quel est le travail d’un soliste?
6394085#0	Quelles sont les parties d’un satellite scientifique?
6397737#0	Où se trouve le quartier Little Italy à Toronto?
6429267#0	Où se trouve la Principauté de Tsiakarandambo?
6439047#0	Qui empereur byzantine s’est converti au christianisme?
6508805#0	Combien de types de fleurs y a-t-il dans le monde?
654311#0	Quelle est la médecine à traiter schizophrenia?
6556824#0	Quelle est l’importance d’Antioche?
6674661#0	Que signifie le titre pacha?
6693107#0	Qu’est-ce qu’un cardinal fait?
6694480#0	Quels sont les effets sur la santé du dioxyde de carbone?
6751483#0	Quelle est la musique marocaine traditionnelle?
6776450#0	Quel est le patrimoine culturel des Goths?
6810034#0	Quelle est l’importance de Beethoven dans le monde musical?
6856580#0	Quels sont les traits principaux de hip hop?
691975#0	Pourquoi est-ce que Saint Patrick est célèbre?
6921537#0	Quelle est la peinture la plus connue de Frida Kahlo?
6922253#0	Qui collecte les données biologiques?
6934780#0	Quand a été fondée la maison Dior?
69949#0	Quel est le jardin botanique de Bruxelles?
7072038#0	Quel est le sommet le plus haut d’Alpes?
7085477#0	Qui sont les membres du groupe Backstreet Boys?
7092935#0	Quand a été tué Saddam Hussein?
713763#0	Quel est l’origine du punk rock?
7216728#0	Quelle est la doctrine de l'Eglise orthodoxe?
7259667#0	Quels sont les pays qui constituent l’Afrique du Sud?
7361532#0	Comment s’appelle la femme de Frank Sinatra?
7449695#0	Quels sont les sujets importants examinés par la linguistique?
74541#0	Qui est le premier pape?
753640#0	Combien de provinces y a-t-il en Russie?
754711#0	Pourquoi est-ce que Beyoncé est très populaire?
7583855#0	Quel est le but de la fondation Nelson-Mandela?
76589#0	Quelles sont les propriétés principales de la Mésolithique?
7683999#0	Quelle est la musique traditionnelle du Brésil?
7694826#0	Où se trouvent les îles de Comores?
77027#0	Quel est l'état économique du kraï du Primorié?
782212#0	D'où vient le terme pagan?
7877933#0	Qu’est-ce que c’est le terme la lune bleue?
7995298#0	Quel est le sport saut d’obstacles?
8053579#0	Quels sont les conditions requises de vehicule de rentrée atmosphérique?
8054180#0	Quand a été créée Moncton?
8113528#0	Qu’est-ce que c’est un processus légal?
8149505#0	Qui est le Dieu principal chez la mythologie celtique?
821265#0	Pourquoi la ville de Troie a été détruite?
8429381#0	Qui était l’acteur principal dans le film Sweeney Todd?
847197#0	Où se trouve l’acide glutamique?
8491191#0	Combien de tribus existent au Pakistan aujourd’hui?
8538194#0	Quand a été diffusé le premier film Star Wars?
8710911#0	Quelles sont les caractéristiques principales de la musique country?
8715051#0	Combien de joueurs jouent dans une équipe de baseball?
8960027#0	Quel est l'état économique de Tchétchénie?
903819#0	Quelles sont les méthodes de la géométrie analytique?
9119914#0	Quand a été fondée la compagnie Citroën?
920008#0	Quelle est l’importance de Coco Chanel dans la mode contemporaine?
9205643#0	Quelle est la morphologie d’une fleur?
9218#0	Qu’est-ce que c’est un archipel?
9273534#0	Quelles sont les particularités d’un phare?
9381835#0	Quelles sont les particularités du Modernisme?
942628#0	Quelles sont les œuvres les plus connues de Joseph Conrad?
9577314#0	Qui a développé le premier jeu vidéo?
9593046#0	Quel était le but du Beaver Club?
9619749#0	Qu’est-ce que c’est un état totalitaire?
968277#0	Quelle est la rue la plus célèbre de New York?
9684594#0	Quelles sont les parties d’un appareil photographique?
9698991#0	Quand a été établie la métaphysique comme science?
9731529#0	Quel est le plus grand tour cycliste?
9794972#0	Quels sont les patriciens du Moyen Âge?
985599#0	Quand a été créée la Bulgarie?
9889566#0	Quelles sont les parties d’un mémorandum?
9970463#0	Quelles sont les conditions pour s’inscrire à l'école militaire?
