10003	0	1280789#22	0
10003	0	1280789#30	0
10003	0	1498368#0	0
10003	0	1669852#1	1
10003	0	241393#1	0
10003	0	2988983#0	1
10003	0	35772#6	0
10003	0	4857661#0	0
10003	0	55256#40	0
10003	0	55256#5	1
10027	0	15714#44	0
10027	0	2558981#0	0
10027	0	2632728#0	1
10027	0	2632728#1	0
10027	0	329426#0	0
10027	0	332688#4	0
10027	0	332688#5	0
10027	0	3958399#0	0
10027	0	3958399#4	0
10027	0	477809#0	0
10087	0	2968433#19	0
10087	0	3104948#1	0
10087	0	3536828#12	0
10087	0	361894#13	0
10087	0	387818#0	0
10087	0	676204#0	1
10087	0	676204#10	0
10087	0	676204#17	0
10087	0	676204#3	0
10087	0	676204#5	0
10205	0	15801#3	0
10205	0	3119617#0	0
10205	0	32501#19	0
10205	0	3362859#7	0
10205	0	35729#0	0
10205	0	35729#13	0
10205	0	35729#14	1
10205	0	35729#3	1
10205	0	4234602#8	0
10205	0	805113#11	0
10217	0	1887128#0	0
10217	0	1922671#0	0
10217	0	213295#0	0
10217	0	265876#0	0
10217	0	2949478#1	0
10217	0	3023039#0	0
10217	0	331638#0	1
10217	0	331638#1	0
10217	0	331638#4	0
10217	0	944738#0	0
10271	0	154202#1	0
10271	0	154202#2	0
10271	0	154202#3	1
10271	0	154202#4	0
10271	0	1711306#1	0
10271	0	184636#4	0
10271	0	2957272#0	0
10271	0	2957272#1	0
10271	0	401880#0	0
10271	0	453897#0	0
10306	0	110664#0	0
10306	0	1917256#0	0
10306	0	3242142#0	1
10306	0	3242142#1	0
10306	0	3242142#2	0
10306	0	3242142#3	0
10306	0	3242142#4	0
10306	0	3242142#5	0
10306	0	5067685#1	0
10306	0	814388#0	0
1048	0	1336491#0	0
1048	0	1471323#13	0
1048	0	1665707#7	0
1048	0	2199293#34	0
1048	0	2199293#54	0
1048	0	2918012#0	0
1048	0	643521#2	0
1048	0	643521#4	0
1048	0	7578#1	0
1048	0	7578#10	1
1051	0	2089661#0	0
1051	0	230928#0	0
1051	0	2663274#1	0
1051	0	2795432#0	0
1051	0	2868#11	0
1051	0	3021455#5	0
1051	0	5130927#0	0
1051	0	523808#0	0
1051	0	62206#0	1
1051	0	954342#1	0
10653	0	1547782#0	0
10653	0	223081#0	1
10653	0	3006159#4	1
10653	0	3333479#0	0
10653	0	3437708#1	0
10653	0	3440621#1	0
10653	0	3440631#1	0
10653	0	3898213#0	0
10653	0	4881195#0	0
10653	0	586095#5	0
10685	0	116142#1	0
10685	0	20166#0	1
10685	0	2214670#0	0
10685	0	2214670#1	0
10685	0	26593#3	0
10685	0	3356711#0	1
10685	0	3432563#1	0
10685	0	3591947#3	0
10685	0	4932783#3	0
10685	0	881097#1	0
10692	0	1177189#10	1
10692	0	1270463#49	1
10692	0	2417161#2	0
10692	0	2429932#2	0
10692	0	2909428#2	1
10692	0	43192#0	1
10692	0	43192#2	1
10692	0	4395698#0	1
10692	0	46986#5	0
10692	0	68313#0	1
10772	0	1475977#0	0
10772	0	1475977#13	0
10772	0	1475977#30	0
10772	0	220693#0	0
10772	0	220693#1	0
10772	0	220693#4	0
10772	0	236263#0	0
10772	0	3945358#38	1
10772	0	42352#3	0
10772	0	4778858#3	1
10862	0	2943985#5	0
10862	0	3178816#0	1
10862	0	36965#0	1
10862	0	36965#15	0
10862	0	36965#19	0
10862	0	36965#20	0
10862	0	36965#4	0
10862	0	36965#6	0
10862	0	36965#7	0
10862	0	36965#8	0
10870	0	10517#0	1
10870	0	10517#1	0
10870	0	10517#17	0
10870	0	10517#3	0
10870	0	1594058#15	0
10870	0	3003076#0	0
10870	0	3069617#3	1
10870	0	3069617#4	0
10870	0	31387#15	1
10870	0	3979278#0	0
10912	0	1170152#32	0
10912	0	3077481#0	0
10912	0	3077682#0	1
10912	0	3087979#0	0
10912	0	3088237#0	0
10912	0	3088374#0	0
10912	0	3100508#0	0
10912	0	3424487#0	0
10912	0	3774364#6	0
10912	0	581024#0	0
1096	0	12473#0	0
1096	0	13295#0	1
1096	0	1790993#0	0
1096	0	2184845#0	0
1096	0	25256#72	1
1096	0	4132982#0	0
1096	0	63360#29	1
1096	0	68861#33	1
1096	0	819790#0	0
1096	0	87191#3	0
110	0	16402#0	1
110	0	16402#5	1
110	0	2310983#0	0
110	0	239874#0	0
110	0	2537677#2	0
110	0	2635993#0	0
110	0	30326#0	0
110	0	3968904#0	0
110	0	48461#0	0
110	0	772879#1	0
11004	0	1520222#18	0
11004	0	2105928#0	0
11004	0	3561816#16	0
11004	0	3570111#1	1
11004	0	3570111#18	0
11004	0	3570111#3	0
11004	0	3570111#33	0
11004	0	3570111#7	0
11004	0	3890030#0	0
11004	0	3892379#0	0
11093	0	244965#0	1
11093	0	244965#22	0
11093	0	244965#27	0
11093	0	244965#28	0
11093	0	244965#36	0
11093	0	244965#48	1
11093	0	244965#49	1
11093	0	244965#58	1
11093	0	43339#15	0
11093	0	996908#0	0
11121	0	1118277#0	0
11121	0	150959#0	0
11121	0	182856#0	0
11121	0	3363188#0	0
11121	0	436433#0	0
11121	0	436433#2	0
11121	0	64998#0	1
11121	0	64998#1	1
11121	0	64998#3	0
11121	0	726062#1	0
11188	0	1029801#26	0
11188	0	1029801#27	0
11188	0	238367#0	1
11188	0	238367#1	0
11188	0	2987976#1	0
11188	0	3811030#18	0
11188	0	4517929#0	0
11188	0	739601#40	1
11188	0	739601#41	0
11188	0	739601#46	0
11200	0	10943#0	1
11200	0	10943#2	1
11200	0	10943#22	0
11200	0	10943#26	0
11200	0	10943#28	0
11200	0	10943#3	0
11200	0	1819891#0	0
11200	0	3576537#5	1
11200	0	3576537#6	0
11200	0	821101#0	0
11229	0	187330#0	0
11229	0	19499#0	0
11229	0	211162#0	0
11229	0	61233#0	1
11229	0	61251#2	0
11229	0	896273#0	1
11229	0	896273#13	0
11229	0	896273#2	0
11229	0	896273#3	1
11229	0	896273#4	0
11290	0	1144471#0	1
11290	0	1144471#5	1
11290	0	205504#6	0
11290	0	3395712#1	0
11290	0	3879#61	0
11290	0	4262422#14	0
11290	0	4790939#26	0
11290	0	8665#24	0
11290	0	8665#25	0
11290	0	8665#28	0
11335	0	1411574#2	0
11335	0	1411581#2	0
11335	0	1411592#2	0
11335	0	1959387#2	0
11335	0	1967381#2	0
11335	0	20356#21	0
11335	0	2198076#2	0
11335	0	2298169#2	0
11335	0	3892#0	1
11335	0	4392080#5	0
11358	0	1535171#0	0
11358	0	1776#3	0
11358	0	1776#4	0
11358	0	1955338#0	0
11358	0	1958288#5	0
11358	0	273640#1	0
11358	0	353455#0	1
11358	0	353455#1	1
11358	0	460999#15	0
11358	0	776096#0	0
11414	0	1422132#7	0
11414	0	1506954#10	0
11414	0	1657586#10	0
11414	0	1657586#4	1
11414	0	1657586#5	1
11414	0	172375#43	0
11414	0	409180#64	0
11414	0	504826#3	1
11414	0	5125251#2	0
11414	0	5139580#0	0
11418	0	1289639#10	0
11418	0	1644445#0	0
11418	0	1785494#0	0
11418	0	2882382#0	1
11418	0	2882382#1	1
11418	0	3356510#0	0
11418	0	3816304#0	0
11418	0	5134536#0	0
11418	0	5134540#0	0
11418	0	5134552#0	0
1144	0	308775#3	0
1144	0	3453760#0	0
1144	0	50546#45	0
1144	0	63841#0	0
1144	0	63846#0	1
1144	0	63846#12	0
1144	0	63846#17	0
1144	0	63846#28	0
1144	0	63846#6	0
1144	0	63846#9	0
1144	0	906099#0	0
11476	0	1708317#11	0
11476	0	17391#25	1
11476	0	1901927#21	1
11476	0	1901927#22	1
11476	0	3583041#7	0
11476	0	3745459#3	0
11476	0	3781214#49	0
11476	0	4305804#17	0
11476	0	4747532#1	0
11476	0	4747532#19	0
11546	0	1295416#0	0
11546	0	1997561#1	0
11546	0	2009583#0	0
11546	0	2968969#0	0
11546	0	3410#0	1
11546	0	3534292#1	1
11546	0	356924#0	0
11546	0	3779990#0	0
11546	0	496723#0	0
11546	0	54627#1	1
11613	0	118015#0	1
11613	0	118015#12	0
11613	0	118015#15	0
11613	0	118015#3	0
11613	0	118015#4	0
11613	0	149798#0	1
11613	0	149798#1	0
11613	0	149806#5	0
11613	0	162459#0	0
11613	0	162473#0	0
11683	0	1050940#0	1
11683	0	1050940#11	0
11683	0	1050940#4	0
11683	0	1378#35	0
11683	0	1378#38	0
11683	0	1378#40	0
11683	0	1378#43	1
11683	0	1729046#0	0
11683	0	2086436#2	0
11683	0	2749924#0	0
11736	0	10515#47	0
11736	0	1375647#2	1
11736	0	1564765#2	1
11736	0	1769623#12	0
11736	0	262600#14	0
11736	0	285162#55	0
11736	0	39803#15	0
11736	0	39803#5	0
11736	0	404832#4	1
11736	0	47082#2	0
11769	0	1164164#1	0
11769	0	206170#1	0
11769	0	223181#1	0
11769	0	234969#0	0
11769	0	316448#1	0
11769	0	4426742#1	0
11769	0	49949#0	1
11769	0	49949#10	0
11769	0	49949#2	1
11769	0	573691#1	0
118	0	114792#16	0
118	0	1424668#3	0
118	0	1781597#1	0
118	0	2490483#15	0
118	0	2712619#5	0
118	0	3295133#5	0
118	0	3706342#22	0
118	0	3740093#0	0
118	0	3743439#38	0
118	0	3743439#39	0
118	0	580720#0	1
11851	0	22902#3	0
11851	0	22902#8	0
11851	0	25722#70	0
11851	0	3648208#14	0
11851	0	3686863#0	0
11851	0	3688655#32	0
11851	0	578648#0	1
11851	0	578648#1	0
11851	0	578648#19	0
11851	0	578648#2	0
11851	0	578648#4	0
11851	0	578648#6	0
11851	0	578648#7	1
11851	0	585965#1	0
11873	0	1423112#4	0
11873	0	1913084#0	0
11873	0	1942039#0	0
11873	0	223107#0	1
11873	0	2899377#0	0
11873	0	3050089#6	0
11873	0	3218370#0	0
11873	0	3456894#0	0
11873	0	3811900#0	0
11873	0	463752#13	1
12057	0	1157015#5	0
12057	0	1349#172	0
12057	0	1349#3	0
12057	0	1349#44	0
12057	0	1349#45	1
12057	0	1349#57	1
12057	0	1349#86	1
12057	0	3241578#0	1
12057	0	3573706#0	1
12057	0	866606#5	0
12063	0	1027769#0	0
12063	0	1275355#1	0
12063	0	13599#0	1
12063	0	13599#1	1
12063	0	2263035#1	0
12063	0	2274646#1	0
12063	0	3172699#1	0
12063	0	4878628#4	0
12063	0	4891694#2	0
12063	0	88359#0	0
1207	0	26727#0	1
1207	0	26727#4	1
1207	0	26727#6	0
1207	0	26727#8	1
1207	0	3176708#0	0
1207	0	3242470#0	0
1207	0	3348501#0	0
1207	0	4511540#0	0
1207	0	5000337#0	0
1207	0	540705#0	0
12082	0	11989#0	1
12082	0	11989#2	1
12082	0	11989#3	1
12082	0	12047#2	0
12082	0	1508183#0	0
12082	0	1508183#2	0
12082	0	1516337#0	0
12082	0	1516337#2	1
12082	0	300551#0	0
12082	0	9101#9	0
12138	0	1537528#0	1
12138	0	1608612#4	0
12138	0	2179926#1	0
12138	0	2648355#0	0
12138	0	3080889#0	0
12138	0	414167#0	0
12138	0	4201527#0	0
12138	0	4235888#0	0
12138	0	4780179#0	0
12138	0	770612#0	0
12213	0	1941112#7	0
12213	0	30798#30	0
12213	0	4680#0	1
12213	0	4680#22	0
12213	0	4680#3	1
12213	0	4680#5	1
12213	0	47198#0	0
12213	0	57513#0	0
12213	0	807133#0	0
12213	0	93075#1	0
12260	0	1019584#0	1
12260	0	1019584#1	0
12260	0	1019584#2	0
12260	0	1019584#3	0
12260	0	1319941#0	0
12260	0	1670518#0	0
12260	0	1671013#0	0
12260	0	3214415#0	0
12260	0	4674035#15	0
12260	0	4961433#6	1
12279	0	14575#0	1
12279	0	14575#11	0
12279	0	14575#20	0
12279	0	14575#36	0
12279	0	14575#44	0
12279	0	2163437#0	0
12279	0	2408485#0	0
12279	0	2838326#0	0
12279	0	3736534#0	0
12279	0	4114415#9	1
12295	0	104424#0	0
12295	0	104424#1	0
12295	0	203061#9	1
12295	0	20415#0	1
12295	0	26786#0	1
12295	0	26786#17	0
12295	0	497924#1	0
12295	0	62826#1	0
12295	0	93728#1	0
12295	0	946519#2	0
12329	0	1465250#25	0
12329	0	1861603#10	1
12329	0	1995769#0	1
12329	0	1995769#1	0
12329	0	297592#1	0
12329	0	297592#7	1
12329	0	409123#37	0
12329	0	503002#0	0
12329	0	503002#3	0
12329	0	6616#2	0
12333	0	118836#2	1
12333	0	1543491#9	1
12333	0	2214725#0	0
12333	0	39184#0	0
12333	0	39184#4	0
12333	0	44449#1	1
12333	0	44637#10	0
12333	0	861834#14	1
12333	0	861834#16	0
12333	0	9737#8	1
12335	0	121791#0	0
12335	0	1374531#1	0
12335	0	1417716#0	1
12335	0	1480720#0	0
12335	0	1763105#0	1
12335	0	265048#1	0
12335	0	28750#0	1
12335	0	3705793#8	1
12335	0	3759883#5	1
12335	0	667179#0	1
1240	0	11425#0	1
1240	0	11425#11	0
1240	0	11425#12	0
1240	0	11425#13	0
1240	0	11425#14	1
1240	0	11425#19	0
1240	0	11425#4	1
1240	0	11425#5	1
1240	0	11425#6	0
1240	0	11425#9	0
1240	0	539891#4	0
125	0	149574#0	0
125	0	2313355#2	0
125	0	233104#37	0
125	0	4063727#49	0
125	0	65272#14	0
125	0	65351#10	0
125	0	65351#9	0
125	0	7265#9	0
125	0	827954#6	1
125	0	91126#13	0
12500	0	271689#0	0
12500	0	3107891#1	0
12500	0	31119#29	0
12500	0	31119#30	1
12500	0	3263572#11	1
12500	0	36085#0	0
12500	0	36086#0	0
12500	0	452256#0	0
12500	0	747941#5	0
12500	0	807654#24	0
12509	0	16954#63	0
12509	0	1942389#46	0
12509	0	3676#32	0
12509	0	41234#0	0
12509	0	580350#0	1
12509	0	580350#15	1
12509	0	580350#21	0
12509	0	580350#22	0
12509	0	580350#29	0
12509	0	580350#35	0
12536	0	10493#15	0
12536	0	1097161#0	1
12536	0	1097161#1	0
12536	0	1097161#2	0
12536	0	15470#5	0
12536	0	3895#0	1
12536	0	3895#1	0
12536	0	3895#37	0
12536	0	3895#38	0
12536	0	3895#66	0
12660	0	3150378#0	0
12660	0	577913#0	0
12660	0	577913#11	0
12660	0	577913#5	0
12660	0	577913#6	0
12660	0	577913#8	0
12660	0	760548#0	1
12660	0	760548#10	0
12660	0	760548#14	0
12660	0	760548#3	0
12712	0	118698#0	1
12712	0	118698#1	1
12712	0	118698#2	0
12712	0	118698#3	0
12712	0	1992184#6	0
12712	0	2424680#0	1
12712	0	3402535#0	0
12712	0	4857374#20	0
12712	0	4857374#22	0
12712	0	527601#0	0
12739	0	147336#2	0
12739	0	1495363#35	0
12739	0	1679826#3	0
12739	0	1682494#0	0
12739	0	190715#18	0
12739	0	305888#2	0
12739	0	3086168#1	0
12739	0	32276#0	1
12739	0	3564265#4	0
12739	0	427841#4	0
12793	0	10453#7	1
12793	0	15276#0	1
12793	0	15276#110	0
12793	0	15276#112	0
12793	0	15276#13	0
12793	0	15276#14	0
12793	0	15276#16	1
12793	0	15276#19	0
12793	0	15276#90	0
12793	0	1720841#17	0
1281	0	1103209#0	1
1281	0	1531203#0	0
1281	0	199054#1	0
1281	0	199054#4	0
1281	0	3174047#0	0
1281	0	3450945#17	0
1281	0	388671#0	0
1281	0	537737#28	0
1281	0	539140#6	0
1281	0	540709#0	0
12836	0	151284#3	1
12836	0	151284#36	0
12836	0	151284#37	0
12836	0	213449#4	0
12836	0	2335495#1	0
12836	0	291451#3	0
12836	0	400490#0	1
12836	0	400490#52	1
12836	0	400490#54	0
12836	0	400490#55	0
12920	0	1121398#0	1
12920	0	11839#0	1
12920	0	11839#37	0
12920	0	1363957#0	1
12920	0	1511374#0	0
12920	0	1811425#0	1
12920	0	1967275#0	0
12920	0	1974105#0	1
12920	0	1986989#0	1
12920	0	208622#1	0
12971	0	1120090#2	0
12971	0	147331#9	0
12971	0	2310271#2	0
12971	0	2369999#1	0
12971	0	2812343#0	0
12971	0	2812343#1	0
12971	0	3111665#1	0
12971	0	316387#0	1
12971	0	316387#11	1
12971	0	316387#2	0
12971	0	316387#6	0
12971	0	653036#6	0
12971	0	667757#1	0
13062	0	1251088#6	0
13062	0	1635409#0	0
13062	0	24528#0	1
13062	0	24528#22	0
13062	0	24528#30	1
13062	0	3124348#0	0
13062	0	3124348#2	0
13062	0	3214253#10	0
13062	0	4609434#18	0
13062	0	704276#14	0
13066	0	179451#0	0
13066	0	2277#111	1
13066	0	2417970#4	0
13066	0	2628723#3	0
13066	0	306562#0	0
13066	0	3673#0	1
13066	0	412885#1	0
13066	0	42545#0	0
13066	0	4678298#9	1
13066	0	47085#4	0
13112	0	40602#0	1
13112	0	40602#10	0
13112	0	40602#12	0
13112	0	40602#17	0
13112	0	40602#20	0
13112	0	40602#3	0
13112	0	40602#32	0
13112	0	40602#50	0
13112	0	40602#58	0
13112	0	40602#8	0
13131	0	1246637#0	0
13131	0	17848#1	0
13131	0	295098#0	1
13131	0	295098#1	1
13131	0	3097727#0	0
13131	0	3296174#0	0
13131	0	3298161#0	0
13131	0	4433317#1	0
13131	0	4619192#1	0
13131	0	894685#0	0
13259	0	1268400#1	1
13259	0	1268401#0	0
13259	0	1802189#7	0
13259	0	2004#0	0
13259	0	2004#41	0
13259	0	3915#14	0
13259	0	458011#0	0
13259	0	7591#21	1
13259	0	7591#25	0
13259	0	8664#19	0
13306	0	1308408#0	0
13306	0	15046#0	0
13306	0	15046#2	0
13306	0	16442#0	0
13306	0	43495#0	0
13306	0	711868#0	1
13306	0	711868#9	0
13306	0	917650#0	0
13306	0	944534#0	0
13306	0	956668#0	0
13383	0	1144995#1	0
13383	0	137662#5	0
13383	0	31466#0	1
13383	0	31466#3	0
13383	0	3397691#0	0
13383	0	3856667#1	0
13383	0	3947407#0	0
13383	0	434336#0	0
13383	0	434336#2	0
13383	0	72195#0	0
13396	0	102682#11	0
13396	0	123364#44	1
13396	0	1463472#1	0
13396	0	1463472#22	0
13396	0	253551#3	0
13396	0	348884#18	0
13396	0	4276811#10	0
13396	0	596838#11	1
13396	0	60497#0	1
13396	0	60497#3	0
13465	0	1014941#0	0
13465	0	1661542#0	0
13465	0	3436580#0	0
13465	0	3437188#0	0
13465	0	3521606#0	0
13465	0	4682596#0	0
13465	0	4893676#0	0
13465	0	5199780#0	1
13465	0	613060#0	0
13465	0	779364#0	0
13579	0	1097694#0	1
13579	0	1097694#1	0
13579	0	1097694#11	0
13579	0	1097694#12	0
13579	0	1097694#15	0
13579	0	1097694#2	0
13579	0	1097694#22	0
13579	0	1097694#3	0
13579	0	1097694#5	0
13579	0	1097694#6	0
13614	0	1064904#2	0
13614	0	1770355#1	0
13614	0	1979#14	0
13614	0	1979#20	0
13614	0	31107#0	1
13614	0	3301726#1	0
13614	0	3301916#0	0
13614	0	3303483#1	0
13614	0	3304318#0	0
13614	0	4521207#2	0
13660	0	137313#0	0
13660	0	1451089#16	0
13660	0	1944131#6	0
13660	0	21564#0	0
13660	0	300985#0	1
13660	0	3268763#0	0
13660	0	3268766#0	0
13660	0	3268767#0	0
13660	0	3268872#0	0
13660	0	494573#0	0
13666	0	1367115#1	0
13666	0	1367115#2	1
13666	0	1367115#3	0
13666	0	1899835#2	0
13666	0	3585059#0	0
13666	0	3585059#1	0
13666	0	3585104#0	0
13666	0	4300887#1	1
13666	0	5130211#60	0
13666	0	5130341#89	1
13691	0	1336074#1	0
13691	0	1461537#15	0
13691	0	229318#9	0
13691	0	2834136#44	0
13691	0	2834136#6	1
13691	0	2834136#8	0
13691	0	3197912#0	0
13691	0	3197912#1	0
13691	0	4337115#7	0
13691	0	4817956#9	0
13707	0	1270141#2	1
13707	0	170661#0	1
13707	0	170661#12	1
13707	0	170661#15	0
13707	0	170661#2	0
13707	0	170661#3	1
13707	0	170661#4	0
13707	0	170661#6	0
13707	0	4326352#0	0
13707	0	929951#1	0
13710	0	116960#0	0
13710	0	1286097#0	0
13710	0	1286097#1	0
13710	0	1286097#3	1
13710	0	1286097#9	0
13710	0	1422932#0	0
13710	0	1562237#1	0
13710	0	1987222#0	0
13710	0	3280461#0	0
13710	0	3460121#0	0
13717	0	123824#4	0
13717	0	2490483#14	1
13717	0	2840524#0	0
13717	0	3706342#55	1
13717	0	3740093#0	0
13717	0	3743439#60	0
13717	0	5204#35	0
13717	0	59402#0	1
13717	0	62346#11	0
13717	0	62346#44	0
13797	0	12332#0	1
13797	0	2285#27	1
13797	0	3601#0	1
13797	0	3601#32	0
13797	0	3601#65	0
13797	0	527435#0	0
13797	0	833778#0	0
13797	0	938970#1	0
13797	0	938970#3	1
13797	0	938970#5	0
13803	0	1363666#1	0
13803	0	1363666#9	0
13803	0	168023#0	1
13803	0	168023#1	0
13803	0	168023#2	0
13803	0	168023#3	0
13803	0	2526780#0	0
13803	0	2739325#0	0
13803	0	2982703#2	0
13803	0	955662#0	0
1382	0	18186#15	0
1382	0	18186#35	0
1382	0	18186#5	0
1382	0	18188#16	0
1382	0	1945075#0	0
1382	0	3088985#0	0
1382	0	3178237#0	0
1382	0	4915784#0	0
1382	0	77917#0	1
1382	0	77917#5	0
14061	0	16752#0	1
14061	0	16752#1	0
14061	0	3025358#0	0
14061	0	3026182#0	0
14061	0	3356875#10	0
14061	0	34066#0	0
14061	0	3409412#0	0
14061	0	3693417#0	0
14061	0	612042#0	0
14061	0	9127#8	0
14141	0	1071054#0	1
14141	0	1071054#1	0
14141	0	1071054#2	1
14141	0	1071054#3	1
14141	0	1071054#4	0
14141	0	1071054#6	0
14141	0	18486#0	1
14141	0	4533116#0	0
14141	0	4947401#0	0
14141	0	954438#0	0
1422	0	1334794#0	0
1422	0	2468650#0	0
1422	0	3396019#0	0
1422	0	3396019#2	1
1422	0	3396019#3	0
1422	0	390141#0	1
1422	0	390141#1	0
1422	0	390141#2	1
1422	0	4850386#2	0
1422	0	981918#0	0
14281	0	1151923#24	1
14281	0	1520476#0	0
14281	0	1847520#1	0
14281	0	1847520#2	0
14281	0	1850763#75	0
14281	0	264795#0	0
14281	0	264795#25	0
14281	0	31119#0	0
14281	0	31119#3	1
14281	0	3851415#0	1
14428	0	1502978#2	0
14428	0	1580372#11	0
14428	0	1676789#0	0
14428	0	1949006#0	0
14428	0	2827827#8	1
14428	0	2916348#0	0
14428	0	36610#1	0
14428	0	680209#0	1
14428	0	680209#2	0
14428	0	680209#3	1
14468	0	1029209#11	1
14468	0	1068796#0	0
14468	0	1068796#1	0
14468	0	1068796#2	0
14468	0	1096190#0	0
14468	0	1096190#15	0
14468	0	1096190#74	0
14468	0	1237559#7	1
14468	0	356512#0	0
14468	0	3693#24	0
14471	0	1674570#0	0
14471	0	1674570#3	0
14471	0	1675117#0	0
14471	0	210003#0	0
14471	0	362365#0	0
14471	0	389573#0	0
14471	0	4237078#0	0
14471	0	4411#8	0
14471	0	70051#0	1
14471	0	70051#1	0
14517	0	2912886#0	0
14517	0	4264085#24	1
14517	0	4619#0	1
14517	0	4619#1	0
14517	0	4619#14	0
14517	0	4619#21	0
14517	0	4619#34	0
14517	0	4619#45	0
14517	0	4619#6	0
14517	0	68856#0	0
14518	0	2438072#0	1
14518	0	2438072#1	0
14518	0	2438072#10	0
14518	0	2438072#12	0
14518	0	2438072#18	0
14518	0	2438072#20	0
14518	0	2438072#27	0
14518	0	2438072#4	1
14518	0	2438072#5	0
14518	0	4528156#0	0
14548	0	1420147#17	0
14548	0	3134221#2	0
14548	0	358973#10	0
14548	0	358973#3	0
14548	0	3669541#0	1
14548	0	3671764#0	0
14548	0	3671764#17	1
14548	0	3671764#3	0
14548	0	465156#2	0
14548	0	465156#3	0
14553	0	1961387#0	1
14553	0	1964021#0	1
14553	0	1996468#0	1
14553	0	2004622#0	1
14553	0	2077580#0	1
14553	0	218515#0	1
14553	0	2475351#0	0
14553	0	53471#0	1
14553	0	53471#9	1
14553	0	8483#18	0
14611	0	1075445#3	1
14611	0	1348541#0	0
14611	0	1492172#0	0
14611	0	1492172#2	0
14611	0	1606029#0	0
14611	0	1696751#0	0
14611	0	2951788#1	1
14611	0	2993526#0	1
14611	0	399164#17	0
14611	0	49667#0	1
14736	0	1001785#0	1
14736	0	16224#87	1
14736	0	2277#0	0
14736	0	2454624#0	0
14736	0	2454624#4	1
14736	0	3765312#0	0
14736	0	3765312#10	0
14736	0	4734125#7	1
14736	0	609453#13	0
14736	0	808048#0	0
14747	0	143474#1	0
14747	0	1748719#1	0
14747	0	1803#4	1
14747	0	20429#0	0
14747	0	2101976#1	0
14747	0	2116613#1	0
14747	0	2968024#1	0
14747	0	3360949#1	0
14747	0	746797#0	0
14747	0	843545#1	0
14816	0	1572578#0	0
14816	0	1572578#6	0
14816	0	1572578#7	0
14816	0	1579394#5	1
14816	0	212042#4	0
14816	0	212042#9	1
14816	0	2838#40	0
14816	0	441439#27	0
14816	0	851663#0	1
14816	0	985213#45	0
14869	0	118517#3	1
14869	0	120096#1	0
14869	0	1552909#0	0
14869	0	167071#1	0
14869	0	173060#3	0
14869	0	211750#3	0
14869	0	218766#3	0
14869	0	2992798#0	0
14869	0	3028315#5	0
14869	0	4601131#1	0
14965	0	1163110#5	0
14965	0	21031#2	1
14965	0	2406363#2	1
14965	0	3786061#8	0
14965	0	38337#11	1
14965	0	425628#8	1
14965	0	711370#4	0
14965	0	777620#8	0
14965	0	83642#3	1
14965	0	881279#0	0
14967	0	12214#0	0
14967	0	1416860#0	0
14967	0	1653189#0	0
14967	0	1794209#0	0
14967	0	1975138#0	0
14967	0	1975138#9	0
14967	0	2180607#0	0
14967	0	2856310#0	0
14967	0	3278260#0	1
14967	0	450065#0	0
15109	0	355652#1	0
15109	0	383620#0	0
15109	0	3891#0	0
15109	0	3891#9	0
15109	0	5213788#0	0
15109	0	5232520#0	0
15109	0	57717#0	1
15109	0	57717#1	0
15109	0	57717#12	0
15109	0	603929#0	0
1520	0	1099345#55	0
1520	0	1610474#0	0
1520	0	16703#0	0
1520	0	1771698#5	1
1520	0	3219422#0	0
1520	0	35913#0	0
1520	0	359256#0	0
1520	0	361795#0	1
1520	0	4233394#0	0
1520	0	466668#0	0
15238	0	167994#1	0
15238	0	22153#0	1
15238	0	22153#1	1
15238	0	22153#12	0
15238	0	22153#2	0
15238	0	22153#3	1
15238	0	22153#5	0
15238	0	22153#7	0
15238	0	22153#8	0
15238	0	3847845#4	0
15242	0	1465806#4	0
15242	0	2389688#1	0
15242	0	3052133#0	0
15242	0	3052133#103	0
15242	0	3052133#106	1
15242	0	3052133#236	0
15242	0	3052133#39	0
15242	0	3052133#50	0
15242	0	5225034#33	0
15242	0	6636#2	0
15274	0	1953477#243	0
15274	0	2472030#0	1
15274	0	436258#0	1
15274	0	4476781#0	0
15274	0	585300#0	1
15274	0	585300#39	0
15274	0	585300#42	0
15274	0	585300#49	0
15274	0	585300#8	0
15274	0	887605#3	0
15304	0	127732#0	0
15304	0	2293#22	0
15304	0	525381#3	0
15304	0	6609#0	1
15304	0	6609#1	0
15304	0	6609#26	0
15304	0	6609#30	0
15304	0	6609#36	0
15304	0	6609#42	1
15304	0	6609#51	1
15318	0	125239#0	0
15318	0	125239#1	0
15318	0	1348078#1	0
15318	0	150184#0	0
15318	0	150184#6	0
15318	0	19800#11	1
15318	0	19800#7	0
15318	0	19800#8	1
15318	0	5208931#3	1
15318	0	5208931#5	1
15371	0	1533750#0	0
15371	0	3169594#1	0
15371	0	328794#0	0
15371	0	4268097#0	0
15371	0	4742084#0	1
15371	0	4742084#1	0
15371	0	5001969#0	0
15371	0	5006404#0	1
15371	0	5198796#0	0
15371	0	5199210#0	0
1544	0	1269860#0	0
1544	0	1708061#0	0
1544	0	23323#24	0
1544	0	3892025#0	0
1544	0	3918914#0	0
1544	0	426038#0	1
1544	0	426038#1	0
1544	0	426038#4	0
1544	0	426038#5	0
1544	0	426038#6	0
1546	0	10097#0	1
1546	0	1182928#3	0
1546	0	1251753#6	0
1546	0	1636394#0	0
1546	0	1769182#17	0
1546	0	1968229#0	0
1546	0	2444903#11	1
1546	0	318699#0	0
1546	0	405652#5	0
1546	0	829828#0	0
15469	0	1533079#4	1
15469	0	190063#4	0
15469	0	2894389#4	0
15469	0	2945767#0	0
15469	0	336734#6	0
15469	0	3522606#3	0
15469	0	360468#46	0
15469	0	3781021#6	0
15469	0	4399#12	0
15469	0	817232#10	0
163	0	1464493#0	0
163	0	3433305#0	0
163	0	5004209#0	0
163	0	5005562#0	0
163	0	5035570#0	0
163	0	5036236#0	0
163	0	5036750#0	0
163	0	732929#0	1
163	0	732929#1	0
163	0	732929#31	0
1676	0	226936#8	0
1676	0	231620#0	0
1676	0	231620#1	0
1676	0	231620#14	0
1676	0	231620#3	0
1676	0	231620#5	1
1676	0	231620#6	0
1676	0	231620#7	0
1676	0	3904218#0	0
1676	0	982639#0	0
1681	0	1297229#1	0
1681	0	1297229#2	0
1681	0	1297229#4	0
1681	0	1499451#7	0
1681	0	3225075#1	0
1681	0	4578#0	1
1681	0	4578#15	0
1681	0	4578#2	1
1681	0	4997686#2	0
1681	0	592370#27	0
1703	0	18533#0	1
1703	0	18533#1	1
1703	0	18533#2	0
1703	0	21481#33	0
1703	0	21481#36	0
1703	0	248600#4	0
1703	0	4915#50	0
1703	0	749157#0	0
1703	0	754186#2	0
1703	0	760968#5	0
1703	0	762650#4	0
1703	0	763914#0	0
1763	0	108525#5	0
1763	0	126885#0	1
1763	0	126885#2	0
1763	0	126885#3	0
1763	0	126885#5	0
1763	0	126885#7	0
1763	0	1768390#1	0
1763	0	2422300#0	0
1763	0	2796931#2	0
1763	0	2810248#0	1
1798	0	1343#0	1
1798	0	1343#6	1
1798	0	1412202#2	0
1798	0	1946958#2	0
1798	0	1959230#2	0
1798	0	1963717#2	0
1798	0	1963717#3	0
1798	0	1994075#2	1
1798	0	2198333#2	1
1798	0	2291302#2	0
1808	0	11890#58	0
1808	0	1559700#7	0
1808	0	32782#0	1
1808	0	356576#0	0
1808	0	370011#0	0
1808	0	3700136#1	0
1808	0	47732#3	0
1808	0	885243#1	0
1808	0	885243#15	0
1808	0	885243#24	0
1810	0	2165967#4	0
1810	0	2165967#7	0
1810	0	3061845#17	0
1810	0	3333479#0	0
1810	0	4967186#1	0
1810	0	858419#0	1
1810	0	859065#0	1
1810	0	859065#2	0
1810	0	859065#4	1
1810	0	940725#0	0
183	0	1249#28	0
183	0	1249#31	0
183	0	19233#0	0
183	0	252296#3	0
183	0	30817#0	0
183	0	34511#0	0
183	0	4230268#1	0
183	0	4919#0	1
183	0	4919#13	1
183	0	5214546#0	0
1869	0	1046965#1	0
1869	0	1046965#8	0
1869	0	1997179#0	0
1869	0	3344852#3	1
1869	0	384831#0	1
1869	0	384831#11	0
1869	0	384831#9	0
1869	0	516163#1	0
1869	0	59750#0	0
1869	0	64866#27	0
1888	0	1799980#2	0
1888	0	634110#0	1
1888	0	634110#1	0
1888	0	634110#17	1
1888	0	634110#24	0
1888	0	634110#25	0
1888	0	634110#4	0
1888	0	634110#5	0
1888	0	634110#8	0
1888	0	634110#9	0
1895	0	2152#17	0
1895	0	2369583#0	0
1895	0	2588#25	0
1895	0	303687#0	1
1895	0	303687#4	1
1895	0	303687#5	0
1895	0	303687#6	0
1895	0	303687#7	0
1895	0	303687#8	0
1895	0	303687#9	0
1995	0	20833#0	0
1995	0	3307464#3	0
1995	0	3350425#0	0
1995	0	3515538#0	0
1995	0	3522318#0	1
1995	0	3522318#1	0
1995	0	3522318#2	0
1995	0	3522318#3	0
1995	0	4382425#0	0
1995	0	4992159#3	0
1995	0	965164#13	0
1995	0	965164#20	0
1998	0	1115799#2	0
1998	0	2158666#18	0
1998	0	3421869#0	0
1998	0	3863#66	0
1998	0	4209803#1	0
1998	0	4264357#6	0
1998	0	4427959#3	0
1998	0	4613588#2	0
1998	0	7576#0	1
1998	0	837895#1	0
2004	0	1060100#1	0
2004	0	1286158#0	0
2004	0	1918294#0	0
2004	0	2106615#0	0
2004	0	239473#0	0
2004	0	3280382#0	0
2004	0	353474#15	0
2004	0	3782572#0	0
2004	0	704263#0	1
2004	0	887161#0	0
2066	0	2438072#0	1
2066	0	2438072#1	0
2066	0	2438072#10	0
2066	0	2438072#12	0
2066	0	2438072#18	0
2066	0	2438072#20	0
2066	0	2438072#27	0
2066	0	2438072#4	1
2066	0	2438072#5	1
2066	0	4528156#0	0
2078	0	1101503#0	0
2078	0	12866#3	1
2078	0	12866#5	0
2078	0	1537#1	1
2078	0	1537#14	1
2078	0	1537#18	0
2078	0	1537#3	0
2078	0	308123#3	0
2078	0	308153#0	0
2078	0	308180#0	0
2114	0	12808#0	0
2114	0	2823582#1	0
2114	0	2825137#3	0
2114	0	6270#0	1
2114	0	6270#1	0
2114	0	6270#13	0
2114	0	6270#35	0
2114	0	6270#37	0
2114	0	6270#46	0
2114	0	824904#4	0
2120	0	144285#11	0
2120	0	2381191#3	0
2120	0	2381191#9	0
2120	0	2903340#0	0
2120	0	3032866#0	1
2120	0	3032866#3	0
2120	0	3211513#0	0
2120	0	403398#1	0
2120	0	4138310#0	1
2120	0	4142309#0	1
2261	0	1234196#15	0
2261	0	1305506#1	0
2261	0	1535542#5	0
2261	0	1715602#0	0
2261	0	3112560#2	0
2261	0	54677#0	1
2261	0	54677#1	0
2261	0	54677#2	0
2261	0	54677#9	1
2261	0	61769#16	0
2271	0	2162603#5	0
2271	0	2277407#2	0
2271	0	2475829#15	0
2271	0	3670533#3	0
2271	0	4031022#13	0
2271	0	519220#10	0
2271	0	519220#13	1
2271	0	519220#14	1
2271	0	519220#7	0
2271	0	519220#8	0
2294	0	126342#2	1
2294	0	1526955#0	0
2294	0	1775613#1	0
2294	0	28098#0	1
2294	0	28098#3	1
2294	0	28098#5	0
2294	0	28098#6	1
2294	0	3131533#2	0
2294	0	439297#0	0
2294	0	66912#22	1
2355	0	1059014#0	0
2355	0	1108676#0	0
2355	0	1992343#0	0
2355	0	21003#0	0
2355	0	2201265#0	1
2355	0	2787590#0	0
2355	0	2787753#19	1
2355	0	3290511#0	0
2355	0	4608551#0	0
2355	0	682643#1	0
2400	0	1268405#0	1
2400	0	2884702#1	0
2400	0	2884702#11	1
2400	0	2884702#12	0
2400	0	293398#0	0
2400	0	3770163#0	0
2400	0	4678298#30	0
2400	0	4819448#5	0
2400	0	8951#0	1
2400	0	8951#30	0
2423	0	1419472#0	0
2423	0	1768231#0	0
2423	0	222837#1	1
2423	0	233622#0	0
2423	0	2558733#0	0
2423	0	2737656#0	0
2423	0	296569#0	0
2423	0	361673#0	0
2423	0	575021#0	0
2423	0	817516#0	0
2611	0	1511399#0	0
2611	0	1531962#0	0
2611	0	1531962#13	0
2611	0	2314834#10	0
2611	0	2314834#11	0
2611	0	2945400#1	0
2611	0	379426#0	1
2611	0	4946283#1	0
2611	0	941676#0	0
2611	0	942098#0	0
2702	0	1562686#9	0
2702	0	1706660#0	0
2702	0	1857488#1	0
2702	0	1915794#0	0
2702	0	1933609#0	0
2702	0	3423179#1	0
2702	0	3851700#0	0
2702	0	4111012#0	1
2702	0	4164351#0	0
2702	0	4850386#2	0
2753	0	1571171#0	0
2753	0	1650498#0	0
2753	0	17602#1	0
2753	0	476796#1	0
2753	0	50775#0	1
2753	0	50775#2	0
2753	0	50775#3	0
2753	0	50775#38	0
2753	0	50775#6	1
2753	0	50775#7	0
2867	0	105002#0	0
2867	0	1438#105	0
2867	0	1438#22	0
2867	0	1438#44	0
2867	0	1438#45	0
2867	0	1438#6	1
2867	0	1438#60	0
2867	0	1438#77	0
2867	0	1469940#1	0
2867	0	319544#2	0
2893	0	1043081#5	0
2893	0	16224#56	0
2893	0	20286#4	0
2893	0	224981#2	0
2893	0	2406374#1	0
2893	0	2956494#0	1
2893	0	3139542#3	0
2893	0	3642663#11	0
2893	0	4941191#1	0
2893	0	726235#1	0
2896	0	12044#0	0
2896	0	127700#0	0
2896	0	127704#0	1
2896	0	147974#0	0
2896	0	1999023#0	0
2896	0	2581511#0	0
2896	0	268938#23	0
2896	0	2797888#0	0
2896	0	308174#12	0
2896	0	842471#0	0
2901	0	779029#0	1
2901	0	779029#1	0
2901	0	779029#11	0
2901	0	779029#19	0
2901	0	779029#2	0
2901	0	779029#20	0
2901	0	779029#23	0
2901	0	779029#24	0
2901	0	779029#25	0
2901	0	779029#3	0
2942	0	1000211#0	1
2942	0	1349753#0	0
2942	0	1363970#0	0
2942	0	1411521#0	0
2942	0	179710#3	0
2942	0	61889#7	0
2942	0	7956#60	0
2942	0	875440#0	0
2942	0	8799#6	0
2942	0	908698#0	0
2961	0	143429#36	0
2961	0	1668933#0	0
2961	0	18750#0	1
2961	0	18750#15	1
2961	0	3106350#0	1
2961	0	363880#0	0
2961	0	5066#0	0
2961	0	8659#16	0
2961	0	8670#35	0
2961	0	9086#24	0
2964	0	13788#1	0
2964	0	1656647#0	1
2964	0	1656647#22	0
2964	0	1656647#24	0
2964	0	1656647#3	0
2964	0	1656647#5	0
2964	0	2499252#1	0
2964	0	3136823#1	0
2964	0	3930833#0	0
2964	0	527892#0	0
2988	0	1057236#0	0
2988	0	3209891#0	0
2988	0	3361752#0	0
2988	0	3896879#0	0
2988	0	468204#0	0
2988	0	468226#0	1
2988	0	468226#1	1
2988	0	468226#2	1
2988	0	546730#0	0
2988	0	615885#0	0
3033	0	10491#23	1
3033	0	1651893#0	0
3033	0	1651893#2	0
3033	0	2121059#0	0
3033	0	2518130#0	0
3033	0	4419937#1	0
3033	0	522405#0	0
3033	0	752606#3	0
3033	0	752606#4	0
3033	0	778971#1	0
3053	0	101354#0	0
3053	0	10515#40	0
3053	0	10515#41	0
3053	0	10516#4	0
3053	0	164452#1	0
3053	0	19049#1	0
3053	0	239066#0	0
3053	0	33939#0	0
3053	0	33939#11	1
3053	0	33939#28	0
3092	0	150457#21	1
3092	0	1850763#14	0
3092	0	1850763#34	0
3092	0	1850763#50	0
3092	0	1850763#75	1
3092	0	264795#8	0
3092	0	264795#9	0
3092	0	3466036#14	0
3092	0	3466036#30	1
3092	0	3466036#31	1
3133	0	225702#0	1
3133	0	225702#1	0
3133	0	225702#10	1
3133	0	225702#11	0
3133	0	225702#24	0
3133	0	225702#25	0
3133	0	225702#31	0
3133	0	225702#48	0
3133	0	225702#49	0
3133	0	225702#51	0
3149	0	1156529#0	0
3149	0	1290571#0	0
3149	0	1772548#0	0
3149	0	3302923#0	0
3149	0	355652#0	1
3149	0	355652#3	0
3149	0	4615678#3	0
3149	0	5229878#3	0
3149	0	57717#12	1
3149	0	603929#0	0
3151	0	1774930#1	0
3151	0	48042#2	0
3151	0	48042#4	0
3151	0	55299#8	1
3151	0	624696#1	0
3151	0	624696#2	0
3151	0	625261#0	0
3151	0	625273#2	0
3151	0	630542#2	0
3151	0	937145#0	0
3165	0	1794390#0	1
3165	0	237183#0	1
3165	0	237183#3	1
3165	0	237183#4	1
3165	0	266999#1	1
3165	0	266999#2	0
3165	0	456765#0	0
3165	0	494698#11	1
3165	0	722877#0	1
3165	0	837372#0	1
32	0	1560307#9	0
32	0	1803#0	1
32	0	1803#3	0
32	0	1803#4	1
32	0	1803#6	0
32	0	2180742#0	0
32	0	2968024#1	0
32	0	3061087#1	0
32	0	334972#0	0
32	0	513431#1	0
32	0	527857#0	0
3203	0	1034031#0	0
3203	0	1095559#5	0
3203	0	149417#0	0
3203	0	1529030#0	0
3203	0	1602513#0	0
3203	0	1660270#0	0
3203	0	2461675#0	1
3203	0	3132011#7	0
3203	0	37874#2	1
3203	0	4265772#2	0
3311	0	1029070#0	0
3311	0	1890015#0	1
3311	0	1890015#1	1
3311	0	1890015#2	0
3311	0	1890015#3	0
3311	0	1890015#4	0
3311	0	1890015#5	1
3311	0	1890015#6	0
3311	0	1890032#0	0
3311	0	281580#0	0
3337	0	105972#0	0
3337	0	3412#77	0
3337	0	347525#1	0
3337	0	595182#2	0
3337	0	810047#0	0
3337	0	810047#2	1
3337	0	810047#5	0
3337	0	902519#0	0
3337	0	9298#47	0
3337	0	97048#10	0
3355	0	1027118#0	1
3355	0	1027118#3	0
3355	0	1027118#4	0
3355	0	1406993#5	0
3355	0	28876#0	0
3355	0	298661#17	0
3355	0	3641481#2	0
3355	0	4045136#2	0
3355	0	47198#0	0
3355	0	51840#0	0
3399	0	35636#7	0
3399	0	35638#0	1
3399	0	35638#12	0
3399	0	35638#4	0
3399	0	35638#8	0
3399	0	3616172#0	0
3399	0	3763781#4	0
3399	0	4997686#2	0
3399	0	5134540#0	0
3399	0	592370#27	0
3489	0	1299564#5	0
3489	0	1636095#0	0
3489	0	196528#1	1
3489	0	268956#9	1
3489	0	296039#14	0
3489	0	302091#3	0
3489	0	3254544#9	0
3489	0	4677750#8	0
3489	0	707747#3	0
3489	0	99970#22	0
3557	0	1411694#0	1
3557	0	16872#4	0
3557	0	16872#5	0
3557	0	1974091#0	1
3557	0	1994515#0	0
3557	0	1996502#0	0
3557	0	2185152#0	1
3557	0	2695078#0	0
3557	0	3309822#0	0
3557	0	49757#0	0
3571	0	3220836#0	0
3571	0	4330352#0	1
3571	0	4330352#2	1
3571	0	4330352#22	0
3571	0	4330352#24	0
3571	0	4330352#30	0
3571	0	4330352#32	0
3571	0	4330352#4	0
3571	0	4330352#9	0
3571	0	5159075#0	0
3594	0	14040#1	0
3594	0	14040#28	1
3594	0	14040#29	0
3594	0	1675508#4	1
3594	0	2355083#1	0
3594	0	2358762#2	0
3594	0	25256#40	0
3594	0	2723564#5	0
3594	0	2723564#99	0
3594	0	4019773#3	0
3715	0	3145620#4	0
3715	0	361894#13	0
3715	0	4522849#3	0
3715	0	6470#21	0
3715	0	6470#22	0
3715	0	6470#25	0
3715	0	6470#4	0
3715	0	6470#5	1
3715	0	6470#8	0
3715	0	68269#3	0
3730	0	1091182#0	0
3730	0	1532587#1	0
3730	0	1532587#9	0
3730	0	1567160#0	0
3730	0	3188069#1	0
3730	0	319752#0	0
3730	0	3915#23	0
3730	0	4506584#0	0
3730	0	47608#0	0
3730	0	868356#0	1
3738	0	12517#0	1
3738	0	12517#13	0
3738	0	12517#21	0
3738	0	12517#3	0
3738	0	12517#6	0
3738	0	12517#7	0
3738	0	12517#9	0
3738	0	1590762#13	0
3738	0	2365340#1	1
3738	0	278160#12	0
3800	0	1477428#0	0
3800	0	16412#0	0
3800	0	2884702#10	0
3800	0	2884702#11	0
3800	0	4306153#0	0
3800	0	5060936#4	0
3800	0	8951#1	0
3800	0	8951#17	0
3800	0	8951#30	1
3800	0	8951#5	0
3875	0	12808#0	1
3875	0	12808#10	0
3875	0	12808#8	0
3875	0	13520#0	0
3875	0	14646#18	0
3875	0	17471#0	0
3875	0	1962740#0	0
3875	0	319273#0	0
3875	0	3254435#3	0
3875	0	560176#3	0
3953	0	1491819#8	0
3953	0	1491819#9	0
3953	0	1721475#4	1
3953	0	19344#0	0
3953	0	2179552#0	1
3953	0	2222875#0	0
3953	0	2224183#0	0
3953	0	3019#2	0
3953	0	463470#13	0
3953	0	51832#0	0
4151	0	1144026#0	1
4151	0	1144026#1	0
4151	0	1238282#0	0
4151	0	1238282#18	0
4151	0	1253#47	1
4151	0	1346221#37	0
4151	0	2484585#22	1
4151	0	4664#30	1
4151	0	843250#0	1
4151	0	843250#3	0
4157	0	11555#0	1
4157	0	11609#0	0
4157	0	335774#0	0
4157	0	62415#0	0
4157	0	81300#0	0
4157	0	81303#0	0
4157	0	88221#0	0
4157	0	88229#0	0
4157	0	88238#0	0
4157	0	903321#0	0
419	0	16031#4	0
419	0	1740015#19	0
419	0	2277#86	0
419	0	2844184#0	0
419	0	35571#0	0
419	0	3653765#2	0
419	0	38123#4	0
419	0	528235#0	0
419	0	583733#50	0
419	0	94711#0	1
4219	0	1992961#0	0
4219	0	2752386#0	0
4219	0	4304668#0	0
4219	0	4316030#0	0
4219	0	724647#0	0
4219	0	876521#0	1
4219	0	876521#3	0
4219	0	876521#4	1
4219	0	876521#5	0
4219	0	950824#0	0
4230	0	11859#34	0
4230	0	14806#63	0
4230	0	176814#12	1
4230	0	1969622#25	0
4230	0	318427#4	0
4230	0	3955#0	1
4230	0	3955#2	0
4230	0	3955#3	0
4230	0	3955#4	1
4230	0	512817#1	1
4271	0	1409592#0	0
4271	0	1571750#0	0
4271	0	1765676#0	0
4271	0	1771937#0	0
4271	0	2470774#0	0
4271	0	3860081#0	1
4271	0	673465#0	1
4271	0	951564#0	0
4271	0	951953#0	1
4271	0	953437#0	0
4295	0	11641#8	0
4295	0	133615#5	1
4295	0	1468720#0	1
4295	0	1468720#1	0
4295	0	1468720#2	0
4295	0	1468720#3	1
4295	0	1468720#4	0
4295	0	1831335#0	0
4295	0	4598#65	0
4295	0	642238#0	0
431	0	1234676#10	1
431	0	2076477#0	1
431	0	2076477#1	1
431	0	2076477#19	1
431	0	2076477#2	1
431	0	2076477#20	0
431	0	2076477#3	1
431	0	2076477#4	1
431	0	2076477#5	1
431	0	2076477#6	0
4312	0	15010#33	0
4312	0	1650812#1	1
4312	0	29003#57	1
4312	0	3265716#3	1
4312	0	3682#0	1
4312	0	3682#13	0
4312	0	3682#15	1
4312	0	4426121#16	1
4312	0	45764#13	1
4312	0	5488#70	1
4397	0	12152#4	1
4397	0	12152#5	0
4397	0	335999#0	0
4397	0	413810#0	0
4397	0	434001#2	0
4397	0	434001#4	0
4397	0	4997686#2	0
4397	0	514143#3	0
4397	0	592370#27	0
4397	0	747677#0	0
4484	0	1238309#6	0
4484	0	142251#2	0
4484	0	268315#2	0
4484	0	2820722#0	0
4484	0	3322627#0	0
4484	0	5198798#0	0
4484	0	621756#0	0
4484	0	762354#0	1
4484	0	762354#2	0
4484	0	871889#0	0
4615	0	1092868#0	1
4615	0	1092868#1	0
4615	0	207815#4	0
4615	0	2766772#1	0
4615	0	2979055#60	0
4615	0	3081542#6	0
4615	0	3142876#11	0
4615	0	3164462#1	0
4615	0	4386821#0	0
4615	0	4543714#0	0
4616	0	1014107#2	0
4616	0	1723959#0	0
4616	0	277090#5	0
4616	0	3324159#0	0
4616	0	3365179#2	0
4616	0	351010#0	1
4616	0	351010#1	0
4616	0	3516847#34	0
4616	0	39369#69	0
4616	0	94626#14	0
4649	0	1288174#19	0
4649	0	13238#0	0
4649	0	1453899#0	0
4649	0	1910740#0	0
4649	0	3024442#2	0
4649	0	31686#0	0
4649	0	3358073#0	0
4649	0	365651#0	1
4649	0	402650#0	1
4649	0	852778#1	0
4724	0	10409#0	1
4724	0	12560#0	0
4724	0	2963153#4	1
4724	0	29750#0	0
4724	0	29750#6	0
4724	0	39369#34	0
4724	0	458214#7	0
4724	0	508995#7	1
4724	0	8224#1	0
4724	0	8452#1	0
4742	0	1091329#0	0
4742	0	1250#10	1
4742	0	15590#3	0
4742	0	15590#4	1
4742	0	15590#5	0
4742	0	1745675#0	0
4742	0	303707#1	0
4742	0	3076694#6	0
4742	0	414763#0	0
4742	0	4339039#3	0
4765	0	123334#0	1
4765	0	123334#11	0
4765	0	123334#15	0
4765	0	123334#37	0
4765	0	123334#6	0
4765	0	1661780#0	0
4765	0	2478564#0	0
4765	0	3778845#41	0
4765	0	487731#0	0
4765	0	934289#0	0
4796	0	1013609#0	0
4796	0	1457716#0	0
4796	0	172831#0	0
4796	0	172863#0	0
4796	0	1820900#0	0
4796	0	3705793#5	0
4796	0	3736830#0	0
4796	0	483982#0	0
4796	0	576753#0	1
4796	0	957248#0	0
4830	0	1258818#0	0
4830	0	16760#0	0
4830	0	206587#4	0
4830	0	314868#2	0
4830	0	31532#5	0
4830	0	3896#0	0
4830	0	3896#4	1
4830	0	3896#6	0
4830	0	4224959#8	0
4830	0	481560#0	0
4867	0	1205560#0	0
4867	0	1499066#19	0
4867	0	1932334#0	1
4867	0	2175981#3	0
4867	0	274780#3	0
4867	0	2796643#0	0
4867	0	2898369#0	0
4867	0	408713#0	0
4867	0	441057#0	0
4867	0	87586#1	0
4902	0	2691735#3	0
4902	0	3088018#0	0
4902	0	3106350#0	0
4902	0	3106350#11	1
4902	0	3106350#18	0
4902	0	3106350#19	0
4902	0	3106350#45	0
4902	0	3106350#47	0
4902	0	3106350#72	0
4902	0	3231045#0	0
4903	0	1097041#0	1
4903	0	1097041#10	1
4903	0	21220#8	0
4903	0	252391#13	1
4903	0	3089177#1	0
4903	0	32280#10	1
4903	0	32280#4	0
4903	0	38128#0	1
4903	0	5114162#3	0
4903	0	987052#7	0
4917	0	1184456#2	0
4917	0	15304#0	1
4917	0	15304#1	0
4917	0	2088429#0	0
4917	0	25051#9	0
4917	0	2509#37	0
4917	0	2796209#1	0
4917	0	2837434#5	0
4917	0	29225#21	0
4917	0	293523#8	1
497	0	1574#18	0
497	0	25256#66	1
497	0	5488#23	1
497	0	754703#2	1
497	0	87822#1	0
497	0	87822#18	0
497	0	87822#19	0
497	0	87822#2	0
497	0	87822#3	0
497	0	87822#7	0
5015	0	17185#0	1
5015	0	17185#1	1
5015	0	17185#32	0
5015	0	17185#38	0
5015	0	17185#39	0
5015	0	17185#9	0
5015	0	2781305#0	0
5015	0	2866897#1	0
5015	0	2867170#0	0
5015	0	955686#27	0
5029	0	1059054#12	0
5029	0	1522921#2	0
5029	0	31410#24	0
5029	0	31410#9	0
5029	0	409288#0	0
5029	0	4250595#3	0
5029	0	4605697#0	0
5029	0	46404#69	0
5029	0	7204#8	0
5029	0	80621#0	1
5076	0	3438067#0	0
5076	0	48062#0	0
5076	0	5001792#0	0
5076	0	5001819#0	0
5076	0	5060939#0	0
5076	0	5154476#0	0
5076	0	5155974#0	0
5076	0	61553#0	1
5076	0	61553#1	1
5076	0	61553#2	0
5106	0	1322987#0	0
5106	0	1499939#0	1
5106	0	2383561#3	0
5106	0	23991#3	0
5106	0	23991#4	0
5106	0	32433#2	0
5106	0	3439159#9	0
5106	0	3455859#47	0
5106	0	35565#39	0
5106	0	87772#0	0
5163	0	10024#0	1
5163	0	10024#15	0
5163	0	10024#34	0
5163	0	10024#47	0
5163	0	10024#5	0
5163	0	10024#51	0
5163	0	10024#60	0
5163	0	10024#7	0
5163	0	10024#8	0
5163	0	1020667#15	0
520	0	2705773#0	0
520	0	3164462#1	0
520	0	4503561#1	0
520	0	4503561#5	0
520	0	4503561#9	0
520	0	51624#0	1
520	0	51624#16	0
520	0	51624#2	0
520	0	51624#3	0
520	0	51624#4	0
5241	0	1434593#1	0
5241	0	3453197#1	0
5241	0	46804#0	1
5241	0	46804#1	1
5241	0	46804#16	0
5241	0	46804#19	0
5241	0	46804#2	1
5241	0	46804#3	0
5241	0	46804#4	0
5241	0	46804#6	0
5251	0	1424571#0	0
5251	0	16197#7	0
5251	0	251620#1	0
5251	0	2713891#0	0
5251	0	4529818#0	0
5251	0	52787#0	1
5251	0	52787#23	0
5251	0	52787#24	0
5251	0	52787#25	0
5251	0	52787#8	1
5343	0	3242845#0	0
5343	0	3434962#0	0
5343	0	3434968#0	0
5343	0	4308700#0	0
5343	0	4313235#0	0
5343	0	4334386#0	0
5343	0	4334386#1	0
5343	0	466513#0	1
5343	0	466513#1	0
5343	0	466513#2	1
5352	0	1280929#0	1
5352	0	1280929#18	1
5352	0	1280929#2	1
5352	0	1280929#65	0
5352	0	1831475#0	0
5352	0	195605#0	0
5352	0	2164820#4	0
5352	0	2588#0	0
5352	0	3410942#1	0
5352	0	4883055#0	0
5386	0	16736#0	1
5386	0	16736#11	0
5386	0	16736#2	0
5386	0	16736#22	0
5386	0	16736#25	0
5386	0	16736#30	0
5386	0	16736#33	0
5386	0	16736#4	0
5386	0	16736#5	0
5386	0	16736#6	0
5574	0	1598843#0	0
5574	0	1773869#4	0
5574	0	2287664#4	0
5574	0	2408658#0	0
5574	0	2526780#0	0
5574	0	521185#0	0
5574	0	529330#7	0
5574	0	536082#0	0
5574	0	575259#0	1
5574	0	900337#1	0
5576	0	1050940#7	0
5576	0	1106685#0	0
5576	0	1520341#0	0
5576	0	2804674#0	0
5576	0	2880819#0	0
5576	0	2923893#0	0
5576	0	43580#0	1
5576	0	43580#1	0
5576	0	5271569#0	0
5576	0	546730#0	0
5609	0	1063562#28	0
5609	0	1176815#4	0
5609	0	22268#28	0
5609	0	22268#6	0
5609	0	24773#6	0
5609	0	252211#0	1
5609	0	3207506#2	0
5609	0	3835926#12	0
5609	0	3845235#5	0
5609	0	704177#4	0
5759	0	1167110#1	0
5759	0	3194578#9	0
5759	0	3586321#11	0
5759	0	574918#1	0
5759	0	63846#42	1
5759	0	63846#43	0
5759	0	63846#44	0
5759	0	63846#46	0
5759	0	640700#6	0
5759	0	68501#2	0
5797	0	1001118#0	0
5797	0	3477#0	1
5797	0	3477#1	0
5797	0	3477#2	0
5797	0	3477#35	0
5797	0	3477#5	0
5797	0	3477#8	0
5797	0	4606024#0	1
5797	0	4606024#1	1
5797	0	579638#0	0
5878	0	2911940#7	0
5878	0	3277949#1	1
5878	0	4320951#0	0
5878	0	662558#44	0
5878	0	88436#2	0
5878	0	88436#22	0
5878	0	88436#29	0
5878	0	88436#36	0
5878	0	88436#7	0
5878	0	99236#3	0
5897	0	118836#2	0
5897	0	12054#1	0
5897	0	1713819#22	0
5897	0	20175#2	0
5897	0	20177#0	0
5897	0	2214725#0	0
5897	0	61474#1	0
5897	0	861834#22	0
5897	0	9737#0	0
5897	0	9743#0	1
5955	0	1733046#13	0
5955	0	1733046#19	0
5955	0	1733046#20	1
5955	0	1733046#28	0
5955	0	1733046#57	0
5955	0	1733046#60	0
5955	0	1840619#0	1
5955	0	2889414#0	0
5955	0	3160720#3	0
5955	0	3167434#4	0
5955	0	3736999#0	0
6042	0	1432939#16	0
6042	0	2449865#7	0
6042	0	2836997#1	0
6042	0	2836997#2	0
6042	0	2836997#7	0
6042	0	2930060#11	0
6042	0	4619191#7	0
6042	0	4885724#0	1
6042	0	4885724#18	1
6042	0	5134729#28	0
6057	0	1967560#1	0
6057	0	3702607#11	0
6057	0	3702607#3	0
6057	0	3702607#8	0
6057	0	54833#0	0
6057	0	54833#19	0
6057	0	54833#2	1
6057	0	54833#20	1
6057	0	54833#23	0
6057	0	54833#35	0
6076	0	1369#24	0
6076	0	141039#10	0
6076	0	141039#12	0
6076	0	141039#25	0
6076	0	141039#42	0
6076	0	1478974#2	0
6076	0	151288#0	0
6076	0	172933#33	0
6076	0	2277#6	1
6076	0	455271#11	1
6119	0	1491821#0	1
6119	0	1491821#10	0
6119	0	1491821#24	0
6119	0	1491821#39	0
6119	0	29066#9	0
6119	0	3134579#2	0
6119	0	3134579#5	0
6119	0	6308#16	1
6119	0	79470#13	0
6119	0	79470#15	0
6230	0	1600924#1	0
6230	0	246735#0	1
6230	0	246735#1	0
6230	0	246735#12	0
6230	0	246735#2	0
6230	0	246735#6	0
6230	0	268611#6	0
6230	0	4310104#0	0
6230	0	538117#1	0
6230	0	612989#1	1
6234	0	172545#0	1
6234	0	172545#1	0
6234	0	172545#10	0
6234	0	172545#2	0
6234	0	172545#3	0
6234	0	172545#4	0
6234	0	172545#5	0
6234	0	172545#9	0
6234	0	3081038#0	0
6234	0	597489#0	0
6259	0	1027501#0	0
6259	0	1250#0	1
6259	0	1250#1	1
6259	0	1250#2	1
6259	0	1250#3	0
6259	0	1250#38	0
6259	0	15590#4	0
6259	0	303707#4	1
6259	0	4288927#0	0
6259	0	4878628#4	0
6270	0	1099997#0	0
6270	0	1112659#0	1
6270	0	2650033#0	0
6270	0	3300936#0	0
6270	0	3433171#0	0
6270	0	3459649#13	0
6270	0	3459649#16	0
6270	0	4522396#64	0
6270	0	4524009#29	0
6270	0	4996600#0	0
6303	0	151284#6	0
6303	0	2089351#1	0
6303	0	2554950#0	1
6303	0	2657113#0	0
6303	0	30326#0	0
6303	0	3537941#0	0
6303	0	8064#0	0
6303	0	844822#2	0
6303	0	844822#4	0
6303	0	850045#0	0
6337	0	1051193#6	0
6337	0	12805#3	0
6337	0	1498060#0	0
6337	0	3862723#10	0
6337	0	4401#0	1
6337	0	4401#14	0
6337	0	4401#23	0
6337	0	4401#29	1
6337	0	4401#35	0
6337	0	4401#37	0
6365	0	1157308#0	0
6365	0	1278579#0	1
6365	0	1324755#55	0
6365	0	1360446#0	0
6365	0	1360446#1	0
6365	0	2841350#0	0
6365	0	4224567#0	0
6365	0	5165578#0	0
6473	0	11268#33	0
6473	0	1415#27	0
6473	0	1835601#3	1
6473	0	245874#5	0
6473	0	290451#2	0
6473	0	294625#42	0
6473	0	328320#0	0
6473	0	6832#13	0
6473	0	6832#14	0
6527	0	11838#1	1
6527	0	11838#8	0
6527	0	1663812#0	0
6527	0	17840#3	0
6527	0	261311#0	0
6527	0	3723699#3	1
6527	0	3951909#0	0
6527	0	4766317#0	0
6527	0	78182#0	0
6527	0	951196#1	0
6582	0	2189314#0	0
6582	0	5024#0	1
6582	0	5024#10	0
6582	0	5024#15	0
6582	0	5024#2	0
6582	0	5024#33	0
6582	0	5024#36	0
6582	0	5024#47	0
6582	0	5024#61	0
6582	0	5024#63	0
6706	0	129264#5	0
6706	0	2739805#6	0
6706	0	2739805#7	0
6706	0	2926874#0	0
6706	0	3268137#0	1
6706	0	3268137#2	0
6706	0	391660#0	0
6706	0	391749#0	0
6706	0	391749#14	0
6706	0	391749#9	0
6832	0	1488953#2	0
6832	0	1562774#0	0
6832	0	1562774#64	0
6832	0	1680913#7	0
6832	0	2319056#6	0
6832	0	3758318#10	0
6832	0	3758318#7	0
6832	0	724185#0	0
6832	0	961263#0	1
6832	0	991296#0	0
6866	0	1581#0	1
6866	0	1581#10	0
6866	0	1581#90	0
6866	0	164601#0	0
6866	0	1780436#5	1
6866	0	2952430#0	1
6866	0	421043#1	0
6866	0	4684#0	0
6866	0	482689#0	0
6866	0	6888#33	0
6887	0	1291279#0	0
6887	0	277533#0	0
6887	0	277533#2	0
6887	0	277533#7	1
6887	0	277533#8	0
6887	0	277533#9	0
6887	0	3302609#0	0
6887	0	3361072#0	0
6887	0	3854651#0	0
6887	0	589078#0	0
7007	0	1547852#14	0
7007	0	1824299#0	0
7007	0	190371#60	1
7007	0	190371#61	0
7007	0	3293833#0	0
7007	0	3293833#4	0
7007	0	3894324#0	0
7007	0	4276464#0	0
7007	0	4910479#8	0
7007	0	907925#1	0
7030	0	120240#0	1
7030	0	120240#1	0
7030	0	120240#12	0
7030	0	120240#13	0
7030	0	120240#14	0
7030	0	120240#3	0
7030	0	120240#6	0
7030	0	120240#7	0
7030	0	120240#9	0
7030	0	3179246#0	0
7045	0	3328619#0	0
7045	0	3328619#1	0
7045	0	3329187#0	0
7045	0	3428149#0	1
7045	0	3737351#25	0
7045	0	4320977#9	0
7045	0	724435#2	0
7045	0	724435#4	0
7045	0	724435#43	0
7045	0	724435#61	0
7096	0	1087143#2	0
7096	0	11782#11	0
7096	0	34788#0	1
7096	0	34788#1	0
7096	0	384962#0	0
7096	0	6944#1	0
7096	0	7179#36	0
7096	0	886098#13	0
7096	0	886098#60	0
7096	0	970812#27	0
716	0	137624#0	1
716	0	137624#1	0
716	0	137624#10	0
716	0	137624#13	0
716	0	137624#2	0
716	0	137624#8	0
716	0	1770109#0	0
716	0	353385#31	0
716	0	52671#0	0
716	0	891574#0	0
719	0	1198240#0	0
719	0	1199841#0	0
719	0	1470718#0	0
719	0	152087#0	0
719	0	1774930#0	0
719	0	3110382#0	0
719	0	473124#0	1
719	0	473124#1	0
719	0	473124#3	0
719	0	546379#0	0
7412	0	1343955#29	1
7412	0	1594058#0	1
7412	0	1594058#3	1
7412	0	1594058#9	0
7412	0	190343#2	1
7412	0	2371466#0	0
7412	0	29003#22	0
7412	0	2924230#2	0
7412	0	3104081#0	1
7412	0	3178574#0	0
7468	0	1720231#10	0
7468	0	1720231#12	0
7468	0	1720231#4	0
7468	0	2341199#67	0
7468	0	2341199#69	0
7468	0	4542540#0	0
7468	0	595751#0	0
7468	0	595751#1	1
7468	0	595751#4	0
7468	0	595751#5	0
7499	0	154204#0	1
7499	0	154204#1	1
7499	0	154204#2	0
7499	0	154204#3	1
7499	0	2669649#15	0
7499	0	353474#0	0
7499	0	353474#15	0
7499	0	3578192#0	0
7499	0	4087803#1	0
7499	0	4619462#17	0
7499	0	5201804#0	0
7499	0	64489#8	0
750	0	1911#9	0
750	0	1928794#0	0
750	0	2651932#0	0
750	0	5336#0	1
750	0	5336#1	1
750	0	5336#11	0
750	0	5336#18	0
750	0	5336#19	0
750	0	5336#2	0
750	0	5336#21	0
7503	0	1222853#22	0
7503	0	2523767#30	0
7503	0	3321416#0	0
7503	0	3321416#2	0
7503	0	3321416#4	0
7503	0	4376728#11	1
7503	0	748241#0	0
7503	0	748241#19	0
7503	0	748241#22	0
7503	0	7500#69	0
7594	0	196138#0	0
7594	0	2290973#0	0
7594	0	2491818#0	0
7594	0	2909719#0	0
7594	0	3162657#0	0
7594	0	4169106#0	0
7594	0	4717281#0	0
7594	0	948721#0	1
7594	0	948721#4	0
7599	0	13515#0	0
7599	0	15046#0	1
7599	0	15046#2	0
7599	0	15046#28	0
7599	0	15046#30	0
7599	0	15046#31	0
7599	0	15784#2	0
7599	0	2656278#0	0
7599	0	3665626#0	0
7599	0	4993435#1	0
7605	0	1343#31	0
7605	0	1446#0	1
7605	0	1446#4	0
7605	0	1446#6	0
7605	0	14709#17	0
7605	0	1536605#11	0
7605	0	1536605#7	0
7605	0	3230613#2	0
7605	0	619207#4	0
7605	0	657474#37	0
761	0	1698675#0	0
761	0	1698675#1	0
761	0	1698675#3	1
761	0	1698675#4	0
761	0	1839947#1	0
761	0	1839947#18	0
761	0	1839947#5	0
761	0	290297#27	0
761	0	54083#14	0
785	0	1040110#14	0
785	0	1107463#1	0
785	0	1760116#8	0
785	0	184986#6	0
785	0	187025#9	0
785	0	43202#5	1
785	0	4479109#1	0
785	0	4479109#2	0
785	0	4479109#3	0
785	0	4479109#4	0
785	0	68313#3	1
7935	0	1673210#0	0
7935	0	295098#0	1
7935	0	295098#1	1
7935	0	295098#2	0
7935	0	3097727#0	0
7935	0	3265730#0	0
7935	0	4118257#0	0
7935	0	4330479#0	0
7935	0	5161942#0	0
7935	0	820170#0	0
7938	0	1060878#1	0
7938	0	2367490#0	0
7938	0	3771410#0	0
7938	0	50037#0	1
7938	0	50037#10	0
7938	0	50037#22	0
7938	0	50037#27	0
7938	0	50037#3	0
7938	0	50037#4	0
7938	0	50037#6	0
8041	0	1096268#0	0
8041	0	1536153#0	0
8041	0	1536181#0	0
8041	0	1536205#0	0
8041	0	1541956#0	1
8041	0	1541970#0	0
8041	0	1726404#0	0
8041	0	2752189#0	0
8041	0	80259#0	1
8041	0	80259#6	0
8057	0	1044251#0	0
8057	0	1266685#48	0
8057	0	1266685#53	0
8057	0	27743#0	1
8057	0	27743#4	0
8057	0	27743#5	0
8057	0	27743#7	0
8057	0	562572#19	0
8057	0	562572#7	0
8057	0	960685#2	0
8077	0	2874747#0	0
8077	0	2897867#0	0
8077	0	2917728#0	0
8077	0	2931223#0	0
8077	0	481672#0	0
8077	0	481672#1	0
8077	0	481672#11	0
8077	0	481672#12	0
8077	0	481672#18	0
8077	0	481672#5	1
8089	0	1128064#24	0
8089	0	1389#51	0
8089	0	1493#10	0
8089	0	1789842#0	0
8089	0	1934790#0	1
8089	0	2469721#0	0
8089	0	360595#1	0
8089	0	4476718#0	0
8089	0	4527502#0	0
8089	0	629636#0	0
8212	0	1819#2	1
8212	0	1819#4	0
8212	0	235922#2	1
8212	0	243476#21	0
8212	0	3064706#0	0
8212	0	3064706#1	0
8212	0	3064706#232	0
8212	0	3461504#2	0
8212	0	3461504#3	0
8212	0	45698#21	0
8252	0	2617576#0	0
8252	0	3268609#3	0
8252	0	444670#0	1
8252	0	4606074#0	0
8252	0	514325#0	0
8252	0	595750#0	1
8252	0	674562#0	1
8252	0	674562#11	1
8252	0	856531#5	0
8252	0	935131#1	0
8276	0	1129232#0	0
8276	0	14617#0	0
8276	0	1692917#0	0
8276	0	2081306#0	0
8276	0	293671#0	1
8276	0	3510634#0	0
8276	0	358457#0	0
8276	0	4160770#0	0
8276	0	4759323#0	0
8276	0	853730#0	0
8281	0	10650#2	0
8281	0	20072#3	0
8281	0	2315932#1	0
8281	0	26912#14	0
8281	0	363676#3	0
8281	0	61872#0	0
8281	0	61872#1	0
8281	0	61872#29	0
8281	0	61973#0	1
8281	0	62904#5	0
8318	0	1493908#0	0
8318	0	1826503#0	0
8318	0	44245#0	1
8318	0	44245#25	0
8318	0	44245#27	0
8318	0	44245#3	1
8318	0	44245#4	0
8318	0	443116#2	0
8318	0	5229493#0	0
8318	0	52321#0	0
8383	0	127015#19	0
8383	0	1463678#7	1
8383	0	34577#8	0
8383	0	488497#1	0
8383	0	488497#12	0
8383	0	488497#2	0
8383	0	514499#2	1
8383	0	83001#3	0
8383	0	9415#54	0
8383	0	9415#9	0
8386	0	1463678#11	1
8386	0	300021#0	1
8386	0	300021#1	0
8386	0	300021#13	0
8386	0	300021#17	0
8386	0	300021#19	0
8386	0	300021#25	0
8386	0	300021#3	0
8386	0	300021#32	0
8386	0	300021#4	0
8417	0	1076642#0	1
8417	0	1076642#1	0
8417	0	1076642#2	0
8417	0	1454936#0	0
8417	0	1454938#0	0
8417	0	2336545#0	0
8417	0	2336545#4	0
8417	0	2532676#1	0
8417	0	315951#0	0
8417	0	343900#0	1
8443	0	1263694#0	0
8443	0	1595355#6	0
8443	0	203282#0	0
8443	0	3810662#0	0
8443	0	3812682#0	0
8443	0	4944602#1	1
8443	0	4950668#0	0
8443	0	8670#0	1
8443	0	8670#27	0
8443	0	8670#3	0
8573	0	314831#0	0
8573	0	314831#2	0
8573	0	4051686#0	0
8573	0	4051686#1	0
8573	0	4306929#0	0
8573	0	816885#0	1
8573	0	816885#1	0
8573	0	816885#2	0
8573	0	816885#3	0
8573	0	854004#0	0
8578	0	142404#1	0
8578	0	1951842#0	0
8578	0	23731#0	1
8578	0	23731#1	0
8578	0	23731#19	0
8578	0	23731#3	0
8578	0	2514613#0	1
8578	0	2902728#0	0
8578	0	3152776#22	0
8578	0	3152776#3	0
8610	0	123835#8	0
8610	0	1292952#0	0
8610	0	1770269#0	1
8610	0	1868357#0	0
8610	0	2520119#0	1
8610	0	2520119#1	1
8610	0	252069#1	0
8610	0	2986394#0	0
8610	0	3084486#1	0
8610	0	822191#7	0
8669	0	22902#15	0
8669	0	2523767#30	0
8669	0	253121#12	0
8669	0	25722#29	0
8669	0	25722#50	0
8669	0	25722#65	0
8669	0	2865476#4	0
8669	0	366052#1	0
8669	0	753389#19	0
8669	0	883485#29	1
870	0	10455#0	0
870	0	1110461#0	1
870	0	1110461#1	0
870	0	12418#21	1
870	0	1442164#0	0
870	0	27685#3	0
870	0	2826864#11	0
870	0	4848508#0	0
870	0	609997#11	0
870	0	643987#1	0
870	0	952109#0	1
8709	0	25935#0	0
8709	0	25935#1	0
8709	0	25935#10	0
8709	0	25935#2	0
8709	0	25935#6	0
8709	0	25935#8	1
8709	0	2969809#0	0
8709	0	43650#41	0
8709	0	820890#0	0
8709	0	820890#2	0
8721	0	1505485#0	0
8721	0	1505485#17	0
8721	0	190371#56	0
8721	0	3913165#16	0
8721	0	4030877#11	0
8721	0	846443#0	1
8721	0	846443#1	0
8721	0	846443#2	0
8721	0	846443#3	0
8721	0	846443#5	0
8781	0	1442312#0	0
8781	0	267035#0	0
8781	0	4382987#0	1
8781	0	4382987#1	1
8781	0	4382987#2	1
8781	0	4382987#3	0
8781	0	4382987#4	0
8781	0	4382987#5	0
8781	0	531734#0	0
8781	0	80203#0	0
8809	0	3163101#0	0
8809	0	316387#0	0
8809	0	316387#1	0
8809	0	3520472#0	0
8809	0	3673#40	0
8809	0	417419#2	0
8809	0	437685#0	0
8809	0	4508248#15	1
8809	0	4508248#18	0
8809	0	670940#0	0
8843	0	102360#0	0
8843	0	1232896#0	0
8843	0	210496#0	0
8843	0	241406#1	0
8843	0	28124#0	1
8843	0	28124#1	0
8843	0	5221423#2	0
8843	0	533021#0	0
8843	0	536633#2	0
8843	0	536645#0	0
8922	0	1221435#10	0
8922	0	1228710#0	0
8922	0	1417389#1	0
8922	0	1603394#0	0
8922	0	391819#1	0
8922	0	62783#1	0
8922	0	62783#2	1
8922	0	62783#5	0
8922	0	62783#7	0
8922	0	62783#8	0
8960	0	302765#0	0
8960	0	3700418#19	0
8960	0	9380#0	1
8960	0	9380#12	1
8960	0	9380#14	0
8960	0	9380#16	0
8960	0	9380#17	0
8960	0	9380#2	1
8960	0	9380#20	1
8960	0	9380#5	1
897	0	1165277#1	0
897	0	1792446#1	0
897	0	1792446#2	0
897	0	3397093#0	0
897	0	34054#0	1
897	0	34054#2	0
897	0	34054#5	0
897	0	34054#6	0
897	0	3454562#0	0
897	0	479081#0	1
897	0	481294#0	0
9027	0	1032727#7	0
9027	0	201990#0	0
9027	0	225876#0	0
9027	0	2332#0	1
9027	0	2332#24	1
9027	0	2332#25	0
9027	0	2332#3	0
9027	0	296436#1	0
9027	0	3572#38	0
9027	0	37979#19	0
9063	0	1150013#0	0
9063	0	1500882#0	0
9063	0	275958#0	1
9063	0	5268707#0	0
9063	0	657029#0	0
9063	0	681713#0	0
9063	0	727025#0	0
9063	0	727025#2	0
9063	0	727025#3	0
9063	0	727025#5	1
9068	0	1007130#1	0
9068	0	1007130#5	0
9068	0	1007130#7	0
9068	0	1039883#0	0
9068	0	1364943#0	1
9068	0	1936539#1	0
9068	0	4249380#1	0
9068	0	449324#0	0
9068	0	5219549#15	0
9068	0	68606#6	0
9121	0	1476377#14	1
9121	0	1534737#46	0
9121	0	16639#0	1
9121	0	1756282#2	0
9121	0	2865175#9	0
9121	0	4329556#0	0
9121	0	4423076#1	0
9121	0	55164#0	0
9121	0	723334#2	0
9121	0	907836#27	0
9160	0	1328223#0	0
9160	0	1782635#0	0
9160	0	247390#0	0
9160	0	2837752#0	0
9160	0	3021455#5	0
9160	0	328237#1	0
9160	0	3697#0	1
9160	0	3697#5	0
9160	0	3697#6	0
9160	0	954342#1	0
9287	0	1014980#0	0
9287	0	1155898#0	0
9287	0	1168732#0	0
9287	0	1419113#0	0
9287	0	1419113#1	1
9287	0	1419113#2	0
9287	0	1419113#3	0
9287	0	2335468#0	0
9287	0	2927029#0	0
9287	0	3018#1	0
9298	0	131007#14	0
9298	0	14662#20	0
9298	0	155092#4	0
9298	0	18669#8	1
9298	0	27877#14	0
9298	0	283717#14	0
9298	0	294625#45	0
9298	0	31344#2	0
9298	0	532861#20	0
9298	0	937270#1	0
9303	0	3041806#0	0
9303	0	307899#0	0
9303	0	3275321#0	0
9303	0	335601#0	0
9303	0	3642611#0	0
9303	0	42489#0	1
9303	0	42489#10	0
9303	0	42489#2	1
9303	0	912869#0	1
9303	0	912869#2	0
940	0	1330#0	1
940	0	1330#23	0
940	0	1330#27	0
940	0	28122#5	0
940	0	3028754#5	0
940	0	425451#1	0
940	0	4297452#1	0
940	0	4430305#0	0
940	0	585434#0	0
940	0	63409#0	0
9406	0	161445#1	0
9406	0	1914518#0	0
9406	0	2281456#0	0
9406	0	3770246#0	0
9406	0	41294#0	1
9406	0	41294#1	0
9406	0	41294#14	0
9406	0	41294#4	0
9406	0	4948332#0	0
9406	0	858706#0	0
9458	0	129756#0	0
9458	0	2754020#0	1
9458	0	2754020#1	0
9458	0	3781360#3	1
9458	0	4072622#0	0
9458	0	4255817#0	0
9458	0	4892787#0	0
9458	0	4910280#0	0
9458	0	5158460#0	0
9458	0	5201624#0	0
9462	0	494915#0	1
9462	0	494915#1	0
9462	0	494915#10	0
9462	0	494915#11	0
9462	0	494915#14	0
9462	0	494915#15	0
9462	0	494915#18	0
9462	0	494915#20	0
9462	0	494915#21	0
9462	0	494915#27	0
9497	0	11421#0	0
9497	0	11421#23	0
9497	0	11421#6	1
9497	0	16703#22	0
9497	0	171730#0	0
9497	0	2277#86	1
9497	0	2277#88	0
9497	0	4678298#53	0
9497	0	4678298#55	0
9497	0	583733#0	1
9556	0	1009379#13	0
9556	0	1420147#4	1
9556	0	1710591#8	0
9556	0	1714461#1	0
9556	0	1716027#1	0
9556	0	183431#0	1
9556	0	183431#38	0
9556	0	397103#1	0
9556	0	400490#50	0
9556	0	4480474#2	0
9634	0	1172268#2	0
9634	0	1917634#0	0
9634	0	226335#0	0
9634	0	236245#5	0
9634	0	2977748#0	0
9634	0	5223760#4	0
9634	0	745521#7	1
9634	0	811982#0	0
9634	0	855202#3	0
9634	0	92936#0	0
9639	0	1009013#199	0
9639	0	1009013#437	0
9639	0	1256122#3	0
9639	0	167217#0	1
9639	0	1995169#2	0
9639	0	242220#14	0
9639	0	2826#24	0
9639	0	460999#4	0
9639	0	7823#11	0
9639	0	80806#3	0
9745	0	100596#1	0
9745	0	12808#0	0
9745	0	16933#0	0
9745	0	25207#0	0
9745	0	326524#0	1
9745	0	35006#0	0
9745	0	3609#5	0
9745	0	4551771#0	0
9745	0	66257#0	0
9745	0	66403#0	0
9752	0	1137931#0	0
9752	0	1137931#1	0
9752	0	140911#0	1
9752	0	2928170#0	0
9752	0	3575299#0	0
9752	0	3575694#0	0
9752	0	3714036#0	0
9752	0	4339630#0	0
9752	0	44752#17	0
9752	0	954245#2	0
9796	0	1260043#0	0
9796	0	1260043#11	0
9796	0	1260043#3	0
9796	0	1260043#5	0
9796	0	1260043#6	0
9796	0	1427214#0	0
9796	0	1842277#0	1
9796	0	2947214#0	0
9796	0	3448991#0	0
9796	0	59423#0	0
9874	0	14786#0	0
9874	0	16054#1	0
9874	0	253857#0	1
9874	0	253857#1	0
9874	0	253857#2	0
9874	0	253857#5	0
9874	0	253857#6	0
9874	0	3768514#1	0
9874	0	458180#1	0
9874	0	4946363#0	0
9892	0	1443069#16	0
9892	0	1443069#17	0
9892	0	1443069#20	0
9892	0	1443069#4	0
9892	0	1443069#6	0
9892	0	1443069#9	0
9892	0	1735118#17	0
9892	0	2368783#46	0
9892	0	35412#1	0
9892	0	3672120#0	1
9906	0	1677329#1	0
9906	0	1873375#0	0
9906	0	3652905#0	0
9906	0	4382252#0	0
9906	0	4678298#30	0
9906	0	4821731#0	0
9906	0	733653#0	1
9906	0	733653#1	0
9906	0	733653#4	0
9906	0	9012#0	0
9966	0	1769794#6	0
9966	0	193307#56	0
9966	0	3547316#0	0
9966	0	39177#0	1
9966	0	39177#1	1
9966	0	39177#2	0
9966	0	39177#4	0
9966	0	39177#5	0
9966	0	431017#0	0
9966	0	5232520#4	0
