0	0	11236157#2	0
0	0	1170520#2	0
0	0	1612877#8	0
0	0	1651722#10	0
0	0	22399755#18	1
0	0	29810#23	1
0	0	3716905#0	1
0	0	462221#4	1
0	0	49823#1	0
0	0	49823#7	0
0	0	540382#4	0
0	0	9606120#4	0
100	0	182028#1	0
100	0	1838352#32	0
100	0	1866773#1	0
100	0	1970544#4	0
100	0	2091812#0	1
100	0	220861#20	0
100	0	247083#4	0
100	0	3205447#7	0
100	0	49634400#1	0
100	0	7641579#11	0
100	0	864667#1	1
100	0	864667#25	0
1017	0	23077926#2	0
1017	0	28632#47	0
1017	0	33870721#3	0
1017	0	4163014#34	0
1017	0	4251#39	0
1017	0	7809444#1	0
1017	0	7809444#16	1
1017	0	7809444#17	0
1017	0	7809444#2	0
1017	0	7809444#40	1
1034	0	166570#0	1
1034	0	24321759#1	0
1034	0	28176#0	0
1034	0	3289403#0	0
1034	0	34080#0	1
1034	0	34080#6	1
1034	0	358731#0	0
1034	0	563628#8	0
1034	0	6112#1	0
1034	0	6112#32	0
1034	0	6112#36	1
1034	0	993927#5	0
1039	0	10829007#4	0
1039	0	13673345#11	1
1039	0	15196983#0	0
1039	0	1983326#1	1
1039	0	1983326#17	0
1039	0	1983326#9	0
1039	0	26131607#2	0
1039	0	27945098#338	0
1039	0	30010877#2	0
1039	0	3633926#9	0
1039	0	389605#24	0
1039	0	59732521#243	0
1042	0	1068735#13	0
1042	0	133249#0	1
1042	0	133249#2	1
1042	0	133249#22	1
1042	0	133249#29	0
1042	0	133249#47	1
1042	0	20505749#3	0
1042	0	31975#8	1
1042	0	53277318#4	0
1042	0	59476775#0	1
105	0	11103651#81	0
105	0	12808015#0	0
105	0	12808015#45	0
105	0	12808015#46	0
105	0	2395994#1	0
105	0	31942921#0	0
105	0	37578555#16	0
105	0	37578555#53	0
105	0	4768094#0	1
105	0	52573456#145	1
1055	0	13434603#2	0
1055	0	1815992#9	0
1055	0	20107159#14	0
1055	0	20107159#26	1
1055	0	24147412#22	0
1055	0	30370167#11	0
1055	0	3088980#1	0
1055	0	3121816#5	0
1055	0	31644#87	0
1055	0	41959688#0	0
1075	0	1038582#1	0
1075	0	1038582#2	0
1075	0	1335686#0	0
1075	0	15291282#58	0
1075	0	30265#0	1
1075	0	30265#11	0
1075	0	33641242#0	0
1075	0	46238740#6	0
1075	0	47819687#0	0
1075	0	9415462#0	1
1076	0	12181656#7	0
1076	0	14466140#29	0
1076	0	16272418#12	0
1076	0	2108930#5	0
1076	0	26399592#10	0
1076	0	35532603#7	0
1076	0	3862933#0	1
1076	0	3862933#1	0
1076	0	3862933#10	0
1076	0	44372#21	0
1125	0	2780623#0	1
1125	0	2780623#15	0
1125	0	2780623#17	0
1125	0	2780623#18	0
1125	0	2780623#19	1
1125	0	2780623#28	0
1125	0	2780623#3	0
1125	0	2780623#7	0
1125	0	3944846#16	0
1125	0	922#12	1
1126	0	11050957#0	0
1126	0	11050957#3	0
1126	0	19724216#0	0
1126	0	21106652#0	0
1126	0	297256#0	0
1126	0	297256#1	0
1126	0	297256#40	1
1126	0	297256#48	0
1126	0	514843#38	0
1126	0	56457008#1	0
113	0	13213443#0	0
113	0	13213443#1	0
113	0	13213443#9	0
113	0	13248302#9	1
113	0	13260176#21	0
113	0	13353944#6	0
113	0	6181707#2	0
113	0	6461508#1	0
113	0	924482#35	0
113	0	924482#6	1
1145	0	10484991#0	1
1145	0	11247268#8	0
1145	0	26165493#16	0
1145	0	32355726#0	0
1145	0	49277945#4	0
1145	0	49277945#5	0
1145	0	49417337#4	0
1145	0	51987615#4	0
1145	0	51987807#4	0
1145	0	52961994#3	0
1145	0	6773#0	1
1145	0	6773#49	0
1176	0	182949#0	0
1176	0	19690#16	1
1176	0	19690#32	1
1176	0	2181142#2	0
1176	0	27944981#100	1
1176	0	28806938#1	0
1176	0	302422#0	1
1176	0	3554176#26	0
1176	0	39193710#1	0
1176	0	400119#25	0
1176	0	4670122#2	0
1178	0	11654825#0	0
1178	0	14291207#1	1
1178	0	16162971#17	0
1178	0	16572227#2	0
1178	0	2016602#1	0
1178	0	2691025#0	1
1178	0	31519189#0	0
1178	0	3462006#0	0
1178	0	40931687#18	0
1178	0	56524247#1	0
1190	0	2280608#4	0
1190	0	2984693#0	1
1190	0	2984693#1	0
1190	0	2984693#10	0
1190	0	2984693#11	0
1190	0	2984693#16	1
1190	0	2984693#27	0
1190	0	2984693#28	0
1190	0	2984693#4	1
1190	0	2984693#8	0
1201	0	10561838#5	0
1201	0	12102#0	0
1201	0	1661822#0	0
1201	0	176551#100	0
1201	0	176551#112	0
1201	0	176551#113	0
1201	0	176551#21	0
1201	0	176551#4	1
1201	0	176551#8	0
1201	0	176551#9	0
1201	0	1936016#1	0
1201	0	349594#9	0
1213	0	20312#10	1
1213	0	20312#32	0
1213	0	22936772#3	1
1213	0	5355594#0	1
1213	0	5355594#1	1
1213	0	5355594#16	1
1213	0	65308#149	1
1213	0	92689#10	1
1213	0	92689#28	1
1213	0	92689#7	1
1213	0	92689#8	1
1217	0	200237#0	1
1217	0	200237#11	0
1217	0	200237#3	0
1217	0	200237#35	0
1217	0	200237#7	0
1217	0	45597481#0	0
1217	0	45597481#10	0
1217	0	45597481#16	0
1217	0	45597481#19	0
1217	0	45597481#3	0
1242	0	294253#9	0
1242	0	39301509#0	1
1242	0	39301509#1	1
1242	0	39301509#10	0
1242	0	39301509#17	0
1242	0	39301509#19	0
1242	0	39301509#9	0
1242	0	522676#1	0
1242	0	522676#4	0
1242	0	812294#2	0
1249	0	13734892#0	0
1249	0	19624378#10	0
1249	0	2883295#47	0
1249	0	31284801#0	1
1249	0	3147941#6	0
1249	0	3231789#23	0
1249	0	36514350#14	1
1249	0	36514350#15	0
1249	0	55273112#7	0
1249	0	788796#0	1
1256	0	14714476#0	0
1256	0	17362#0	1
1256	0	206915#1	0
1256	0	206928#6	0
1256	0	21354690#0	0
1256	0	22621#45	0
1256	0	23878#15	0
1256	0	25247708#3	0
1256	0	26731341#3	0
1256	0	927476#6	1
1267	0	11388649#4	0
1267	0	16454230#10	1
1267	0	16454230#14	1
1267	0	2025278#22	0
1267	0	26727904#0	1
1267	0	26727904#1	1
1267	0	26727904#15	1
1267	0	4227655#16	0
1267	0	6842085#31	1
1267	0	6842085#32	0
1271	0	12668177#1	0
1271	0	15614#10	0
1271	0	15614#15	0
1271	0	15614#3	1
1271	0	15614#5	0
1271	0	15614#9	0
1271	0	1879544#1	0
1271	0	23576614#3	0
1271	0	294082#11	0
1271	0	53654245#1	0
1281	0	10347343#137	1
1281	0	10347343#138	0
1281	0	10347343#139	1
1281	0	10930145#39	0
1281	0	12475640#0	0
1281	0	269644#0	0
1281	0	29394#0	1
1281	0	29394#12	0
1281	0	29394#2	0
1281	0	3860680#34	1
1281	0	7123847#0	0
1318	0	11247268#8	0
1318	0	18493095#0	1
1318	0	18493095#24	1
1318	0	2526582#0	0
1318	0	258680#0	0
1318	0	258695#3	0
1318	0	31893088#12	0
1318	0	3217319#0	0
1318	0	41959688#0	0
1318	0	4714823#11	0
1318	0	55853074#1	0
1318	0	77041#13	0
1330	0	1702080#5	1
1330	0	1702117#3	0
1330	0	24028#21	0
1330	0	27005#5	1
1330	0	327646#16	1
1330	0	327646#17	0
1330	0	4154599#3	1
1330	0	4154599#4	1
1330	0	77698#8	1
1330	0	827717#48	1
1335	0	11647860#31	0
1335	0	1528075#71	0
1335	0	1608886#9	1
1335	0	16855603#1	0
1335	0	1790788#2	1
1335	0	1790788#29	1
1335	0	1790788#31	0
1335	0	1790788#51	0
1335	0	198507#26	1
1335	0	20468824#2	0
1335	0	26962#0	1
1335	0	30694430#7	0
1335	0	4022767#35	1
1357	0	48566220#0	0
1357	0	48566220#11	1
1357	0	48566220#2	1
1357	0	48566220#35	0
1357	0	48566220#4	0
1357	0	48566220#41	0
1357	0	48566220#44	0
1357	0	48566220#51	0
1357	0	48566220#57	0
1357	0	48566220#58	0
1362	0	26434031#4	0
1362	0	30872816#26	1
1362	0	36627950#1	0
1362	0	36627950#31	0
1362	0	41412701#1	0
1362	0	43460286#0	1
1362	0	48469754#9	0
1362	0	6198238#1	0
1362	0	739799#15	0
1362	0	9596342#55	1
1363	0	11247268#8	0
1363	0	1830594#2	0
1363	0	18680008#11	1
1363	0	18680008#12	0
1363	0	19477084#6	0
1363	0	30370167#11	0
1363	0	38358079#15	0
1363	0	41959688#0	0
1363	0	44262278#12	0
1363	0	597203#20	0
1369	0	13828#38	0
1369	0	1457212#10	0
1369	0	18716641#19	0
1369	0	2053256#28	1
1369	0	22879440#14	0
1369	0	22879440#19	1
1369	0	24150#98	0
1369	0	24170#100	0
1369	0	849952#2	0
1369	0	87198#42	0
1376	0	1157333#5	1
1376	0	12495504#6	0
1376	0	13986031#5	0
1376	0	2805113#12	0
1376	0	29219#83	1
1376	0	44260471#2	0
1376	0	4589979#2	1
1376	0	4624191#4	0
1376	0	5366970#2	1
1376	0	6148828#2	0
1378	0	1275748#65	0
1378	0	141013#60	0
1378	0	3092592#3	1
1378	0	3180403#11	0
1378	0	33191133#9	0
1378	0	3830344#6	0
1378	0	448049#0	1
1378	0	66540#20	0
1378	0	92016#16	0
1378	0	952063#1	1
1379	0	11927826#13	0
1379	0	153295#8	0
1379	0	16027#22	1
1379	0	5032848#0	0
1379	0	667361#0	1
1379	0	667368#1	0
1379	0	667371#2	0
1379	0	667372#32	0
1379	0	7629286#0	1
1379	0	7629286#45	0
1379	0	7629286#54	1
1379	0	9834441#20	0
1406	0	10238268#2	0
1406	0	169721#49	1
1406	0	169721#8	1
1406	0	19372829#2	0
1406	0	20456104#4	0
1406	0	2328261#3	0
1406	0	28046#12	0
1406	0	3835137#7	0
1406	0	3837375#1	0
1406	0	490568#4	0
1406	0	600094#4	0
1406	0	7015856#17	0
1414	0	199078#11	1
1414	0	199078#6	0
1414	0	199078#7	0
1414	0	2198844#80	0
1414	0	2258054#0	1
1414	0	27019#12	1
1414	0	296498#3	0
1414	0	32449177#10	0
1414	0	39212496#1	1
1414	0	98543#0	1
1414	0	98543#18	1
1416	0	1019091#2	1
1416	0	15767764#49	0
1416	0	19466336#92	1
1416	0	22290028#1	1
1416	0	22290028#18	0
1416	0	22290028#4	1
1416	0	22290028#6	1
1416	0	358103#2	0
1416	0	36013687#14	1
1416	0	42464743#0	0
144	0	1185340#5	1
144	0	1185340#8	0
144	0	1386651#1	0
144	0	157606#23	0
144	0	21492663#10	0
144	0	21492663#37	0
144	0	21492663#7	0
144	0	226985#6	0
144	0	27417693#4	1
144	0	39513080#0	0
145	0	16594665#26	0
145	0	24910579#2	1
145	0	252924#12	0
145	0	255919#114	1
145	0	255919#4	1
145	0	255919#81	1
145	0	28820502#20	0
145	0	52584098#1	1
145	0	5302486#7	0
145	0	56458415#2	0
1453	0	1310315#79	0
1453	0	1528350#33	1
1453	0	19043007#0	0
1453	0	22290717#1	1
1453	0	41959688#0	0
1453	0	43393608#6	0
1453	0	55853074#1	0
1453	0	9241790#1	0
1453	0	9241790#3	1
1453	0	9241790#6	0
1474	0	12010#19	0
1474	0	16766935#10	0
1474	0	17948#10	1
1474	0	17948#11	0
1474	0	18859#0	0
1474	0	18859#27	0
1474	0	18859#50	0
1474	0	19780#1	0
1474	0	33188559#0	0
1474	0	796184#0	0
1514	0	11247268#8	0
1514	0	18948359#37	0
1514	0	2107029#1	0
1514	0	2107029#2	1
1514	0	2107029#7	0
1514	0	2715720#0	0
1514	0	41959688#0	0
1514	0	49690912#0	0
1514	0	49691504#0	0
1514	0	84274#0	0
1516	0	11247268#8	0
1516	0	1918632#113	0
1516	0	19477084#6	0
1516	0	27788167#2	0
1516	0	33256286#3	1
1516	0	33256286#56	0
1516	0	37367511#0	0
1516	0	4070099#3	0
1516	0	41959688#0	0
1516	0	49690867#0	0
1516	0	49690912#0	0
1516	0	781460#14	0
1520	0	1607228#20	0
1520	0	1713399#6	1
1520	0	41817437#2	0
1520	0	47710089#19	1
1520	0	48999#3	0
1520	0	48999#4	1
1520	0	53866424#0	0
1520	0	53866424#2	0
1520	0	538951#9	0
1520	0	5996132#1	1
1556	0	114533#0	0
1556	0	17599355#40	1
1556	0	20998785#0	0
1556	0	23785372#0	0
1556	0	23785372#8	0
1556	0	28779877#9	1
1556	0	3218853#4	0
1556	0	47515#55	1
1556	0	47515#57	1
1556	0	731893#14	1
1572	0	22740984#0	0
1572	0	22740984#14	1
1572	0	22740984#3	1
1572	0	23878902#1	0
1572	0	8171044#0	0
1572	0	8171044#11	0
1572	0	8171044#13	0
1572	0	8171044#2	0
1572	0	8171044#4	1
1572	0	8171044#6	0
1584	0	10061709#11	0
1584	0	1042034#1	0
1584	0	1068967#14	0
1584	0	1181418#2	1
1584	0	1181418#3	0
1584	0	1181418#4	1
1584	0	1181418#8	0
1584	0	19678636#6	0
1584	0	6861578#10	0
1584	0	8275776#7	0
1589	0	10531#21	0
1589	0	10531#3	0
1589	0	22075962#27	0
1589	0	24926293#14	0
1589	0	317311#11	1
1589	0	4303333#35	0
1589	0	483039#2	1
1589	0	61910#36	0
1589	0	78469#0	1
1602	0	20400299#0	0
1602	0	20400299#2	0
1602	0	20411253#0	0
1602	0	20448467#0	0
1602	0	211825#0	0
1602	0	211825#1	0
1602	0	211825#2	1
1602	0	37994221#0	0
1602	0	41453139#0	0
1602	0	41453711#0	0
1602	0	798#8	1
1602	0	9189659#0	0
1616	0	11714768#0	0
1616	0	127295#6	0
1616	0	15895867#1	0
1616	0	25419669#0	0
1616	0	260089#12	0
1616	0	260089#14	1
1616	0	260089#7	0
1616	0	37736238#2	0
1616	0	550297#8	0
1616	0	58586251#1	0
1637	0	208092#0	1
1637	0	208092#1	1
1637	0	208092#16	0
1637	0	208092#2	1
1637	0	208092#6	1
1637	0	21525#19	1
1637	0	30865992#0	0
1637	0	31974016#6	1
1637	0	31974159#4	1
1637	0	5355#7	0
1640	0	11318675#0	0
1640	0	24873931#1	0
1640	0	48869534#0	0
1640	0	49691484#0	0
1640	0	49691494#0	0
1640	0	49691504#0	0
1640	0	58951322#0	0
1640	0	72979#11	0
1640	0	72979#2	1
1640	0	72979#5	0
1670	0	4128691#0	1
1670	0	4128691#1	0
1670	0	4128691#2	0
1670	0	4128691#29	0
1670	0	4128691#3	0
1670	0	4128691#38	0
1670	0	4128691#4	0
1670	0	4128691#5	0
1670	0	4128691#6	1
1670	0	4128691#9	0
1682	0	12157938#1	1
1682	0	21707086#0	0
1682	0	25522#16	0
1682	0	41234#2	0
1682	0	7260875#3	0
1682	0	7306042#2	0
1682	0	96883#0	0
1682	0	96883#30	0
1682	0	96883#31	0
1682	0	96883#32	0
1689	0	2047802#0	0
1689	0	2134949#0	0
1689	0	3385206#0	0
1689	0	3385206#2	0
1689	0	3402926#1	1
1689	0	3402926#16	0
1689	0	40181216#1	0
1689	0	40183032#0	0
1689	0	40183032#1	0
1689	0	40183032#2	0
1695	0	11247268#8	0
1695	0	17900#0	1
1695	0	17900#3	1
1695	0	17900#50	0
1695	0	17900#65	0
1695	0	41959688#0	0
1695	0	47263646#3	0
1695	0	4961700#1	0
1695	0	538837#2	0
1695	0	927403#1	0
1703	0	25653393#3	0
1703	0	30528002#23	0
1703	0	36715953#2	0
1703	0	38270389#1	0
1703	0	46629777#7	0
1703	0	52156331#5	0
1703	0	52615924#1	1
1703	0	53766025#11	0
1703	0	54976995#1	0
1703	0	55007426#1	1
1711	0	15735696#0	0
1711	0	15735696#11	1
1711	0	15735696#2	0
1711	0	15735696#4	1
1711	0	30128#116	1
1711	0	30131#18	1
1711	0	4409360#0	0
1711	0	48647#2	1
1711	0	501222#12	0
1711	0	501222#15	0
1722	0	1004484#5	0
1722	0	102858#0	1
1722	0	102858#10	0
1722	0	102858#7	0
1722	0	17557516#2	0
1722	0	2486212#0	0
1722	0	26981243#1	0
1722	0	322460#34	0
1722	0	32500875#0	0
1722	0	3733488#31	0
1722	0	391313#12	0
1722	0	7955325#28	0
1738	0	1697158#5	0
1738	0	1834899#17	0
1738	0	2392479#2	0
1738	0	2392479#30	0
1738	0	2392479#33	0
1738	0	2392479#38	0
1738	0	240931#15	1
1738	0	265408#9	0
1738	0	41959688#0	0
1738	0	51708172#2	0
1758	0	380741#0	1
1758	0	380741#2	1
1758	0	380741#28	0
1758	0	380741#36	0
1758	0	380741#56	0
1758	0	380741#61	0
1758	0	380741#63	0
1758	0	380741#64	0
1758	0	380741#67	0
1758	0	57352628#14	1
1763	0	151310#0	0
1763	0	2526324#0	0
1763	0	30872779#33	0
1763	0	38569018#3	0
1763	0	47332321#1	0
1763	0	47332321#2	0
1763	0	47332321#25	0
1763	0	47332321#6	1
1763	0	559961#2	0
1763	0	559961#7	0
1763	0	7214400#0	1
1763	0	7377978#5	0
1765	0	25992553#27	0
1765	0	38309736#11	0
1765	0	39665835#14	0
1765	0	39665835#3	0
1765	0	39665835#36	1
1765	0	52857364#14	1
1765	0	52857364#2	0
1765	0	52882158#11	0
1765	0	57678529#0	1
1765	0	838263#12	0
1790	0	41584487#3	0
1790	0	8179015#0	1
1790	0	8179015#1	0
1790	0	8179015#12	0
1790	0	8179015#14	0
1790	0	8179015#2	0
1790	0	8179015#6	0
1790	0	8179015#7	0
1790	0	8179015#8	0
1790	0	8179015#9	0
1797	0	20120614#5	0
1797	0	20123023#2	0
1797	0	39927642#25	0
1797	0	41984056#0	0
1797	0	818545#0	1
1797	0	818545#1	0
1797	0	818545#11	0
1797	0	818545#12	0
1797	0	818545#2	1
1797	0	818545#25	0
1814	0	11881243#0	1
1814	0	11881243#18	0
1814	0	11881243#39	0
1814	0	11881243#50	0
1814	0	11881243#53	0
1814	0	11881243#54	0
1814	0	11881243#70	0
1814	0	11881243#90	0
1814	0	20356307#0	0
1814	0	20356307#1	0
1839	0	13299#25	0
1839	0	2050354#38	1
1839	0	22625013#38	1
1839	0	2290752#0	1
1839	0	2290752#18	0
1839	0	2290752#30	1
1839	0	26667#151	1
1839	0	271956#34	0
1839	0	29646465#11	0
1839	0	933322#5	0
1864	0	11631410#0	1
1864	0	11631410#1	0
1864	0	11631410#10	0
1864	0	11631410#11	0
1864	0	11631410#16	0
1864	0	11631410#3	0
1864	0	11631410#33	0
1864	0	11631410#37	0
1864	0	607324#4	0
1864	0	690481#3	0
1887	0	10707#51	1
1887	0	10707#78	0
1887	0	1074616#20	0
1887	0	13008277#3	0
1887	0	13489453#0	0
1887	0	19729570#0	0
1887	0	22454314#6	0
1887	0	2262600#8	0
1887	0	31319445#4	0
1887	0	4388860#19	0
1909	0	30749429#0	1
1909	0	30749429#31	0
1909	0	30749429#32	0
1909	0	30749429#33	0
1909	0	30749429#36	0
1909	0	39132188#0	0
1909	0	39353685#0	0
1909	0	39353685#3	0
1909	0	46988274#0	0
1909	0	52201284#0	0
1911	0	12205792#1	0
1911	0	192919#0	0
1911	0	192919#10	0
1911	0	192919#14	0
1911	0	192919#21	0
1911	0	192919#4	0
1911	0	192919#5	1
1911	0	192919#8	0
1911	0	44176670#0	0
1911	0	47503901#0	0
1915	0	132945#0	0
1915	0	132945#1	1
1915	0	20440095#0	0
1915	0	2573587#0	1
1915	0	27612706#0	0
1915	0	2822025#0	0
1915	0	304180#0	1
1915	0	304180#16	0
1915	0	51204463#0	0
1926	0	1354339#0	0
1926	0	18842323#21	0
1926	0	18842359#20	1
1926	0	19036#0	1
1926	0	20702236#0	0
1926	0	23070#0	0
1926	0	23070#1	0
1926	0	2364038#0	0
1926	0	2397244#0	0
1926	0	25223506#2	0
1933	0	1480165#0	1
1933	0	1480165#23	0
1933	0	1480165#36	0
1933	0	1480165#38	0
1933	0	1480165#61	0
1933	0	1480165#62	0
1933	0	18487649#47	0
1933	0	2312223#5	0
1933	0	2312223#8	0
1933	0	7927053#38	0
1939	0	14967037#2	0
1939	0	182792#1	1
1939	0	182792#27	0
1939	0	21716095#0	0
1939	0	2345877#17	0
1939	0	355562#0	0
1939	0	38139579#26	0
1939	0	41547589#0	0
1939	0	57859292#0	0
1939	0	9499495#1	0
1962	0	106286#1	0
1962	0	1333612#3	0
1962	0	15306762#11	0
1962	0	17798093#89	1
1962	0	17798093#90	0
1962	0	21389619#15	0
1962	0	25401#21	1
1962	0	25534#4	1
1962	0	3840024#0	1
1962	0	3840024#15	0
2015	0	1041878#1	1
2015	0	12617410#91	0
2015	0	2043824#0	0
2015	0	264853#27	0
2015	0	3096764#3	0
2015	0	44988969#1	0
2015	0	47101207#42	0
2015	0	816304#8	0
2015	0	881548#1	0
2015	0	969337#32	0
2040	0	1384931#8	0
2040	0	188746#5	0
2040	0	224314#34	0
2040	0	225550#11	0
2040	0	29005873#7	0
2040	0	38867#0	1
2040	0	55791#21	0
2040	0	5894888#3	0
2040	0	9119240#0	0
2040	0	9119240#6	0
2065	0	127426#3	0
2065	0	1544286#0	1
2065	0	1544286#1	0
2065	0	1544286#16	0
2065	0	1544286#17	0
2065	0	1544286#18	0
2065	0	1544286#26	0
2065	0	18293303#38	1
2065	0	18293303#39	0
2065	0	58855#15	0
2070	0	14562722#5	0
2070	0	14562722#7	1
2070	0	1620586#10	0
2070	0	1620586#5	0
2070	0	25017899#8	0
2070	0	27378829#0	0
2070	0	28039598#1	1
2070	0	28039598#5	0
2070	0	28039598#6	1
2070	0	3554474#3	0
2070	0	3554474#4	0
2070	0	4273140#10	0
2070	0	4886190#5	1
2102	0	14918#1	1
2102	0	1780651#19	0
2102	0	2007738#25	0
2102	0	24960#0	0
2102	0	24960#14	0
2102	0	24960#3	0
2102	0	24960#4	0
2102	0	31769#35	1
2102	0	34407907#42	0
2102	0	45690415#0	0
2119	0	17308296#4	1
2119	0	35672535#3	0
2119	0	53951#11	1
2119	0	69720#31	0
2119	0	869123#0	1
2119	0	869123#29	0
2119	0	869123#34	0
2119	0	869123#5	1
2119	0	869123#7	0
212	0	44948905#0	1
212	0	44948905#1	0
212	0	44948905#2	0
212	0	44948905#24	0
212	0	44948905#26	0
212	0	44948905#62	0
212	0	44948905#70	0
212	0	44948905#72	0
212	0	44948905#74	0
212	0	44948905#82	0
2123	0	50444#157	0
2123	0	50444#159	0
2123	0	50444#177	0
2123	0	50444#4	0
2123	0	50444#7	1
2123	0	57116168#0	0
2123	0	57116168#1	0
2123	0	57491413#0	0
2123	0	57491413#2	0
2123	0	57491413#4	0
2150	0	13588#18	0
2150	0	1709766#19	0
2150	0	23994#0	1
2150	0	23994#4	0
2150	0	26639838#0	1
2150	0	455379#46	0
2150	0	56111427#2	0
2150	0	715596#4	1
2150	0	7606081#1	0
2150	0	8087628#10	0
2151	0	29929853#2	1
2151	0	29929853#5	0
2151	0	3556298#48	0
2151	0	526356#9	0
2151	0	530955#2	0
2151	0	56198815#0	0
2151	0	614878#14	0
2151	0	614878#2	1
2151	0	614878#5	0
2151	0	614878#6	0
2156	0	42658068#0	1
2156	0	42658068#12	0
2156	0	42658068#25	0
2156	0	42658068#3	0
2156	0	42658068#32	0
2156	0	42658068#34	0
2156	0	42658068#4	0
2156	0	42697184#1	0
2156	0	5599510#27	0
2166	0	1309790#44	0
2166	0	14010254#11	0
2166	0	18639783#21	0
2166	0	209646#0	0
2166	0	2670504#12	0
2166	0	30128#86	0
2166	0	30129#100	0
2166	0	30131#1	0
2166	0	30131#3	0
2166	0	30131#5	0
2166	0	4043864#15	1
2204	0	16898671#54	0
2204	0	30781473#2	0
2204	0	33879#41	0
2204	0	33879#43	1
2204	0	33879#47	0
2204	0	33879#49	0
2204	0	3463130#48	0
2204	0	3463130#65	0
2204	0	3463130#87	0
2204	0	4225338#1	0
2208	0	11154302#0	0
2208	0	11154302#3	1
2208	0	14242387#0	0
2208	0	2308490#0	0
2208	0	23898103#0	0
2208	0	23919559#0	0
2208	0	24350952#32	0
2208	0	27803739#0	0
2208	0	46553479#2	0
2208	0	63861#87	0
2224	0	1488618#7	0
2224	0	3576873#1	0
2224	0	558970#7	0
2224	0	604343#0	1
2224	0	604343#10	0
2224	0	604343#3	0
2224	0	604343#5	0
2224	0	604343#9	1
2224	0	7133848#0	0
2224	0	8144412#24	0
2235	0	727748#0	0
2235	0	727748#28	0
2235	0	9796250#0	1
2235	0	9796250#1	0
2235	0	9796250#16	0
2235	0	9796250#17	0
2235	0	9796250#19	0
2235	0	9796250#3	0
2235	0	9796250#31	0
2235	0	9796250#32	1
2239	0	15206997#30	0
2239	0	308947#6	0
2239	0	45167756#0	1
2239	0	45167756#21	0
2239	0	45167756#22	0
2239	0	45167756#5	1
2239	0	47607880#0	0
2239	0	54441773#5	0
2239	0	57920496#0	0
2239	0	96871#2	0
2264	0	11095346#0	1
2264	0	16406821#45	0
2264	0	18423736#34	0
2264	0	19626034#0	0
2264	0	22271839#36	0
2264	0	2595218#7	0
2264	0	34556#41	0
2264	0	6510334#18	0
2264	0	93092#0	1
2264	0	93092#2	0
2289	0	156604#11	1
2289	0	23346912#6	1
2289	0	242099#52	1
2289	0	242099#54	0
2289	0	2939238#8	1
2289	0	32842267#39	0
2289	0	33170#77	0
2289	0	40035819#3	1
2289	0	48217040#0	0
2289	0	6553462#1	0
2293	0	149113#6	0
2293	0	1637639#0	0
2293	0	192152#0	1
2293	0	192152#10	0
2293	0	192152#15	0
2293	0	192152#5	1
2293	0	192152#8	0
2293	0	24158862#10	0
2293	0	2996966#0	0
2293	0	6075521#0	0
2294	0	1834334#0	1
2294	0	1834334#10	0
2294	0	1834334#12	0
2294	0	1834334#13	0
2294	0	1834334#15	0
2294	0	1834334#17	0
2294	0	1834334#4	0
2294	0	1834334#6	0
2294	0	1834334#8	1
2294	0	65852#1	0
2295	0	11299#19	0
2295	0	12049028#1	0
2295	0	18838#68	0
2295	0	18952739#60	0
2295	0	18952739#70	0
2295	0	23974535#5	0
2295	0	23974535#9	1
2295	0	4269567#36	0
2295	0	56607353#17	0
2295	0	9293352#1	0
2300	0	269945#24	0
2300	0	3102207#7	0
2300	0	31127938#4	1
2300	0	488945#0	1
2300	0	488945#15	0
2300	0	488945#19	0
2300	0	488945#2	0
2300	0	488945#4	0
2300	0	488945#9	1
2300	0	58113282#6	0
2309	0	2987730#0	1
2309	0	2987730#15	0
2309	0	2987730#3	0
2309	0	2987730#32	0
2309	0	2987730#36	0
2309	0	2987730#4	0
2309	0	2987730#47	0
2309	0	2987730#5	0
2309	0	2987730#55	0
2309	0	2987730#6	0
2320	0	1585387#4	0
2320	0	21798329#9	0
2320	0	2678921#3	0
2320	0	3853632#2	0
2320	0	4467453#5	1
2320	0	4501299#0	1
2320	0	733846#25	0
2320	0	733846#27	0
2320	0	733846#28	0
2320	0	733846#7	0
2323	0	2109648#10	0
2323	0	2353203#1	0
2323	0	26531491#4	0
2323	0	32066893#1	0
2323	0	32066893#11	0
2323	0	32066893#15	0
2323	0	84274#0	1
2323	0	84274#1	1
2323	0	84274#20	0
2323	0	84274#27	0
2325	0	1714470#3	0
2325	0	23853115#18	1
2325	0	23853115#25	0
2325	0	23853115#26	0
2325	0	28814220#11	0
2325	0	28814220#22	0
2325	0	28814220#8	0
2325	0	4553010#1	0
2325	0	4553010#2	0
2325	0	5895646#21	0
2344	0	19477084#6	0
2344	0	22093#60	0
2344	0	2717395#40	0
2344	0	2717395#45	0
2344	0	28025488#0	0
2344	0	3656690#0	0
2344	0	41959688#0	0
2344	0	49690788#0	0
2344	0	55853074#1	0
2344	0	6270795#1	1
2354	0	1543289#6	1
2354	0	18934784#0	1
2354	0	18934784#10	0
2354	0	18934784#16	0
2354	0	18934784#27	0
2354	0	18934784#4	0
2354	0	30884765#1	0
2354	0	30884765#2	1
2354	0	30884765#6	0
2354	0	30884765#7	0
2359	0	1146288#15	0
2359	0	1219284#6	0
2359	0	12240336#38	0
2359	0	1839540#2	0
2359	0	29860034#27	0
2359	0	30395#40	0
2359	0	33657296#3	0
2359	0	33988465#0	1
2359	0	33988465#5	1
2359	0	44136908#10	0
2359	0	54959#30	0
2359	0	91318#10	0
238	0	1120028#43	0
238	0	15294269#6	0
238	0	1570983#42	0
238	0	1664832#4	0
238	0	48294#14	0
238	0	6343#17	0
238	0	7060322#4	1
238	0	9239#8	0
238	0	9239#96	1
238	0	9708#0	0
2395	0	1586498#13	0
2395	0	186616#34	0
2395	0	26322119#4	0
2395	0	284758#14	0
2395	0	284758#2	1
2395	0	42855234#1	0
2395	0	50677561#41	0
2395	0	572831#1	0
2395	0	57499293#2	0
2395	0	9132239#4	0
2413	0	13570187#4	0
2413	0	228613#3	1
2413	0	228613#8	0
2413	0	228613#9	1
2413	0	35838106#4	0
2413	0	36324608#4	0
2413	0	43143#37	0
2413	0	43143#46	0
2413	0	607457#17	0
2413	0	607457#64	0
2418	0	1978042#12	1
2418	0	1978091#26	0
2418	0	201973#59	0
2418	0	25975#21	0
2418	0	28579613#21	0
2418	0	38894#11	0
2418	0	38894#2	1
2418	0	57736445#11	0
2418	0	5822490#1	0
2418	0	6585135#115	1
243	0	19401812#5	0
243	0	21501970#3	0
243	0	21526950#3	0
243	0	5716492#0	0
243	0	5716492#1	0
243	0	5716492#3	1
243	0	5716492#8	1
243	0	5921#2	0
243	0	5921#28	0
243	0	682482#33	0
243	0	75233#17	0
243	0	88857#66	1
2449	0	1223797#11	0
2449	0	1223797#12	0
2449	0	1223797#20	0
2449	0	1223797#22	1
2449	0	1223797#44	0
2449	0	1223797#49	0
2449	0	1223797#5	0
2449	0	1223797#51	0
2449	0	1223797#54	0
2449	0	1223797#56	0
2455	0	10289469#5	0
2455	0	16285888#1	1
2455	0	166410#30	0
2455	0	17798882#0	1
2455	0	18244603#0	1
2455	0	18244603#4	0
2455	0	18244603#5	0
2455	0	18244603#6	1
2455	0	18244603#9	0
2455	0	202354#0	1
2495	0	2338868#0	0
2495	0	2395529#0	0
2495	0	2604734#3	0
2495	0	2687147#1	0
2495	0	2773926#2	0
2495	0	2782723#0	0
2495	0	2813364#2	0
2495	0	2813471#2	0
2495	0	58942415#0	1
2495	0	58942415#8	0
2495	0	7633410#40	0
2495	0	7990444#17	0
2516	0	40250685#1	0
2516	0	5010172#12	0
2516	0	69541#23	0
2516	0	69818#0	1
2516	0	69818#10	0
2516	0	69818#3	0
2516	0	69840#0	0
2516	0	69840#38	0
2516	0	69840#39	0
2516	0	69840#7	0
2518	0	13662713#0	0
2518	0	13662713#11	0
2518	0	13662713#31	0
2518	0	13662713#8	0
2518	0	162615#56	0
2518	0	23762087#4	0
2518	0	23762087#6	1
2518	0	23762087#61	0
2518	0	23762087#76	0
2518	0	353014#12	0
2542	0	10396793#88	0
2542	0	13949533#0	1
2542	0	13949533#21	1
2542	0	15430106#2	0
2542	0	2303855#19	1
2542	0	2303855#40	0
2542	0	25074#92	0
2542	0	355852#12	0
2542	0	4080979#44	1
2542	0	5893436#7	0
2609	0	11370#0	0
2609	0	1248592#3	0
2609	0	191466#24	0
2609	0	22061532#1	0
2609	0	244862#2	0
2609	0	27818578#1	1
2609	0	32652123#5	0
2609	0	32652179#5	0
2609	0	43221146#8	0
2609	0	592115#2	0
2609	0	8821389#0	1
2625	0	10407205#0	1
2625	0	27321982#2	0
2625	0	32001841#0	1
2625	0	32001841#1	0
2625	0	32001841#33	0
2625	0	32001841#34	0
2625	0	32001841#37	0
2625	0	32001841#47	0
2625	0	32001841#48	0
2625	0	746812#4	0
2630	0	230699#15	0
2630	0	23594605#1	0
2630	0	24192391#10	0
2630	0	3207593#19	0
2630	0	3280233#69	0
2630	0	4009576#5	0
2630	0	5362612#4	0
2630	0	748629#22	0
2630	0	748629#5	0
2630	0	748629#6	1
2630	0	754322#5	1
2669	0	1038887#45	0
2669	0	1055835#1	1
2669	0	18995926#2	1
2669	0	18995926#3	1
2669	0	19334830#1	0
2669	0	5672534#5	0
2669	0	58005#22	1
2669	0	6317357#6	0
2669	0	699152#10	0
2669	0	704287#18	1
2673	0	3493898#12	1
2673	0	41161698#0	0
2673	0	41308483#7	0
2673	0	41396941#0	0
2673	0	41396941#8	0
2673	0	41468759#0	0
2673	0	41470102#0	0
2673	0	41477363#0	0
2673	0	41590141#3	0
2673	0	41699438#4	1
2673	0	41709727#1	1
2698	0	14955104#0	0
2698	0	16971813#11	0
2698	0	322497#2	1
2698	0	322497#4	0
2698	0	322497#65	0
2698	0	322497#66	0
2698	0	322497#77	0
2698	0	3481104#0	0
2698	0	3927738#9	0
2698	0	50998041#7	0
2698	0	7351528#5	0
2704	0	1580339#1	0
2704	0	205635#4	0
2704	0	20640#3	0
2704	0	20640#9	0
2704	0	21347643#0	1
2704	0	21347643#14	0
2704	0	22194#37	1
2704	0	2593693#52	0
2704	0	3309319#4	0
2704	0	511730#4	0
2704	0	738012#0	0
2704	0	856#28	0
2710	0	10325214#0	1
2710	0	18842395#0	1
2710	0	18842395#8	0
2710	0	2242228#13	0
2710	0	32653775#4	1
2710	0	4240766#6	0
2710	0	503535#0	0
2710	0	54245942#7	1
2710	0	8459269#2	0
2710	0	851853#6	1
2710	0	952712#1	0
2728	0	368804#0	1
2728	0	368804#1	0
2728	0	368804#2	0
2728	0	368804#3	0
2728	0	368804#4	1
2728	0	368804#5	0
2728	0	387847#0	0
2728	0	6174783#1	0
2728	0	9429158#0	0
2728	0	9429158#1	1
2745	0	1397633#10	0
2745	0	147782#15	1
2745	0	147782#19	0
2745	0	147782#20	0
2745	0	147782#29	0
2745	0	147797#3	0
2745	0	15579#19	0
2745	0	178808#51	1
2745	0	20643032#5	0
2745	0	3777815#1	0
2745	0	9022261#10	0
2769	0	10683275#5	0
2769	0	1290194#2	1
2769	0	1290194#4	0
2769	0	1559020#1	0
2769	0	18309966#7	1
2769	0	25533713#0	0
2769	0	28117059#0	0
2769	0	39495875#0	0
2769	0	730350#1	0
2769	0	8143996#2	0
277	0	147247#0	1
277	0	16209582#7	0
277	0	180155#0	0
277	0	182288#0	0
277	0	194635#0	0
277	0	217693#11	0
277	0	25197709#32	0
277	0	326225#20	0
277	0	503097#4	0
277	0	5799376#8	0
2773	0	128672#2	0
2773	0	1291544#4	0
2773	0	13842681#14	0
2773	0	249140#0	0
2773	0	249140#15	0
2773	0	25402#0	1
2773	0	25735#23	0
2773	0	41959688#0	0
2773	0	49821086#1	0
2773	0	594653#0	0
2773	0	770930#4	0
2775	0	38801511#1	0
2775	0	42947572#10	0
2775	0	42947572#11	0
2775	0	42947572#12	0
2775	0	42947572#14	0
2775	0	42947572#3	1
2775	0	42947572#37	0
2775	0	42947572#38	0
2775	0	42947572#9	0
2775	0	53870086#2	0
2780	0	2116616#0	0
2780	0	2116616#7	0
2780	0	212370#25	0
2780	0	212370#33	0
2780	0	21312845#0	0
2780	0	21313327#1	0
2780	0	21313498#2	1
2780	0	21313498#3	1
2780	0	34731120#0	0
2780	0	4374934#0	1
2782	0	18909#4	1
2782	0	19400075#1	0
2782	0	2011476#6	0
2782	0	24763385#4	0
2782	0	26620376#2	0
2782	0	459872#5	1
2782	0	480152#7	0
2782	0	4826789#26	0
2782	0	57020348#6	0
2782	0	681241#3	0
2805	0	17544012#12	0
2805	0	18155242#6	0
2805	0	23139660#0	0
2805	0	23139660#13	0
2805	0	23139660#24	1
2805	0	23139660#37	0
2805	0	29033869#0	0
2805	0	3162735#8	1
2805	0	3448624#7	0
2805	0	90407#14	1
2805	0	90407#6	0
2816	0	3040640#14	0
2816	0	4364731#2	0
2816	0	5525531#17	0
2816	0	5541749#11	0
2816	0	5583645#11	0
2816	0	5585516#0	0
2816	0	5585516#1	1
2816	0	5585516#5	0
2816	0	5689803#0	0
2816	0	5689869#0	0
2816	0	7470731#11	0
2828	0	10814816#6	0
2828	0	22368256#14	1
2828	0	34268531#17	0
2828	0	34268531#39	0
2828	0	6039093#9	0
2828	0	637441#0	1
2828	0	637441#6	0
2828	0	637441#83	0
2828	0	6999684#3	1
2828	0	6999684#51	1
2828	0	752415#1	0
2839	0	1701#73	0
2839	0	18683129#0	0
2839	0	20377#0	1
2839	0	20377#29	0
2839	0	24078038#0	1
2839	0	37367511#0	0
2839	0	37367512#0	0
2839	0	41959688#0	0
2839	0	47079571#0	0
2839	0	49690867#0	0
2839	0	55804901#0	1
2839	0	59109175#0	0
2840	0	12244290#25	0
2840	0	12244290#3	1
2840	0	17535342#43	0
2840	0	2298740#32	1
2840	0	2327581#40	1
2840	0	3225498#92	0
2840	0	5043544#108	0
2840	0	5266241#94	1
2840	0	718094#7	1
2840	0	8939450#41	1
2842	0	11247268#8	0
2842	0	12026783#6	0
2842	0	1586884#1	1
2842	0	1586884#20	1
2842	0	2719004#9	0
2842	0	37534539#0	0
2842	0	41959688#0	0
2842	0	42465498#2	0
2842	0	58446362#10	0
2842	0	612609#5	0
2842	0	6779060#5	0
2845	0	13648668#1	0
2845	0	2023#36	0
2845	0	34398#51	0
2845	0	412356#4	0
2845	0	47401#6	0
2845	0	47401#7	1
2845	0	5994248#1	0
2845	0	79101#7	0
2845	0	83525#56	0
2845	0	994904#2	1
2873	0	1271635#1	1
2873	0	16380#0	1
2873	0	16380#11	0
2873	0	16380#9	0
2873	0	26546362#10	0
2873	0	43378116#3	0
2873	0	46478885#1	0
2873	0	50530890#5	0
2873	0	50539314#6	0
2873	0	6326178#5	0
2873	0	7037068#0	0
2879	0	13664996#3	0
2879	0	13664996#5	0
2879	0	18459354#7	0
2879	0	18463039#7	0
2879	0	18465182#4	0
2879	0	26977166#1	1
2879	0	26977166#14	0
2879	0	26977166#20	0
2879	0	44139686#9	0
2879	0	5817455#9	0
2886	0	1239586#6	0
2886	0	1733276#0	0
2886	0	254428#84	0
2886	0	30205#1	1
2886	0	30205#36	0
2886	0	32664231#0	0
2886	0	32664231#6	0
2886	0	47439541#0	0
2886	0	4840334#0	0
2886	0	56404115#0	1
2890	0	11584979#3	0
2890	0	1604590#23	0
2890	0	192517#45	0
2890	0	239873#9	0
2890	0	36472280#15	0
2890	0	39670703#8	0
2890	0	43221236#7	0
2890	0	44152139#3	1
2890	0	758905#53	1
2890	0	770017#20	0
2890	0	8499746#1	0
2908	0	11669284#0	1
2908	0	11669284#14	1
2908	0	11669284#25	0
2908	0	11669284#29	0
2908	0	11669284#3	1
2908	0	11669284#31	1
2908	0	11669284#33	0
2908	0	11827814#0	0
2908	0	11827814#1	0
2908	0	59276119#2	0
2924	0	298549#0	0
2924	0	298549#11	0
2924	0	298549#13	0
2924	0	298549#15	0
2924	0	298549#18	1
2924	0	298549#19	0
2924	0	298549#23	0
2924	0	298549#3	0
2924	0	298549#4	0
2924	0	298549#7	0
2924	0	5993973#1	1
293	0	11247268#8	0
293	0	11451897#0	1
293	0	11451897#16	0
293	0	11451897#19	0
293	0	11451897#20	0
293	0	11451897#5	1
293	0	230834#25	0
293	0	32287671#1	1
293	0	32355726#0	0
293	0	5648968#9	0
2931	0	11125639#34	1
2931	0	17733874#13	0
2931	0	30199#1	1
2931	0	30199#3	0
2931	0	31478892#0	0
2931	0	33462688#17	0
2931	0	34594189#0	0
2931	0	41959688#0	0
2931	0	49690912#0	0
2931	0	49691494#0	0
2931	0	49691504#0	0
298	0	16765033#0	0
298	0	17643233#0	0
298	0	17856891#0	0
298	0	17860875#0	1
298	0	30294667#8	0
298	0	46601029#0	0
298	0	52195552#0	1
298	0	55944276#0	1
298	0	8831001#0	0
298	0	9974104#28	0
2981	0	207152#2	1
2981	0	21211#20	0
2981	0	21211#24	0
2981	0	23906306#2	0
2981	0	23906306#4	1
2981	0	272719#6	0
2981	0	615#3	0
2981	0	7990664#0	1
2981	0	7990664#1	0
2981	0	7990664#24	1
2981	0	7990664#31	0
2981	0	7990664#7	1
2988	0	13939841#43	0
2988	0	18951556#0	0
2988	0	18951556#26	0
2988	0	18951556#29	0
2988	0	28298424#1	0
2988	0	39523982#0	0
2988	0	4522556#25	0
2988	0	698#1	1
2988	0	698#10	0
2988	0	698#3	1
2988	0	8522084#1	0
3020	0	15331662#0	0
3020	0	15378632#0	0
3020	0	15386248#0	0
3020	0	17237827#6	0
3020	0	2734490#5	0
3020	0	3560294#9	0
3020	0	37982195#0	0
3020	0	41375719#0	1
3020	0	48416754#0	0
3020	0	9984506#41	0
3029	0	11691341#0	1
3029	0	135382#2	0
3029	0	1531321#2	0
3029	0	18882270#1	1
3029	0	18882270#32	1
3029	0	27150634#2	0
3029	0	345424#3	0
3029	0	3550633#7	0
3029	0	3903341#6	1
3029	0	9737467#2	1
3041	0	2187699#0	0
3041	0	2187753#0	1
3041	0	2528069#8	1
3041	0	27824522#0	1
3041	0	34158915#0	1
3041	0	3430069#10	1
3041	0	38113549#3	0
3041	0	38113554#2	0
3041	0	38113556#1	0
3041	0	804196#2	1
3067	0	1678525#0	0
3067	0	18880184#3	0
3067	0	26441648#51	1
3067	0	2673910#14	1
3067	0	35001621#4	0
3067	0	35431050#19	0
3067	0	3552038#1	1
3067	0	37354852#3	0
3067	0	38420298#15	0
3067	0	51218#1	1
3067	0	706816#10	1
3070	0	2184581#1	0
3070	0	26946180#100	0
3070	0	328981#1	1
3070	0	328981#21	0
3070	0	328981#27	0
3070	0	328981#5	0
3070	0	328981#9	0
3070	0	386688#5	1
3070	0	8193134#9	0
3070	0	900418#4	0
3075	0	11247268#8	0
3075	0	11384247#4	1
3075	0	13101737#0	0
3075	0	16421#20	1
3075	0	18426568#1	1
3075	0	18426568#5	1
3075	0	1936310#6	0
3075	0	32355726#0	0
3075	0	33189523#0	1
3075	0	387135#22	1
3075	0	969608#9	1
3085	0	160246#22	0
3085	0	230708#3	0
3085	0	2755475#22	1
3085	0	37468361#15	1
3085	0	3815735#3	1
3085	0	47567946#41	1
3085	0	5797851#5	1
3085	0	640764#4	0
3085	0	748887#0	1
3085	0	748887#17	1
3085	0	904269#20	1
3100	0	3571236#0	1
3100	0	3571236#1	0
3100	0	3571236#11	0
3100	0	3571236#14	0
3100	0	3571236#22	0
3100	0	3571236#23	0
3100	0	3571236#30	0
3100	0	3571236#31	0
3100	0	3571236#34	0
3100	0	3571236#35	0
3100	0	3571236#44	0
3100	0	3571236#45	0
3100	0	3571236#53	0
3100	0	3571236#56	0
3100	0	3571236#57	0
3100	0	3571236#9	1
3106	0	24327353#0	0
3106	0	24327353#13	1
3106	0	24327353#14	0
3106	0	24327353#18	0
3106	0	24327353#7	1
3106	0	24327353#8	0
3106	0	24327353#9	0
3106	0	31537978#0	1
3106	0	31617356#1	0
3106	0	86351#11	0
3109	0	19477084#6	0
3109	0	2210854#17	0
3109	0	2210854#24	0
3109	0	34559818#0	0
3109	0	34922265#2	1
3109	0	37367511#0	0
3109	0	38724644#6	0
3109	0	41959688#0	0
3109	0	44362658#0	1
3109	0	44362658#1	1
3109	0	44362658#14	1
3109	0	44362658#2	1
3109	0	44362658#20	0
3109	0	44362658#3	0
3109	0	49690867#0	0
3109	0	55853074#1	0
3115	0	19156642#34	0
3115	0	25414501#15	0
3115	0	31513219#67	0
3115	0	35592396#7	0
3115	0	3590089#2	0
3115	0	37631682#0	1
3115	0	37631682#2	1
3115	0	39984653#1	0
3115	0	46644707#8	0
3115	0	47815337#0	0
3115	0	5785694#3	0
3115	0	9213332#8	0
3168	0	12162818#2	0
3168	0	1773#0	0
3168	0	18426568#11	1
3168	0	198078#26	0
3168	0	216132#6	0
3168	0	23599836#0	0
3168	0	32363#2	0
3168	0	6949369#11	1
3168	0	6949369#35	0
3168	0	729193#0	1
3168	0	7437933#5	1
3175	0	15153859#26	1
3175	0	15154305#11	0
3175	0	15154305#37	1
3175	0	15154305#6	1
3175	0	15154305#7	1
3175	0	15154305#9	1
3175	0	1662030#0	1
3175	0	194261#40	1
3175	0	27552742#8	1
3175	0	3168340#0	0
3175	0	3736878#5	1
3175	0	5254#28	1
3175	0	5254#62	1
3175	0	5254#89	0
3175	0	620724#3	1
3190	0	4184506#13	0
3190	0	4184506#14	0
3190	0	4184506#20	0
3190	0	4184506#4	0
3190	0	4184506#5	0
3190	0	4184506#7	0
3190	0	50994304#0	0
3190	0	50994304#1	1
3190	0	50994304#22	0
3190	0	7424489#1	0
3190	0	7693584#2	0
3204	0	143879#7	1
3204	0	15192708#5	0
3204	0	1990825#9	0
3204	0	24330434#1	0
3204	0	314855#10	0
3204	0	314855#4	0
3204	0	314855#6	1
3204	0	3490205#27	0
3204	0	428998#2	0
3204	0	4761033#3	0
3204	0	5054125#1	1
3210	0	1461479#0	1
3210	0	1461479#25	0
3210	0	1461479#28	1
3210	0	1461479#29	0
3210	0	1461479#30	0
3210	0	1461479#34	1
3210	0	217487#77	0
3210	0	217487#79	1
3210	0	217487#87	1
3210	0	8221#40	1
3231	0	11996900#13	0
3231	0	11996900#17	0
3231	0	12391913#20	1
3231	0	17157119#16	1
3231	0	3324864#12	1
3231	0	36929890#2	1
3231	0	36929890#8	1
3231	0	4078100#16	1
3231	0	4078100#17	1
3231	0	7952327#0	1
3231	0	865678#7	1
3245	0	15755009#3	1
3245	0	2018802#2	0
3245	0	21175158#1	1
3245	0	21175158#12	0
3245	0	21175158#35	0
3245	0	21175158#42	0
3245	0	21175158#5	0
3245	0	39582#120	0
3245	0	4514433#4	1
3245	0	5807102#71	0
3245	0	6310075#0	0
3248	0	1151358#4	0
3248	0	1273#3	1
3248	0	1273#64	0
3248	0	1273#77	0
3248	0	17135102#7	0
3248	0	1791543#6	1
3248	0	18702021#7	0
3248	0	37531698#11	0
3248	0	41959688#0	0
3248	0	4372392#11	0
3248	0	54198981#2	0
3257	0	173612#0	0
3257	0	173612#11	0
3257	0	173612#13	1
3257	0	173612#15	0
3257	0	173612#44	0
3257	0	173612#5	0
3257	0	173612#6	0
3257	0	4212295#0	0
3257	0	4272994#0	0
3257	0	57382395#6	0
3257	0	8447308#0	1
3275	0	12766839#11	0
3275	0	1795193#5	0
3275	0	2610594#5	0
3275	0	4042821#21	0
3275	0	41746273#0	1
3275	0	50554103#9	0
3275	0	5215325#18	0
3275	0	63166#0	1
3275	0	63170#40	0
3275	0	838771#12	0
3275	0	838771#13	1
3289	0	11247268#8	0
3289	0	13071291#5	0
3289	0	18691665#19	0
3289	0	2028257#1	1
3289	0	2359623#1	0
3289	0	26165493#16	0
3289	0	41959688#0	0
3289	0	52961994#3	0
3289	0	57302541#6	0
3289	0	58070594#1	0
3289	0	8484002#0	0
3290	0	15625178#1	0
3290	0	28025488#0	0
3290	0	3534769#0	0
3290	0	3534769#1	0
3290	0	37367511#0	0
3290	0	3966377#0	1
3290	0	3966377#1	0
3290	0	41959688#0	0
3290	0	49690867#0	0
3290	0	49691813#0	0
3295	0	10943177#0	0
3295	0	41959688#0	0
3295	0	44486915#1	0
3295	0	843294#0	1
3295	0	843294#1	0
3295	0	843294#2	0
3295	0	843294#3	0
3295	0	843294#6	0
3295	0	843294#8	0
3295	0	843294#9	1
3314	0	1021554#0	0
3314	0	12527374#6	1
3314	0	13485#7	0
3314	0	1556966#8	0
3314	0	17255423#1	1
3314	0	18994022#1	1
3314	0	18994022#24	0
3314	0	44588529#21	0
3314	0	4620#61	0
3314	0	46672#4	0
3314	0	4793696#12	0
3321	0	1505440#12	1
3321	0	17763344#26	1
3321	0	32616#66	1
3321	0	368324#1	1
3321	0	368324#13	1
3321	0	368324#16	1
3321	0	368324#4	1
3321	0	368324#5	1
3321	0	368324#7	1
3321	0	39221445#3	1
3321	0	58400031#4	1
3346	0	11567670#0	1
3346	0	158894#2	1
3346	0	170325#0	1
3346	0	170325#27	1
3346	0	170325#3	0
3346	0	170325#4	0
3346	0	2046189#3	0
3346	0	20913980#34	1
3346	0	2818164#0	1
3346	0	2823879#12	0
3346	0	5497073#9	0
3350	0	11397434#0	0
3350	0	14448498#6	0
3350	0	15522170#0	0
3350	0	159620#13	1
3350	0	21967242#0	1
3350	0	21967242#34	1
3350	0	30046284#0	0
3350	0	319100#16	0
3350	0	41120934#0	0
3350	0	9083550#0	1
3351	0	1435428#34	0
3351	0	23197874#14	1
3351	0	26412953#0	0
3351	0	28018143#0	0
3351	0	5104350#36	1
3351	0	52318#0	1
3351	0	52318#5	1
3351	0	7959#0	1
3351	0	7959#54	1
3351	0	9282116#44	0
337	0	15755009#3	0
337	0	21175158#12	0
337	0	2807155#1	0
337	0	36870#0	0
337	0	36870#4	1
337	0	36870#40	0
337	0	38331968#0	0
337	0	4482509#10	0
337	0	4514433#4	1
337	0	6310075#0	0
3381	0	116666#3	0
3381	0	116785#5	0
3381	0	116852#13	0
3381	0	116859#9	0
3381	0	118039#9	0
3381	0	15138033#3	0
3381	0	16765186#0	1
3381	0	259413#11	0
3381	0	41959688#0	0
3381	0	53145523#0	0
3381	0	76194#11	0
34	0	12720#3	1
34	0	162597#0	0
34	0	1656574#16	1
34	0	17131451#7	0
34	0	22634730#60	0
34	0	24938530#4	0
34	0	32412462#1	0
34	0	3491729#2	0
34	0	41959688#0	0
34	0	446536#0	0
3407	0	1057698#0	1
3407	0	22921#28	0
3407	0	22921#96	1
3407	0	24646984#0	1
3407	0	26277853#0	1
3407	0	26277853#12	0
3407	0	30784948#0	0
3407	0	40746352#2	0
3407	0	418436#0	0
3407	0	48180#1	0
3407	0	4843630#2	0
3408	0	106948#19	0
3408	0	1823097#0	1
3408	0	19151146#0	0
3408	0	19151146#4	0
3408	0	25675132#3	0
3408	0	2805133#7	0
3408	0	2920237#5	1
3408	0	53132188#0	1
3408	0	7259630#12	1
3408	0	8832#0	1
3417	0	14458903#40	1
3417	0	16079864#3	1
3417	0	17832214#2	1
3417	0	21568984#2	1
3417	0	2208837#64	1
3417	0	26562716#1	1
3417	0	31365976#2	1
3417	0	43249853#5	1
3417	0	63876#85	1
3417	0	6696464#12	1
3417	0	863#26	1
3421	0	14103867#14	0
3421	0	14863497#17	1
3421	0	258680#0	0
3421	0	29122#0	1
3421	0	29122#15	0
3421	0	29122#66	1
3421	0	32412462#1	0
3421	0	32412518#1	0
3421	0	39603020#0	1
3421	0	39650167#0	0
3421	0	41959688#0	0
3421	0	42712106#0	0
3421	0	55853074#0	0
3435	0	10575300#8	0
3435	0	1926755#1	0
3435	0	215013#20	0
3435	0	263183#5	0
3435	0	50007#4	0
3435	0	54764#0	0
3435	0	54764#15	1
3435	0	54764#23	0
3435	0	54764#4	0
3435	0	5936873#0	0
3437	0	57625102#0	1
3437	0	57625102#16	0
3437	0	57625102#27	0
3437	0	57625102#29	0
3437	0	57625102#37	0
3437	0	57625102#40	0
3437	0	57625102#41	0
3437	0	57625102#44	1
3437	0	57625102#46	0
3437	0	57625102#50	0
3442	0	11247268#8	0
3442	0	1831154#4	0
3442	0	18691665#19	0
3442	0	19477084#6	0
3442	0	202978#18	0
3442	0	30370167#11	0
3442	0	324943#7	0
3442	0	47246185#0	1
3442	0	47246185#41	1
3442	0	4783937#12	0
3442	0	48869534#0	0
3472	0	16265044#12	0
3472	0	177081#0	0
3472	0	22261#19	0
3472	0	25525#2	1
3472	0	25525#21	0
3472	0	36460022#4	0
3472	0	4021589#14	0
3472	0	50340216#19	0
3472	0	63753#44	0
3472	0	7344#1	1
3472	0	7344#7	0
3478	0	26467539#24	0
3478	0	41312483#0	1
3478	0	41312483#1	0
3478	0	4646584#12	1
3478	0	59108958#1	1
3478	0	8495676#0	1
3478	0	8495676#28	0
3478	0	8495676#3	1
3478	0	8495676#36	0
3478	0	8495676#37	0
3492	0	11247268#8	0
3492	0	18691665#19	0
3492	0	19477084#6	0
3492	0	28807578#0	0
3492	0	315275#29	0
3492	0	32676980#1	1
3492	0	37850527#5	0
3492	0	40604870#3	0
3492	0	51856844#6	0
3492	0	52251534#0	0
3492	0	674860#4	0
35	0	1411169#0	0
35	0	15044621#0	0
35	0	2560314#8	0
35	0	59574007#0	0
35	0	676#11	0
35	0	676#12	0
35	0	676#2	1
35	0	676#28	1
35	0	676#35	0
35	0	676#8	0
3524	0	11708373#19	0
3524	0	118334#17	0
3524	0	1223094#0	0
3524	0	1703411#0	0
3524	0	42375373#1	0
3524	0	5084020#0	0
3524	0	57813311#0	1
3524	0	58799208#14	0
3524	0	791549#6	0
3524	0	8130060#0	0
3526	0	11247268#8	0
3526	0	153673#10	0
3526	0	153673#11	0
3526	0	18323435#20	0
3526	0	19323128#0	1
3526	0	19477084#6	0
3526	0	30370167#11	0
3526	0	41959688#0	0
3526	0	53294172#0	0
3526	0	55853074#1	0
3526	0	9419153#3	0
3533	0	116510#0	0
3533	0	116510#14	0
3533	0	116510#19	0
3533	0	116510#20	0
3533	0	14971573#0	1
3533	0	14971573#1	0
3533	0	26997138#17	0
3533	0	43674959#4	0
3533	0	534010#0	1
3533	0	664186#0	0
3548	0	15927603#0	0
3548	0	1721360#0	1
3548	0	21304122#0	0
3548	0	21304122#1	0
3548	0	3604689#0	1
3548	0	3604689#16	0
3548	0	3604726#0	1
3548	0	4448088#17	0
3548	0	6746398#0	1
3548	0	99053#0	1
3557	0	11497596#0	1
3557	0	12991770#1	0
3557	0	1811566#0	0
3557	0	3665407#0	0
3557	0	3665407#12	1
3557	0	3665407#18	0
3557	0	3665407#25	1
3557	0	41755055#0	1
3557	0	42706273#0	1
3557	0	43313191#0	1
3559	0	1642077#1	1
3559	0	3041898#7	0
3559	0	37325068#5	1
3559	0	536622#0	1
3559	0	536622#10	0
3559	0	536622#12	0
3559	0	536622#20	0
3559	0	536622#4	0
3559	0	536622#6	0
3559	0	8243614#7	0
3559	0	9134353#25	1
3577	0	25607023#0	0
3577	0	26508854#0	0
3577	0	30770#0	1
3577	0	37367512#0	0
3577	0	41959688#0	0
3577	0	49690912#0	0
3577	0	49691484#0	0
3577	0	49691494#0	0
3577	0	49691504#0	0
3577	0	51974732#0	0
3577	0	55853074#1	0
3608	0	1123339#3	1
3608	0	21014798#21	1
3608	0	219606#0	0
3608	0	2259423#0	1
3608	0	2259423#4	0
3608	0	32583877#14	1
3608	0	38659337#50	1
3608	0	42192896#2	0
3608	0	735092#4	0
3608	0	869272#0	0
3610	0	24071801#0	1
3610	0	24071801#1	1
3610	0	24071801#18	1
3610	0	24071801#5	0
3610	0	25358536#15	1
3610	0	26179231#1	1
3610	0	33545#72	1
3610	0	6248962#1	1
3610	0	627143#7	1
3610	0	69894#82	1
3616	0	1062956#1	1
3616	0	1062956#2	0
3616	0	11245347#8	0
3616	0	12034989#8	0
3616	0	12034989#9	0
3616	0	168509#35	0
3616	0	42193218#63	0
3616	0	69720#33	0
3616	0	69720#35	0
3616	0	727521#7	0
3616	0	885206#12	0
3619	0	10553#28	0
3619	0	1350006#14	0
3619	0	1350006#18	1
3619	0	1350006#2	1
3619	0	14231438#1	0
3619	0	14231438#2	0
3619	0	14231438#3	0
3619	0	14231635#1	0
3619	0	17888556#12	1
3619	0	2787569#5	0
3619	0	411844#40	1
3629	0	414980#25	1
3629	0	8434248#0	1
3629	0	8434248#10	0
3629	0	8434248#29	0
3629	0	8434248#42	0
3629	0	8434248#5	0
3629	0	8434248#55	0
3629	0	8434248#6	1
3629	0	8434248#62	0
3629	0	8434248#7	0
3631	0	1745477#1	0
3631	0	195077#4	0
3631	0	19562661#3	1
3631	0	22367112#1	1
3631	0	2288422#13	0
3631	0	32131564#42	0
3631	0	55942#0	1
3631	0	55942#14	0
3631	0	56432814#1	1
3631	0	680452#3	0
3631	0	680452#8	1
364	0	179863#8	0
364	0	18323435#20	0
364	0	18959138#0	0
364	0	18959138#1	0
364	0	18959138#24	1
364	0	18959138#94	0
364	0	2151659#0	0
364	0	41959688#0	0
364	0	45602427#7	0
364	0	49691472#0	0
364	0	50144840#2	0
365	0	148731#16	0
365	0	18691665#19	0
365	0	28358173#6	0
365	0	38358079#15	0
365	0	395037#10	1
365	0	41959688#0	0
365	0	44597215#11	0
365	0	53068776#13	0
365	0	75813#8	0
365	0	839579#8	0
3658	0	10058273#0	0
3658	0	10058273#1	0
3658	0	10058273#5	1
3658	0	2341370#38	1
3658	0	28484684#4	0
3658	0	37367511#0	0
3658	0	41959688#0	0
3658	0	49690867#0	0
3658	0	49691484#0	0
3658	0	64149#0	1
3658	0	64149#1	1
3661	0	1191676#39	0
3661	0	13849806#11	0
3661	0	18159080#8	0
3661	0	18181188#0	1
3661	0	19352809#12	0
3661	0	21148#115	0
3661	0	52786#70	1
3661	0	59761#0	1
3661	0	70124#19	1
3661	0	70124#42	0
3661	0	70124#47	0
3665	0	17446013#1	1
3665	0	1926270#1	1
3665	0	20541767#0	0
3665	0	2705283#7	0
3665	0	2745795#1	0
3665	0	36319423#1	1
3665	0	36323589#1	1
3665	0	4397516#4	0
3665	0	46493#9	0
3665	0	5728905#1	0
3665	0	772890#2	0
3696	0	188258#7	0
3696	0	195130#39	0
3696	0	195130#8	0
3696	0	195130#9	0
3696	0	2416582#24	0
3696	0	2524124#0	1
3696	0	2524124#3	0
3696	0	2524124#4	0
3696	0	318073#24	0
3696	0	429910#10	0
3705	0	1645718#0	0
3705	0	1645718#20	0
3705	0	1645718#21	0
3705	0	1645718#25	0
3705	0	1645718#26	0
3705	0	1645718#27	0
3705	0	1645718#30	0
3705	0	1645718#31	1
3705	0	1645718#33	0
3705	0	1645718#35	0
3705	0	1645718#39	0
3740	0	3799783#25	1
3740	0	3799783#28	1
3740	0	3799783#7	1
3740	0	38847082#0	1
3740	0	38847082#1	1
3740	0	38847082#2	1
3740	0	38847082#3	0
3740	0	38847082#4	1
3740	0	38847082#5	1
3740	0	38847082#6	0
3744	0	14982437#0	1
3744	0	162404#0	1
3744	0	162404#1	1
3744	0	162404#10	1
3744	0	162404#11	0
3744	0	162404#12	0
3744	0	162404#2	0
3744	0	162404#3	1
3744	0	162404#5	1
3744	0	32571#14	1
3751	0	17599513#8	0
3751	0	1953299#7	0
3751	0	24376300#0	1
3751	0	24376300#10	0
3751	0	414962#0	1
3751	0	41959688#0	0
3751	0	48713195#16	1
3751	0	5284087#16	1
3751	0	8173919#3	0
3751	0	857015#11	1
3764	0	1109927#0	1
3764	0	1109927#1	1
3764	0	1109927#24	0
3764	0	1109927#25	0
3764	0	12743920#7	1
3764	0	2452160#8	0
3764	0	4476831#125	1
3764	0	7461908#3	0
3764	0	8144408#0	1
3764	0	9626910#1	0
378	0	22365457#1	1
378	0	24721389#0	1
378	0	24721389#15	0
378	0	24721389#4	0
378	0	25341765#5	1
378	0	25885950#0	1
378	0	26163665#6	0
378	0	31086824#21	0
378	0	32336241#0	0
378	0	33158731#0	1
3781	0	14097#20	0
3781	0	227918#0	0
3781	0	227918#19	0
3781	0	227918#33	0
3781	0	227918#36	0
3781	0	2659825#27	0
3781	0	42098#19	0
3781	0	4331913#0	0
3781	0	530331#46	0
3781	0	5509774#9	1
3781	0	6555#7	0
3790	0	11462430#6	0
3790	0	25378599#4	0
3790	0	37093290#0	0
3790	0	4134383#0	0
3790	0	4134383#1	1
3790	0	4134383#2	0
3790	0	4134383#3	1
3790	0	4134383#4	0
3790	0	42421066#0	0
3790	0	4616133#1	0
3790	0	479319#0	0
3790	0	479319#14	1
3790	0	48779170#12	0
3790	0	567678#50	0
3798	0	16853992#3	1
3798	0	16958693#1	1
3798	0	22776054#1	1
3798	0	22776054#2	1
3798	0	26420615#2	1
3798	0	270015#3	0
3798	0	28565#35	1
3798	0	28565#37	0
3798	0	31268314#3	0
3798	0	6016721#2	0
3798	0	6733634#1	1
3809	0	1982124#25	0
3809	0	3518432#8	0
3809	0	38791208#23	0
3809	0	46279817#0	0
3809	0	48548#0	0
3809	0	48548#18	1
3809	0	48548#35	0
3809	0	48548#70	0
3809	0	48548#72	0
3809	0	845662#4	0
3819	0	10890716#24	0
3819	0	11756907#112	1
3819	0	15775275#8	1
3819	0	204299#16	0
3819	0	204299#18	0
3819	0	204299#22	0
3819	0	204299#3	1
3819	0	24425155#2	0
3819	0	31644#0	1
3819	0	5670545#7	0
3819	0	57169873#18	1
3823	0	15647838#82	0
3823	0	16034298#1	0
3823	0	16034298#6	1
3823	0	17602748#0	0
3823	0	25597910#0	1
3823	0	30477039#2	0
3823	0	33271193#0	0
3823	0	335282#0	1
3823	0	335282#12	1
3823	0	335282#8	1
3823	0	44547399#2	0
3906	0	1110101#1	1
3906	0	1202219#6	0
3906	0	159828#16	0
3906	0	159828#19	0
3906	0	159828#24	0
3906	0	159828#9	1
3906	0	22156522#13	0
3906	0	31517917#6	0
3906	0	665460#12	0
3906	0	92052#3	0
3906	0	962731#18	1
3932	0	14597235#5	0
3932	0	153008#31	1
3932	0	447625#10	1
3932	0	48824#18	1
3932	0	490861#73	0
3932	0	6604#16	0
3932	0	946975#40	1
3932	0	946975#41	0
3932	0	946975#43	1
3932	0	946975#44	0
3935	0	1328501#0	0
3935	0	14944095#15	0
3935	0	1547153#27	0
3935	0	1547153#33	0
3935	0	19038039#0	1
3935	0	19038039#4	1
3935	0	19038039#72	0
3935	0	29034533#1	1
3935	0	40906043#9	1
3935	0	4305070#32	1
3935	0	6461518#0	0
3938	0	1674160#7	0
3938	0	22159418#0	0
3938	0	25702#15	0
3938	0	31302#2	1
3938	0	51042605#1	0
3938	0	51156827#1	0
3938	0	51183397#0	0
3938	0	51183397#2	0
3938	0	51225243#0	0
3938	0	51522459#0	1
3938	0	9189548#0	1
3953	0	15928#15	0
3953	0	1821883#2	0
3953	0	1965416#2	0
3953	0	22112840#15	0
3953	0	22112840#19	0
3953	0	30993324#3	0
3953	0	3494738#103	0
3953	0	36897421#2	0
3953	0	44607#5	1
3953	0	45265915#81	0
3953	0	662134#6	0
3955	0	1063412#0	1
3955	0	1063412#11	0
3955	0	2730049#0	0
3955	0	455909#34	1
3955	0	558970#0	1
3955	0	558970#20	0
3955	0	558970#8	0
3955	0	6142128#2	0
3955	0	6756878#1	0
3955	0	8144412#5	0
3955	0	9265197#18	1
4014	0	1163581#0	1
4014	0	1163581#2	0
4014	0	1163581#35	0
4014	0	1163581#43	0
4014	0	1163581#53	0
4014	0	1163581#55	0
4014	0	1163581#56	0
4014	0	140699#55	0
4014	0	338722#14	1
4014	0	338722#3	1
4014	0	46254628#0	0
4014	0	46254628#18	0
4014	0	54072404#0	0
407	0	10918072#36	1
407	0	13875647#1	1
407	0	13875647#3	1
407	0	2449112#5	1
407	0	37409256#2	1
407	0	380353#0	1
407	0	380353#1	1
407	0	52440989#3	1
407	0	6603245#14	1
407	0	87368#79	1
4072	0	1287559#24	0
4072	0	2328245#2	1
4072	0	23728089#0	1
4072	0	32412462#1	0
4072	0	32412518#1	0
4072	0	34345431#2	0
4072	0	41959688#0	0
4072	0	43681121#3	0
4072	0	48609379#1	0
4072	0	510016#3	0
4072	0	8045252#0	1
4078	0	11145219#33	0
4078	0	23417648#0	0
4078	0	243781#2	0
4078	0	249458#0	1
4078	0	249458#2	1
4078	0	26597226#35	0
4078	0	31516#58	0
4078	0	31516#59	0
4078	0	54753#16	0
4078	0	8928074#23	1
4086	0	12598742#20	1
4086	0	158986#0	1
4086	0	19337310#51	0
4086	0	2258135#0	1
4086	0	34575776#6	1
4086	0	39582#5	0
4086	0	39759997#7	0
4086	0	41959688#0	0
4086	0	52196065#6	0
4086	0	52447#0	0
4086	0	53523554#1	0
4103	0	1074448#0	1
4103	0	1074448#10	1
4103	0	1074448#9	1
4103	0	153021#40	1
4103	0	18603746#61	1
4103	0	18603746#62	1
4103	0	1917000#5	1
4103	0	19359#19	1
4103	0	56521087#0	1
4103	0	6934277#60	1
4125	0	2707916#2	0
4125	0	3271841#20	0
4125	0	360410#38	0
4125	0	404024#5	0
4125	0	404024#6	0
4125	0	53316#12	0
4125	0	54247#0	1
4125	0	54247#2	1
4125	0	54247#7	0
4125	0	54326238#32	0
4125	0	56484510#2	0
4128	0	31030773#1	0
4128	0	35209417#1	0
4128	0	455243#0	1
4128	0	455243#7	1
4128	0	579523#8	0
4128	0	6048021#0	1
4128	0	6814754#0	0
4128	0	7202595#1	1
4128	0	7202646#1	1
4128	0	7202681#1	1
4150	0	14783569#1	1
4150	0	15989170#5	0
4150	0	16144811#25	0
4150	0	17756#0	1
4150	0	1907338#1	0
4150	0	21672031#1	0
4150	0	21914142#1	0
4150	0	21914142#3	0
4150	0	3202725#6	0
4150	0	459160#0	0
4150	0	58942653#5	0
4210	0	13139552#86	1
4210	0	140389#1	0
4210	0	140389#10	0
4210	0	140389#18	0
4210	0	140389#21	0
4210	0	140389#4	0
4210	0	140389#53	1
4210	0	1816154#4	1
4210	0	2085#28	0
4210	0	23537091#14	1
4210	0	2510506#82	0
4210	0	42589952#148	0
4210	0	4620#21	1
4210	0	51320#54	1
4229	0	1122176#1	0
4229	0	1122377#0	0
4229	0	1122596#1	1
4229	0	1122939#1	0
4229	0	1140070#10	0
4229	0	2598841#2	0
4229	0	29420859#1	0
4229	0	37581879#10	0
4229	0	4459641#0	0
4229	0	52639993#1	1
4229	0	952521#5	0
4277	0	11743517#29	1
4277	0	12887061#17	0
4277	0	12887061#18	1
4277	0	13773328#1	1
4277	0	2041331#16	0
4277	0	27582142#17	1
4277	0	521360#0	1
4277	0	53985422#33	1
4277	0	653520#16	0
4277	0	653522#22	1
4277	0	653522#23	0
43	0	1267116#0	0
43	0	1267116#1	0
43	0	1338908#1	0
43	0	736446#0	1
43	0	736446#10	1
43	0	736446#11	0
43	0	736446#34	0
43	0	736446#6	0
43	0	737328#0	0
43	0	737328#5	0
43	0	768664#2	0
43	0	791513#2	0
430	0	14370581#4	0
430	0	1586721#3	0
430	0	1586721#5	0
430	0	21526950#1	0
430	0	287207#20	0
430	0	34345090#0	0
430	0	3997#53	1
430	0	55309#27	1
430	0	55309#28	0
430	0	5622894#2	0
4324	0	199078#1	1
4324	0	199078#7	1
4324	0	199078#9	1
4324	0	2033707#1	1
4324	0	2033707#2	0
4324	0	2198844#78	1
4324	0	253129#21	1
4324	0	341418#57	1
4324	0	44505774#1	1
4324	0	44505774#2	1
4324	0	48605#92	1
4328	0	1077741#2	0
4328	0	11247268#8	0
4328	0	11978909#0	0
4328	0	19477084#6	0
4328	0	239050#0	1
4328	0	27317123#11	0
4328	0	282626#7	0
4328	0	31427966#0	0
4328	0	33148906#18	0
4328	0	43571244#13	0
4328	0	52251534#0	0
4332	0	10379156#3	0
4332	0	11247268#8	0
4332	0	15894372#1	0
4332	0	162469#4	0
4332	0	2091113#8	0
4332	0	258695#3	0
4332	0	26165493#16	0
4332	0	29831#1	1
4332	0	41959688#0	0
4332	0	4642635#36	0
4332	0	6983820#0	0
4343	0	3571236#0	0
4343	0	3571236#1	0
4343	0	3571236#18	0
4343	0	3571236#23	0
4343	0	3571236#30	0
4343	0	3571236#31	0
4343	0	3571236#33	0
4343	0	3571236#40	1
4343	0	3571236#53	0
4343	0	3571236#54	0
4349	0	1083713#0	0
4349	0	1240251#1	0
4349	0	1240460#2	0
4349	0	1245250#0	0
4349	0	185979#3	1
4349	0	185979#4	0
4349	0	2076621#1	1
4349	0	28454372#1	1
4349	0	28454372#2	0
4349	0	359733#17	0
4356	0	2054178#1	1
4356	0	4607980#0	1
4356	0	4607980#18	1
4356	0	57858983#2	0
4356	0	58418910#1	0
4356	0	73408#0	0
4356	0	73408#46	0
4356	0	73408#60	0
4356	0	73408#65	0
4356	0	9560699#0	1
4356	0	9560699#4	0
4360	0	11462785#6	0
4360	0	18490611#0	0
4360	0	21614504#1	0
4360	0	2168708#4	1
4360	0	24483381#2	0
4360	0	2675547#1	0
4360	0	31428206#7	0
4360	0	34073759#0	0
4360	0	38034720#1	0
4360	0	43850244#22	0
4360	0	4578913#1	0
4363	0	1021213#0	0
4363	0	1021213#14	1
4363	0	45379531#0	0
4363	0	5634222#9	1
4363	0	615988#0	1
4363	0	615988#1	0
4363	0	615988#2	1
4363	0	7167400#0	1
4363	0	923368#0	1
4363	0	923368#1	0
4366	0	10057043#11	0
4366	0	10824141#0	0
4366	0	132410#15	0
4366	0	162335#0	1
4366	0	22546777#2	0
4366	0	22546777#32	0
4366	0	35759702#0	0
4366	0	587885#0	0
4366	0	61024#100	0
4366	0	945143#2	0
4371	0	118372#0	1
4371	0	118372#45	0
4371	0	1368649#5	0
4371	0	20219879#1	0
4371	0	2281029#31	0
4371	0	25208616#18	0
4371	0	28792584#17	0
4371	0	45420#1	0
4371	0	7630#33	0
4371	0	9098894#22	0
4382	0	10759217#0	0
4382	0	1672804#0	1
4382	0	1672804#1	0
4382	0	17616582#0	0
4382	0	23434#9	0
4382	0	5042945#0	0
4382	0	5591958#0	0
4382	0	5906530#0	0
4382	0	690419#1	0
4382	0	690419#8	1
439	0	1072751#10	0
439	0	1072751#13	0
439	0	1072751#14	1
439	0	1072751#19	0
439	0	1072751#23	1
439	0	1072751#27	0
439	0	14843#78	0
439	0	2014936#17	0
439	0	42518279#7	0
439	0	46326758#33	0
44	0	1088385#5	0
44	0	13376#14	0
44	0	285319#0	0
44	0	32815780#22	0
44	0	4770955#1	1
44	0	5054631#0	1
44	0	54604579#12	0
44	0	7079135#54	0
44	0	70795#9	0
44	0	9087364#110	0
4410	0	267469#13	0
4410	0	29355605#0	0
4410	0	29355605#7	0
4410	0	298874#0	0
4410	0	298874#1	0
4410	0	298874#21	0
4410	0	298874#23	0
4410	0	298874#26	0
4410	0	298874#7	0
4410	0	298874#8	1
4410	0	30351170#2	0
4425	0	2494476#7	0
4425	0	2538794#33	0
4425	0	36803227#1	0
4425	0	587487#0	1
4425	0	587487#1	0
4425	0	587487#19	1
4425	0	587487#2	0
4425	0	587487#20	1
4425	0	587487#3	1
4425	0	587487#4	0
4425	0	587487#9	0
4433	0	13420742#0	0
4433	0	13420742#13	0
4433	0	18487561#0	0
4433	0	18487561#3	1
4433	0	294473#5	1
4433	0	3620975#2	0
4433	0	574120#0	1
4433	0	719805#17	0
4433	0	719805#23	0
4433	0	719805#4	0
4433	0	719805#5	0
465	0	21456938#3	0
465	0	24189482#0	1
465	0	24189498#0	1
465	0	24189498#3	0
465	0	24189513#0	1
465	0	24764191#2	0
465	0	26217848#5	0
465	0	26424142#7	0
465	0	29464821#0	0
465	0	41313662#3	0
465	0	45284354#11	0
467	0	38833617#1	1
467	0	48132#76	0
467	0	49855#0	1
467	0	49855#1	0
467	0	49855#65	0
467	0	49855#67	0
467	0	49855#68	0
467	0	49855#74	0
467	0	58065683#13	0
467	0	804036#34	0
501	0	2392777#6	1
501	0	328875#3	0
501	0	467504#18	0
501	0	467504#19	0
501	0	467504#2	0
501	0	467504#23	0
501	0	467504#26	0
501	0	467504#3	0
501	0	8314611#0	1
501	0	9532172#0	0
504	0	30734167#0	0
504	0	406327#0	0
504	0	406327#11	0
504	0	406327#20	0
504	0	406327#24	0
504	0	406327#3	1
504	0	406327#6	0
504	0	45207758#1	0
504	0	45224656#1	0
504	0	8354511#0	0
509	0	14713923#0	0
509	0	14713923#11	0
509	0	14713923#3	0
509	0	14713923#4	1
509	0	14713923#5	0
509	0	14713923#8	0
509	0	20572180#4	0
509	0	44358555#0	0
509	0	44358555#5	0
509	0	631312#28	0
511	0	11930181#57	0
511	0	11982053#46	1
511	0	12865526#10	0
511	0	16176416#53	1
511	0	18950570#41	0
511	0	18950570#48	0
511	0	32608553#0	1
511	0	32608553#6	1
511	0	33621565#51	0
511	0	4745#78	0
511	0	795071#43	0
511	0	7972817#33	1
530	0	11121#22	1
530	0	16118202#25	0
530	0	194731#34	0
530	0	194735#0	0
530	0	28279600#1	0
530	0	3001233#0	0
530	0	324081#7	0
530	0	37653#59	0
530	0	577444#22	0
530	0	643649#34	0
531	0	17174951#9	1
531	0	17204904#4	1
531	0	21855857#10	1
531	0	377204#12	0
531	0	377204#4	1
531	0	377245#1	0
531	0	377245#22	1
531	0	377245#37	0
531	0	377245#64	0
531	0	624853#3	1
532	0	1055835#1	0
532	0	195729#19	1
532	0	199077#5	0
532	0	30041#29	0
532	0	5667#0	0
532	0	568674#14	0
532	0	67492#0	0
532	0	84715#0	0
532	0	84715#14	0
532	0	86350#8	0
534	0	13865893#2	0
534	0	242789#0	1
534	0	242789#3	1
534	0	242789#32	0
534	0	242789#39	0
534	0	242789#4	0
534	0	242789#54	0
534	0	25777652#0	0
534	0	25801683#0	1
534	0	28474862#1	0
535	0	14028458#1	0
535	0	41616772#0	1
535	0	41616772#1	0
535	0	41616772#18	0
535	0	41616772#2	1
535	0	41616772#20	0
535	0	41616772#21	0
535	0	41616772#3	0
535	0	41616772#4	0
535	0	41616772#8	0
538	0	1040741#59	0
538	0	11507939#5	1
538	0	1543775#2	0
538	0	22959676#8	0
538	0	37372627#52	0
538	0	397689#2	0
538	0	4095924#5	0
538	0	42551317#13	1
538	0	5752650#1	0
538	0	8087746#16	0
539	0	22216031#2	1
539	0	6016829#0	0
539	0	6016829#15	1
539	0	6016829#16	0
539	0	6016829#17	0
539	0	6016829#2	0
539	0	6016829#29	0
539	0	6016829#31	0
539	0	6016829#36	0
539	0	6016829#7	0
600	0	10572690#11	0
600	0	1266469#4	0
600	0	18785835#4	1
600	0	2647601#1	0
600	0	3460247#23	1
600	0	354428#17	0
600	0	365171#10	0
600	0	3666416#2	0
600	0	37857#89	0
600	0	6488945#5	1
616	0	199878#3	1
616	0	199895#0	0
616	0	199895#11	0
616	0	199895#14	0
616	0	199895#3	1
616	0	199895#36	0
616	0	199895#39	0
616	0	199895#6	1
616	0	199895#7	0
616	0	42609227#5	0
617	0	11881243#0	1
617	0	11881243#12	0
617	0	11881243#38	0
617	0	11881243#42	0
617	0	11881243#48	0
617	0	11881243#49	0
617	0	11881243#50	1
617	0	11881243#51	0
617	0	11881243#71	0
617	0	20356307#0	1
633	0	42700966#0	1
633	0	43152107#1	1
633	0	5821650#1	0
633	0	60138#0	1
633	0	60138#2	0
633	0	60138#21	0
633	0	60138#34	1
633	0	60138#4	0
633	0	875897#32	0
633	0	9189603#0	0
651	0	1503369#6	0
651	0	18831#6	0
651	0	24665031#4	0
651	0	26513034#107	1
651	0	26513034#109	0
651	0	26513034#110	0
651	0	26513034#111	0
651	0	26513034#63	0
651	0	291170#23	0
651	0	291170#53	0
653	0	14805868#2	0
653	0	16408640#14	0
653	0	16767#1	0
653	0	16767#7	1
653	0	173400#24	1
653	0	174117#5	1
653	0	27113732#13	1
653	0	37669#5	1
653	0	3827155#4	1
653	0	5410115#6	1
658	0	19125193#0	0
658	0	19125193#10	0
658	0	19125193#17	0
658	0	19125193#23	1
658	0	19125193#35	1
658	0	19125193#7	1
658	0	411845#1	0
658	0	4498914#1	0
658	0	6151146#82	0
658	0	6282905#2	0
672	0	12180522#0	0
672	0	19818544#8	0
672	0	23854428#8	0
672	0	26194892#5	1
672	0	26194892#6	1
672	0	3153046#3	0
672	0	3153046#35	0
672	0	31736144#0	0
672	0	43780560#0	0
672	0	58150439#0	0
721	0	30664999#0	0
721	0	32612687#19	0
721	0	32612687#21	0
721	0	3930747#0	0
721	0	41959688#0	0
721	0	4474505#23	0
721	0	4732785#1	1
721	0	5202807#0	0
721	0	6138363#1	0
721	0	6701530#0	1
747	0	12108230#27	0
747	0	12439158#5	1
747	0	3513216#19	1
747	0	4688929#2	1
747	0	49655774#0	1
747	0	49655774#1	1
747	0	514505#1	1
747	0	514505#15	1
747	0	514505#5	1
747	0	5483121#6	1
747	0	720155#18	1
768	0	40995204#16	0
768	0	46785809#2	0
768	0	53823223#0	0
768	0	53823332#0	0
768	0	58527193#0	0
768	0	58527423#0	0
768	0	58527439#0	0
768	0	58527444#0	0
768	0	58527461#0	0
768	0	7407852#0	1
79	0	1755878#0	0
79	0	19944726#1	0
79	0	26458686#7	0
79	0	387407#2	0
79	0	401502#2	0
79	0	4254029#11	0
79	0	4254029#5	0
79	0	48781658#8	1
79	0	488804#0	0
79	0	67720#30	0
791	0	13568947#11	0
791	0	1705286#6	0
791	0	175456#2	1
791	0	175456#27	0
791	0	175456#28	0
791	0	175456#34	0
791	0	2242471#8	0
791	0	33336961#0	0
791	0	33336961#1	0
791	0	490620#90	1
796	0	1088143#26	1
796	0	1088143#28	0
796	0	157299#9	0
796	0	18711859#0	0
796	0	41959688#0	0
796	0	5519332#0	0
796	0	55853074#0	0
796	0	8211305#0	0
796	0	838392#0	0
796	0	838392#1	0
810	0	180537#66	0
810	0	217151#2	0
810	0	3419588#1	0
810	0	412827#11	1
810	0	412827#15	0
810	0	412827#2	0
810	0	412827#4	0
810	0	412827#5	0
810	0	412827#6	1
810	0	412827#7	0
812	0	10286696#4	0
812	0	20114323#1	0
812	0	23455173#10	1
812	0	23455173#11	1
812	0	23455173#16	0
812	0	23455173#18	0
812	0	23455173#31	0
812	0	36749249#1	0
812	0	5243763#2	0
812	0	8867700#1	0
820	0	170592#5	0
820	0	44016947#3	0
820	0	5895862#1	0
820	0	75027#10	0
820	0	75027#13	0
820	0	75027#18	0
820	0	75027#3	0
820	0	75027#30	0
820	0	75027#5	1
820	0	75027#8	0
821	0	1106307#7	0
821	0	13779717#9	0
821	0	176526#14	1
821	0	176526#8	1
821	0	18174023#2	0
821	0	30785485#3	0
821	0	37490729#12	0
821	0	3993568#8	0
821	0	5400382#0	0
821	0	63881#20	0
899	0	12771208#2	0
899	0	14676470#1	0
899	0	2122783#0	1
899	0	2122783#39	0
899	0	2122783#56	0
899	0	21543949#5	0
899	0	48248455#130	0
899	0	53231503#2	0
899	0	6084430#1	0
899	0	6771#77	0
902	0	1303939#21	1
902	0	141957#28	1
902	0	399402#0	1
902	0	399402#1	1
902	0	399402#9	0
902	0	4196336#0	1
902	0	4206576#11	1
902	0	43722469#3	1
902	0	43722469#5	1
902	0	5150937#0	1
913	0	12921511#3	1
913	0	12921511#5	0
913	0	176316#0	0
913	0	176316#13	1
913	0	176316#14	0
913	0	176316#2	1
913	0	176316#3	0
913	0	176316#33	0
913	0	176316#51	0
913	0	176316#9	1
951	0	14273650#0	0
951	0	14273650#1	0
951	0	14273650#6	1
951	0	22866147#6	0
951	0	29261968#2	0
951	0	295724#1	0
951	0	365941#2	0
951	0	55559715#0	0
951	0	6963354#1	0
951	0	9192644#0	0
960	0	16860913#6	1
960	0	1985985#5	1
960	0	1985986#6	0
960	0	33032147#2	0
960	0	34748661#16	0
960	0	3629149#4	1
960	0	36718428#32	0
960	0	5392961#37	0
960	0	55177298#11	0
960	0	8157361#0	0
995	0	17465014#1	0
995	0	1946204#5	0
995	0	392811#11	0
995	0	41959688#0	0
995	0	4346392#12	0
995	0	4346392#13	0
995	0	53674911#1	0
995	0	6668778#31	1
995	0	686122#7	0
995	0	95261#38	0
