1016	0	55349#13	0
1016	0	90694#3	0
1016	0	91136#2	1
1016	0	91136#4	0
1016	0	91156#1	1
1016	0	92212#0	0
1016	0	92212#1	0
1016	0	92212#3	0
1016	0	92212#5	1
1016	0	92212#6	0
1020	0	11740#1	0
1020	0	1183#11	0
1020	0	2152#0	0
1020	0	2580#0	0
1020	0	2627#0	1
1020	0	33343#15	0
1020	0	64634#0	0
1020	0	7182#1	0
1020	0	77587#77	0
1020	0	923#13	0
1020	0	923#17	0
1033	0	1679#1	1
1033	0	20137#1	0
1033	0	3193#3	0
1033	0	33745#0	0
1033	0	3493#0	0
1033	0	3943#1	0
1033	0	4185#0	0
1033	0	64356#0	0
1033	0	64492#0	0
1033	0	81458#0	0
1033	0	90239#8	0
1040	0	105548#3	0
1040	0	14604#3	0
1040	0	14604#4	0
1040	0	14610#9	1
1040	0	34318#8	0
1040	0	55747#17	0
1040	0	78966#35	0
1040	0	83135#6	1
1040	0	83143#2	1
1040	0	89550#3	0
1041	0	11802#1	1
1041	0	19209#43	0
1041	0	2048#21	0
1041	0	32763#120	0
1041	0	32763#82	0
1041	0	3663#15	1
1041	0	70148#11	0
1041	0	86744#0	0
1041	0	86975#0	0
1041	0	904#94	0
1041	0	91462#0	0
1048	0	100461#4	0
1048	0	1843#3	0
1048	0	2004#0	0
1048	0	2004#1	0
1048	0	2004#2	1
1048	0	33242#1	0
1048	0	33249#2	0
1048	0	34979#0	0
1048	0	41449#1	0
1048	0	7082#16	0
1049	0	105705#0	0
1049	0	14667#19	0
1049	0	2032#0	0
1049	0	33620#0	1
1049	0	33620#13	1
1049	0	35403#2	0
1049	0	35932#9	0
1049	0	93361#0	0
1049	0	93578#0	0
1049	0	93773#0	0
1049	0	94278#0	0
105	0	14200#0	0
105	0	14888#0	0
105	0	1676#26	0
105	0	1676#3	1
105	0	1676#56	0
105	0	1676#60	0
105	0	28417#1	0
105	0	32503#0	0
105	0	33513#0	1
105	0	34637#4	0
105	0	66135#11	0
1056	0	102418#2	0
1056	0	1676#117	0
1056	0	1676#13	0
1056	0	1676#74	0
1056	0	1676#9	0
1056	0	1676#97	0
1056	0	28522#2	0
1056	0	32559#27	0
1056	0	32559#8	0
1056	0	36132#1	0
1056	0	7234#3	1
108	0	2172#11	1
108	0	2644#0	1
108	0	3231#2	1
108	0	33459#0	0
108	0	33546#1	0
108	0	33546#6	0
108	0	33731#1	0
108	0	34090#9	0
108	0	3457#0	0
108	0	35129#0	0
108	0	64510#1	0
1084	0	19483#0	0
1084	0	22042#0	0
1084	0	22517#0	0
1084	0	22884#0	0
1084	0	23187#0	0
1084	0	64265#0	0
1084	0	65028#1	0
1084	0	66109#0	0
1084	0	66137#0	0
1084	0	91908#0	0
1084	0	92726#0	1
1090	0	32089#18	0
1090	0	32089#3	0
1090	0	32089#5	1
1090	0	32089#6	0
1090	0	32089#7	0
1090	0	32089#8	0
1090	0	33400#8	0
1090	0	35355#2	0
1090	0	87710#8	0
1090	0	92581#3	0
1105	0	23903#0	0
1105	0	24078#0	0
1105	0	24740#0	0
1105	0	24903#1	0
1105	0	31275#0	0
1105	0	34977#0	0
1105	0	5264#3	1
1105	0	62495#0	0
1105	0	67390#0	0
1105	0	8752#0	0
1105	0	9741#0	0
1118	0	33241#0	0
1118	0	33241#1	1
1118	0	33241#10	0
1118	0	33241#11	0
1118	0	33241#12	0
1118	0	33241#5	0
1118	0	33241#9	0
1118	0	33600#2	0
1118	0	33906#0	0
1118	0	34147#5	0
1118	0	35414#5	0
1126	0	101109#0	0
1126	0	101109#1	0
1126	0	101109#10	0
1126	0	101109#11	0
1126	0	101109#2	0
1126	0	101109#3	0
1126	0	101109#5	0
1126	0	101109#6	1
1126	0	101109#7	0
1126	0	101109#8	0
1138	0	10045#0	0
1138	0	2004#0	0
1138	0	2670#0	1
1138	0	2673#5	0
1138	0	2753#0	1
1138	0	2753#1	1
1138	0	6773#0	0
1138	0	73389#0	0
1138	0	73389#1	0
1138	0	73389#5	0
1138	0	7586#0	0
1138	0	83382#0	0
1143	0	14786#0	0
1143	0	29121#0	1
1143	0	29121#1	0
1143	0	34586#1	0
1143	0	3955#8	0
1143	0	85319#7	0
1143	0	89786#0	0
1143	0	91057#38	0
1143	0	91057#47	0
1143	0	93534#0	0
1150	0	21703#0	0
1150	0	34024#2	0
1150	0	4186#3	0
1150	0	55352#20	0
1150	0	74523#57	0
1150	0	81358#0	0
1150	0	85414#11	0
1150	0	86393#0	0
1150	0	86393#8	1
1150	0	86394#12	0
1150	0	86394#22	1
1150	0	86394#31	0
1150	0	86394#5	1
1152	0	14310#0	0
1152	0	14310#1	0
1152	0	14310#2	1
1152	0	1701#46	0
1152	0	20171#7	0
1152	0	33610#0	0
1152	0	5522#6	0
1152	0	76644#2	0
1152	0	89674#2	0
1152	0	92776#13	0
1154	0	12263#0	0
1154	0	15674#6	0
1154	0	16128#0	0
1154	0	16128#2	1
1154	0	16128#3	1
1154	0	16128#4	0
1154	0	16128#5	0
1154	0	33977#0	0
1154	0	7579#1	0
1154	0	92462#2	0
1170	0	10458#2	0
1170	0	14996#4	0
1170	0	1676#115	0
1170	0	1676#60	0
1170	0	1783#56	0
1170	0	32608#1	1
1170	0	33426#37	0
1170	0	33444#0	0
1170	0	95212#2	0
1170	0	97363#5	0
1177	0	2511#0	0
1177	0	2955#0	1
1177	0	2955#2	0
1177	0	2955#5	0
1177	0	35529#0	0
1177	0	3672#7	0
1177	0	3790#2	0
1177	0	3845#7	0
1177	0	6210#0	0
1177	0	77587#61	0
1177	0	96330#1	0
1178	0	16649#4	0
1178	0	29196#42	0
1178	0	4025#12	1
1178	0	5667#8	0
1178	0	68340#13	0
1178	0	69849#45	0
1178	0	69849#59	0
1178	0	76644#2	0
1178	0	95779#4	0
1178	0	99055#4	0
1179	0	101082#3	1
1179	0	2602#0	0
1179	0	3913#4	1
1179	0	45837#0	0
1179	0	46094#0	0
1179	0	46169#0	0
1179	0	46179#0	0
1179	0	46224#0	0
1179	0	5618#11	0
1179	0	9308#2	0
1181	0	29196#24	0
1181	0	34485#15	0
1181	0	56721#1	1
1181	0	95418#2	0
1181	0	96608#2	0
1181	0	96620#1	0
1181	0	96625#1	0
1181	0	96739#1	0
1181	0	96778#1	0
1181	0	96840#1	0
119	0	105990#1	0
119	0	106489#4	0
119	0	13146#6	1
119	0	13252#3	0
119	0	56305#0	0
119	0	85943#20	0
119	0	86454#3	0
119	0	92811#6	0
119	0	94278#2	1
119	0	94930#0	0
119	0	98326#1	0
1193	0	1751#41	0
1193	0	29245#0	0
1193	0	33483#3	0
1193	0	35897#2	0
1193	0	36141#0	0
1193	0	36141#1	1
1193	0	55598#0	0
1193	0	65028#1	0
1193	0	69344#0	0
1193	0	70363#0	0
1193	0	74891#0	0
12	0	18034#9	0
12	0	35887#5	0
12	0	56960#0	1
12	0	56960#1	0
12	0	56960#2	0
12	0	56960#3	0
12	0	56960#5	0
12	0	56960#6	0
12	0	56960#8	0
12	0	72066#1	0
1204	0	30743#18	0
1204	0	30747#39	0
1204	0	33635#2	0
1204	0	35940#0	1
1204	0	35940#10	1
1204	0	35940#8	1
1204	0	76644#2	0
1204	0	76644#4	0
1204	0	76644#5	0
1204	0	81028#4	0
1204	0	93348#1	1
122	0	6169#0	0
122	0	6170#0	0
122	0	6264#0	0
122	0	63092#0	0
122	0	65546#0	0
122	0	70304#0	0
122	0	73081#0	0
122	0	73220#0	0
122	0	77546#0	1
122	0	87017#0	0
122	0	87063#0	0
1221	0	14897#128	1
1221	0	14897#31	0
1221	0	14897#99	0
1221	0	17255#150	1
1221	0	17255#158	0
1221	0	17350#10	1
1221	0	17350#56	1
1221	0	17350#6	1
1221	0	74934#1	0
1221	0	77587#61	0
1233	0	104318#0	0
1233	0	104318#6	0
1233	0	15930#0	0
1233	0	80137#0	1
1233	0	80137#10	1
1233	0	80137#12	0
1233	0	80137#13	0
1233	0	80137#19	0
1233	0	80137#20	0
1233	0	80137#4	0
1249	0	106489#28	0
1249	0	16260#180	0
1249	0	32333#2	1
1249	0	33115#0	1
1249	0	33115#1	0
1249	0	33115#3	0
1249	0	33115#7	0
1249	0	34682#3	0
1249	0	35029#9	0
1249	0	91771#20	0
1249	0	98339#25	0
1252	0	13674#17	0
1252	0	1859#0	0
1252	0	1859#5	1
1252	0	1859#6	0
1252	0	57455#0	0
1252	0	66688#0	1
1252	0	66688#1	0
1252	0	87527#0	0
1252	0	88451#0	0
1252	0	91063#2	1
1252	0	95878#0	0
1259	0	32575#39	0
1259	0	34494#0	0
1259	0	34602#0	0
1259	0	35817#0	0
1259	0	5475#2	0
1259	0	5475#3	0
1259	0	57986#0	1
1259	0	57986#1	0
1259	0	57986#2	0
1259	0	83227#1	0
1261	0	100461#4	0
1261	0	1791#0	0
1261	0	2004#0	0
1261	0	2004#2	0
1261	0	2627#0	0
1261	0	2673#5	0
1261	0	2753#1	1
1261	0	57306#7	0
1261	0	5952#10	0
1261	0	7182#1	0
1261	0	7586#0	1
1264	0	16649#4	1
1264	0	18778#2	0
1264	0	36227#4	0
1264	0	36240#9	0
1264	0	4025#12	0
1264	0	55745#48	0
1264	0	55928#3	0
1264	0	5645#23	0
1264	0	66835#2	0
1264	0	73731#7	0
1270	0	101194#1	0
1270	0	18121#2	0
1270	0	18375#10	0
1270	0	35940#0	0
1270	0	35940#9	0
1270	0	57050#9	0
1270	0	71844#15	0
1270	0	72056#0	1
1270	0	86417#5	0
1270	0	91163#1	0
1270	0	92276#1	0
1277	0	16304#0	0
1277	0	5462#14	0
1277	0	5462#2	1
1277	0	5462#20	0
1277	0	5462#21	0
1277	0	5462#22	0
1277	0	5462#23	0
1277	0	5462#26	0
1277	0	5462#28	0
1277	0	5462#36	0
1277	0	5462#42	0
1280	0	11561#1	0
1280	0	32763#18	0
1280	0	40198#4	0
1280	0	5687#57	0
1280	0	71902#0	0
1280	0	71902#1	1
1280	0	71902#3	0
1280	0	7756#6	1
1280	0	78798#33	0
1280	0	91684#6	0
1282	0	13801#9	0
1282	0	1701#8	0
1282	0	72871#10	0
1282	0	72871#2	0
1282	0	72871#3	0
1282	0	72871#4	0
1282	0	72871#5	1
1282	0	72871#6	0
1282	0	72871#8	0
1282	0	72871#9	0
13	0	101237#11	0
13	0	103254#4	0
13	0	103275#0	0
13	0	103275#1	1
13	0	103409#5	0
13	0	103726#0	0
13	0	104308#2	0
13	0	14326#5	0
13	0	34047#4	0
13	0	34274#0	0
13	0	3638#4	1
1313	0	103208#0	0
1313	0	103208#1	1
1313	0	103208#2	0
1313	0	103208#3	0
1313	0	33906#0	0
1313	0	35615#0	0
1313	0	35840#0	0
1313	0	36041#0	0
1313	0	62742#1	0
1313	0	92995#0	0
1315	0	32082#22	0
1315	0	32082#28	0
1315	0	32082#29	0
1315	0	32082#38	0
1315	0	32082#4	1
1315	0	32082#42	0
1315	0	32082#45	0
1315	0	32082#58	0
1315	0	32082#60	0
1315	0	33158#1	1
1315	0	34081#4	0
1316	0	13399#0	0
1316	0	14102#5	0
1316	0	15480#0	1
1316	0	2006#25	0
1316	0	34139#1	0
1316	0	42629#0	0
1316	0	5068#63	1
1316	0	5068#77	0
1316	0	82975#30	1
1316	0	87187#0	0
1316	0	90875#0	0
1316	0	90887#0	0
1319	0	13146#0	1
1319	0	13146#6	1
1319	0	34358#26	0
1319	0	68767#0	0
1319	0	85943#17	0
1319	0	85943#20	0
1319	0	91365#1	1
1319	0	92859#1	0
1319	0	93578#0	0
1319	0	93773#0	0
1319	0	94278#2	0
1348	0	10044#0	0
1348	0	11566#4	0
1348	0	15441#0	0
1348	0	15441#1	0
1348	0	15441#8	0
1348	0	6824#1	0
1348	0	77905#0	1
1348	0	77905#2	1
1348	0	77905#3	0
1348	0	96651#0	0
136	0	1783#12	0
136	0	1783#30	0
136	0	1783#33	1
136	0	1783#40	0
136	0	33766#0	0
136	0	3496#1	1
136	0	3658#0	0
136	0	86695#0	1
136	0	86695#7	0
136	0	86695#8	1
136	0	87673#8	1
1376	0	15221#0	0
1376	0	5289#0	0
1376	0	71497#1	0
1376	0	71497#2	1
1376	0	71497#3	0
1376	0	71497#4	0
1376	0	71497#5	0
1376	0	71497#6	0
1376	0	97536#2	0
1377	0	100461#4	0
1377	0	19480#7	0
1377	0	2615#0	0
1377	0	2627#0	1
1377	0	33516#0	0
1377	0	35063#38	0
1377	0	57306#7	0
1377	0	65200#0	0
1377	0	68221#6	0
1377	0	7182#1	0
1377	0	7182#3	0
1379	0	13702#1	0
1379	0	17322#0	1
1379	0	17322#1	1
1379	0	17322#11	1
1379	0	17322#3	0
1379	0	17322#5	0
1379	0	17322#6	0
1379	0	17322#7	0
1379	0	17322#9	0
1379	0	55672#1	0
138	0	108465#0	0
138	0	1676#60	0
138	0	2172#5	0
138	0	24213#0	1
138	0	3026#12	0
138	0	5823#17	0
138	0	81245#0	0
138	0	8134#2	1
138	0	81525#0	0
138	0	86417#11	0
1384	0	105632#1	0
1384	0	106445#1	0
1384	0	15588#0	0
1384	0	2184#0	1
1384	0	2369#9	0
1384	0	2400#14	0
1384	0	25631#0	0
1384	0	2627#5	1
1384	0	31731#0	0
1384	0	3685#3	0
1384	0	69605#0	0
1387	0	15959#10	0
1387	0	15959#15	1
1387	0	15959#27	0
1387	0	33083#20	0
1387	0	42302#254	0
1387	0	56391#5	0
1387	0	56948#1	0
1387	0	57367#0	0
1387	0	85484#0	0
1387	0	90198#0	0
1387	0	90848#3	0
1399	0	2048#21	0
1399	0	23510#2	0
1399	0	3193#3	0
1399	0	4151#0	0
1399	0	4151#1	1
1399	0	4151#10	0
1399	0	4151#18	0
1399	0	4185#0	0
1399	0	5539#13	0
1399	0	5667#16	0
1408	0	1676#13	0
1408	0	32559#10	0
1408	0	4186#16	0
1408	0	5068#28	0
1408	0	5474#0	0
1408	0	5474#1	1
1408	0	5474#4	0
1408	0	5474#5	0
1408	0	5610#9	0
1408	0	8196#4	0
1408	0	83118#21	0
141	0	11797#1	1
141	0	1191#17	1
141	0	13564#3	1
141	0	14102#5	0
141	0	1752#0	1
141	0	2006#25	0
141	0	35727#0	0
141	0	58067#19	0
141	0	68686#1	1
141	0	78798#44	1
141	0	90239#10	1
141	0	99681#1	0
1425	0	106489#28	0
1425	0	32333#0	0
1425	0	33115#0	1
1425	0	33115#1	0
1425	0	33115#2	0
1425	0	33115#3	0
1425	0	33115#4	0
1425	0	33115#7	0
1425	0	33115#8	0
1425	0	33634#1	0
144	0	106016#1	0
144	0	14777#0	0
144	0	14778#0	0
144	0	14778#1	0
144	0	14778#2	0
144	0	14778#3	1
144	0	82923#0	0
144	0	82923#1	0
144	0	90054#2	0
144	0	98326#1	0
1440	0	23124#1	1
1440	0	23591#0	0
1440	0	23664#1	0
1440	0	24572#0	0
1440	0	27833#0	0
1440	0	27833#1	0
1440	0	30931#11	0
1440	0	32843#0	0
1440	0	32843#2	0
1440	0	36187#0	0
1440	0	69931#0	0
1441	0	16352#4	1
1441	0	1676#105	0
1441	0	33483#1	0
1441	0	33741#4	0
1441	0	34536#1	0
1441	0	34940#3	0
1441	0	57306#7	0
1441	0	68221#6	0
1441	0	7571#32	0
1441	0	8134#5	0
1455	0	35678#0	0
1455	0	35678#1	0
1455	0	35678#11	0
1455	0	35678#2	0
1455	0	35678#4	1
1455	0	35678#5	0
1455	0	35678#7	0
1455	0	35914#0	0
1455	0	35914#1	0
1455	0	44406#2	0
1463	0	104226#0	0
1463	0	104226#7	1
1463	0	32992#0	0
1463	0	34147#13	0
1463	0	6864#6	0
1463	0	78992#0	0
1463	0	81064#5	0
1463	0	83567#5	0
1463	0	86915#7	0
1463	0	89786#0	0
1463	0	98339#16	0
1465	0	34531#0	1
1465	0	34531#1	1
1465	0	34531#2	0
1465	0	34531#3	0
1465	0	34531#4	0
1465	0	34531#5	0
1465	0	34531#6	0
1465	0	34531#7	0
1465	0	34933#6	0
1465	0	78756#8	0
1477	0	101255#5	1
1477	0	102418#2	0
1477	0	2772#0	0
1477	0	96637#0	0
1477	0	96639#0	0
1477	0	96640#0	0
1477	0	96645#0	0
1477	0	96651#0	0
1477	0	96655#0	0
1477	0	96735#0	0
1477	0	96780#0	0
1479	0	11797#1	1
1479	0	1191#17	1
1479	0	13564#3	1
1479	0	2006#25	0
1479	0	58067#19	0
1479	0	65973#11	0
1479	0	68686#1	1
1479	0	7729#0	0
1479	0	78798#44	1
1479	0	94486#6	0
1479	0	99681#1	0
1480	0	20171#7	0
1480	0	31015#2	0
1480	0	34517#1	0
1480	0	35501#0	0
1480	0	35982#1	0
1480	0	54177#2	0
1480	0	77520#0	0
1480	0	77520#1	1
1480	0	96921#1	1
1480	0	96921#2	0
1491	0	14804#5	0
1491	0	1676#115	0
1491	0	1676#20	0
1491	0	1676#60	0
1491	0	1676#74	0
1491	0	1676#97	0
1491	0	1800#15	1
1491	0	2444#17	0
1491	0	32559#26	0
1491	0	33977#0	0
1491	0	97796#5	0
1495	0	14827#12	0
1495	0	14888#0	0
1495	0	14888#11	0
1495	0	14996#1	0
1495	0	1676#56	0
1495	0	33362#16	0
1495	0	33362#2	0
1495	0	33426#29	1
1495	0	33977#0	0
1495	0	97287#2	0
1495	0	97291#16	0
1498	0	18762#6	0
1498	0	30743#18	0
1498	0	33635#2	0
1498	0	35940#1	1
1498	0	35940#10	0
1498	0	5645#23	0
1498	0	68341#16	0
1498	0	69855#2	0
1498	0	76644#2	0
1498	0	76644#4	0
1498	0	76644#5	0
1507	0	1676#60	1
1507	0	1676#64	1
1507	0	2444#17	0
1507	0	32559#26	0
1507	0	32559#8	0
1507	0	33444#0	0
1507	0	33467#16	0
1507	0	33467#9	0
1507	0	35725#2	1
1507	0	97363#3	1
1514	0	100832#3	0
1514	0	16532#5	0
1514	0	30396#0	1
1514	0	32749#2	0
1514	0	35507#3	0
1514	0	3814#0	0
1514	0	42302#50	0
1514	0	42419#0	0
1514	0	55032#12	0
1514	0	56275#0	0
1514	0	72619#0	0
1528	0	11457#11	1
1528	0	1778#0	1
1528	0	1778#13	0
1528	0	1778#14	0
1528	0	1778#15	1
1528	0	34036#11	0
1528	0	34036#13	0
1528	0	34036#14	0
1528	0	34036#9	0
1528	0	4288#12	0
1528	0	86721#5	0
1541	0	11570#11	0
1541	0	14129#0	0
1541	0	15215#11	0
1541	0	15401#4	0
1541	0	31805#16	0
1541	0	31805#9	0
1541	0	41135#0	0
1541	0	41135#1	1
1541	0	6001#1	0
1541	0	66373#5	0
1541	0	84109#3	0
1550	0	101255#5	1
1550	0	102418#2	0
1550	0	1676#9	0
1550	0	2772#0	0
1550	0	3685#8	0
1550	0	96637#0	0
1550	0	96638#0	0
1550	0	96639#0	0
1550	0	96640#0	0
1550	0	96645#0	0
1550	0	96655#0	0
1557	0	107624#0	0
1557	0	1173#0	0
1557	0	1173#11	0
1557	0	1173#16	0
1557	0	1178#0	0
1557	0	1178#1	1
1557	0	1183#15	0
1557	0	5381#4	0
1557	0	8562#2	0
1557	0	8564#0	0
1564	0	100147#0	1
1564	0	104658#3	0
1564	0	2009#5	0
1564	0	20171#7	0
1564	0	62315#0	0
1564	0	66017#45	0
1564	0	85414#15	0
1564	0	89726#0	0
1564	0	91349#0	1
1564	0	92776#15	0
1564	0	99539#0	0
1576	0	100640#0	0
1576	0	10190#0	1
1576	0	16578#3	0
1576	0	3764#17	0
1576	0	44224#11	0
1576	0	55866#0	0
1576	0	5825#4	0
1576	0	8348#0	1
1576	0	89864#0	0
1576	0	93578#0	0
1576	0	94252#3	0
1587	0	10328#12	0
1587	0	28527#0	0
1587	0	33513#0	0
1587	0	33513#1	1
1587	0	33513#2	0
1587	0	33513#3	0
1587	0	34175#6	0
1587	0	5645#31	0
1587	0	76644#4	0
1587	0	80190#24	0
1588	0	16649#4	1
1588	0	18140#16	0
1588	0	20884#2	0
1588	0	2116#9	0
1588	0	36234#6	0
1588	0	73637#5	0
1588	0	80642#3	0
1588	0	83886#8	0
1588	0	84324#8	0
1588	0	84325#7	0
1588	0	89650#4	0
1600	0	93325#0	1
1600	0	93325#1	0
1600	0	93325#10	0
1600	0	93325#11	0
1600	0	93325#2	0
1600	0	93325#3	1
1600	0	93325#4	1
1600	0	93325#5	0
1600	0	93325#6	0
1600	0	93325#7	0
1610	0	25670#2	0
1610	0	31556#0	0
1610	0	39204#0	0
1610	0	44539#0	0
1610	0	55013#0	1
1610	0	55013#1	0
1610	0	55013#2	0
1610	0	55013#3	0
1610	0	55013#4	0
1610	0	55824#0	1
1629	0	5234#0	1
1629	0	5234#11	0
1629	0	5234#12	0
1629	0	5234#15	0
1629	0	5234#3	0
1629	0	5234#4	0
1629	0	5234#5	0
1629	0	5234#6	0
1629	0	5234#7	0
1629	0	5234#8	0
1629	0	5234#9	0
1639	0	100640#0	0
1639	0	16260#101	0
1639	0	16578#3	0
1639	0	18032#0	0
1639	0	36221#0	1
1639	0	36289#0	0
1639	0	36292#2	0
1639	0	56305#0	0
1639	0	92378#0	0
1639	0	92485#0	0
1639	0	92487#0	0
1639	0	95504#0	0
1648	0	12727#0	0
1648	0	12727#11	0
1648	0	12727#16	0
1648	0	13417#8	0
1648	0	13674#27	0
1648	0	16260#165	0
1648	0	19207#0	1
1648	0	23664#1	0
1648	0	5522#1	0
1648	0	55838#0	0
1648	0	72548#4	0
1656	0	81439#2	0
1656	0	85420#0	1
1656	0	85420#1	0
1656	0	85420#2	0
1656	0	85420#3	0
1656	0	85420#4	0
1656	0	85420#5	0
1656	0	85420#6	0
1656	0	85420#7	0
1656	0	85420#8	0
1661	0	13146#0	1
1661	0	85943#16	1
1661	0	85943#20	0
1661	0	85943#21	1
1661	0	85943#23	0
1661	0	85943#26	1
1661	0	85943#27	1
1661	0	92340#0	0
1661	0	92362#0	1
1661	0	93357#0	0
1661	0	93366#0	1
1669	0	104719#1	0
1669	0	12343#0	0
1669	0	13577#2	0
1669	0	23445#0	1
1669	0	23445#1	0
1669	0	23445#3	0
1669	0	23445#6	0
1669	0	23445#7	0
1669	0	33215#50	0
1669	0	69368#1	0
1674	0	19869#0	0
1674	0	20137#1	0
1674	0	27132#5	0
1674	0	2820#0	0
1674	0	3520#0	1
1674	0	3520#1	0
1674	0	3520#2	0
1674	0	63821#0	0
1674	0	63822#0	0
1674	0	6844#1	0
1694	0	34062#0	0
1694	0	34062#12	0
1694	0	34062#13	0
1694	0	34062#4	0
1694	0	34062#7	0
1694	0	34062#9	0
1694	0	34306#9	0
1694	0	34896#0	0
1694	0	35474#0	1
1694	0	35474#2	0
1703	0	100640#2	0
1703	0	17114#0	0
1703	0	2923#0	0
1703	0	36037#1	1
1703	0	55039#0	1
1703	0	55039#1	1
1703	0	55039#2	1
1703	0	55039#3	1
1703	0	55138#1	1
1703	0	55138#2	1
172	0	15017#3	0
172	0	2006#25	0
172	0	2347#12	0
172	0	2347#20	1
172	0	2347#22	0
172	0	34139#1	0
172	0	35714#4	0
172	0	35714#5	0
172	0	35723#1	0
172	0	78800#10	0
172	0	87675#3	1
1748	0	40992#0	0
1748	0	84498#2	0
1748	0	91596#0	1
1748	0	91596#2	0
1748	0	91596#3	1
1748	0	91596#4	1
1748	0	91596#5	0
1748	0	91596#6	0
1748	0	91596#7	0
1749	0	17500#4	0
1749	0	2404#6	1
1749	0	27132#5	0
1749	0	32763#120	0
1749	0	74677#0	0
1749	0	80762#3	0
1749	0	80818#3	0
1749	0	81345#0	0
1749	0	81435#0	0
1749	0	81525#0	0
1749	0	84324#2	0
1756	0	105990#1	0
1756	0	13474#3	0
1756	0	1800#15	1
1756	0	2048#17	0
1756	0	31805#20	0
1756	0	35727#0	0
1756	0	3722#6	0
1756	0	58067#0	1
1756	0	7756#2	1
1756	0	7756#4	1
1756	0	78798#21	0
1756	0	85943#26	0
1756	0	97796#5	0
1770	0	100469#1	0
1770	0	1191#17	1
1770	0	2006#25	0
1770	0	34147#11	0
1770	0	34147#13	0
1770	0	34147#6	0
1770	0	7729#0	0
1770	0	78798#44	1
1770	0	86407#0	0
1770	0	86915#7	0
1770	0	90239#10	1
1770	0	99681#1	0
1772	0	11555#3	0
1772	0	7656#12	1
1772	0	7656#19	0
1772	0	78798#19	1
1772	0	78798#22	0
1772	0	81065#19	1
1772	0	81065#21	0
1772	0	81065#26	0
1772	0	81065#42	0
1772	0	84312#11	1
178	0	15296#3	0
178	0	2121#1	0
178	0	2121#10	0
178	0	2121#36	1
178	0	2121#46	0
178	0	2121#50	0
178	0	2121#51	0
178	0	2121#52	0
178	0	2121#7	0
178	0	5068#56	1
178	0	5234#7	1
178	0	82975#23	1
1796	0	1899#0	0
1796	0	1899#14	0
1796	0	1899#38	0
1796	0	1900#1	1
1796	0	1900#3	0
1796	0	19209#43	1
1796	0	32542#13	0
1796	0	32542#5	0
1796	0	32542#8	0
1796	0	55756#21	0
1797	0	16242#0	0
1797	0	16260#165	0
1797	0	32383#1	0
1797	0	38655#2	0
1797	0	66688#0	0
1797	0	80053#0	1
1797	0	80053#4	0
1797	0	94278#0	0
1797	0	95881#12	0
1797	0	97353#0	0
1804	0	105158#1	1
1804	0	105158#2	0
1804	0	66896#0	0
1804	0	92362#0	0
1804	0	94805#0	0
1804	0	94805#1	0
1804	0	94805#11	0
1804	0	94805#2	0
1804	0	94805#7	0
1808	0	10040#0	0
1808	0	2048#0	0
1808	0	2048#1	0
1808	0	21355#0	0
1808	0	32639#0	0
1808	0	32821#0	1
1808	0	34940#2	0
1808	0	41046#0	0
1808	0	4289#0	0
1808	0	97913#0	0
1818	0	10318#1	0
1818	0	10328#7	0
1818	0	11532#7	0
1818	0	12442#1	0
1818	0	1792#1	1
1818	0	1792#24	0
1818	0	20137#1	0
1818	0	27132#5	0
1818	0	34748#2	0
1818	0	83227#8	0
1826	0	10168#3	0
1826	0	18140#16	0
1826	0	18705#9	0
1826	0	18777#7	1
1826	0	23510#10	0
1826	0	29003#6	0
1826	0	41270#3	0
1826	0	73637#5	0
1826	0	83886#8	0
1826	0	89786#0	0
1826	0	95900#1	0
1835	0	102418#2	0
1835	0	1676#9	0
1835	0	1751#0	1
1835	0	1751#12	1
1835	0	33028#3	1
1835	0	34485#15	0
1835	0	96671#1	0
1835	0	96739#1	0
1835	0	96748#1	0
1835	0	96818#1	0
1840	0	106010#0	0
1840	0	106010#1	0
1840	0	106010#2	1
1840	0	106010#3	0
1840	0	1875#1	0
1840	0	31502#13	0
1840	0	34199#4	0
1840	0	35924#1	0
1840	0	91058#2	0
1840	0	96373#1	0
1843	0	11535#5	0
1843	0	13182#5	0
1843	0	13182#7	0
1843	0	2152#2	1
1843	0	31805#20	1
1843	0	33563#7	1
1843	0	35707#4	0
1843	0	35707#5	0
1843	0	35707#6	0
1843	0	3690#0	1
1843	0	87673#8	0
1844	0	1758#4	1
1844	0	32407#11	0
1844	0	33483#3	0
1844	0	36289#0	0
1844	0	36814#4	0
1844	0	55747#18	0
1844	0	55915#4	0
1844	0	70144#8	0
1844	0	74891#0	0
1844	0	83471#20	0
1844	0	88880#1	0
1845	0	14888#0	0
1845	0	2048#18	0
1845	0	2048#21	0
1845	0	2383#8	0
1845	0	2383#9	0
1845	0	31805#18	0
1845	0	33903#1	0
1845	0	78798#43	0
1845	0	78799#12	1
1845	0	78799#16	0
1845	0	99321#7	0
1849	0	14494#6	0
1849	0	1676#103	0
1849	0	33287#2	0
1849	0	33287#3	0
1849	0	5740#0	1
1849	0	5740#32	1
1849	0	75343#3	0
1849	0	95154#1	0
1849	0	95779#5	0
1849	0	99055#4	0
185	0	35380#3	0
185	0	36959#0	1
185	0	36959#1	0
185	0	36962#0	0
185	0	38253#0	0
185	0	38364#0	0
185	0	6450#0	0
185	0	70748#2	0
185	0	89650#4	0
185	0	89650#7	0
1858	0	15296#3	0
1858	0	2121#1	0
1858	0	2121#10	0
1858	0	2121#16	0
1858	0	2121#36	0
1858	0	2121#50	0
1858	0	2121#51	0
1858	0	2121#52	1
1858	0	2121#53	1
1858	0	2121#7	0
1858	0	25351#18	0
1860	0	104867#0	0
1860	0	12947#0	0
1860	0	12947#1	0
1860	0	42590#0	0
1860	0	42590#1	0
1860	0	5156#0	0
1860	0	83063#18	0
1860	0	92489#0	1
1860	0	94828#0	0
1860	0	95059#0	0
1860	0	95325#0	0
1874	0	13417#0	1
1874	0	13417#1	1
1874	0	13417#2	0
1874	0	13417#3	0
1874	0	13417#6	0
1874	0	13417#7	0
1874	0	13417#8	0
1874	0	16260#165	0
1874	0	16332#1	0
1874	0	57093#0	0
1892	0	104083#3	0
1892	0	16680#0	0
1892	0	2400#15	1
1892	0	34617#0	0
1892	0	83317#1	0
1892	0	85943#10	0
1892	0	86454#3	0
1892	0	86454#8	0
1892	0	92073#2	0
1892	0	95325#0	0
1893	0	24605#0	0
1893	0	2644#0	0
1893	0	3238#0	1
1893	0	3238#3	1
1893	0	3240#0	1
1893	0	32708#0	1
1893	0	34294#5	1
1893	0	35155#0	0
1893	0	36979#0	0
1893	0	64510#1	0
1895	0	33837#0	1
1895	0	33837#2	0
1895	0	33837#3	1
1895	0	33837#4	0
1895	0	33837#5	0
1895	0	33837#7	0
1895	0	33837#8	0
1895	0	33837#9	0
1895	0	57726#0	0
1895	0	90503#0	0
1914	0	10318#1	0
1914	0	12442#1	0
1914	0	1792#24	0
1914	0	20137#1	0
1914	0	27132#5	0
1914	0	28319#1	0
1914	0	3666#0	1
1914	0	3666#16	0
1914	0	3666#19	0
1914	0	39790#0	0
1914	0	81426#0	0
1923	0	100461#0	1
1923	0	2205#7	0
1923	0	2206#11	0
1923	0	2442#11	1
1923	0	2552#0	1
1923	0	57137#9	0
1923	0	57233#3	0
1923	0	7331#0	0
1923	0	7357#1	0
1923	0	77413#0	0
1928	0	100461#4	0
1928	0	16680#0	0
1928	0	16770#5	1
1928	0	34026#0	0
1928	0	35433#2	0
1928	0	57428#0	0
1928	0	92376#0	0
1928	0	95325#0	0
1928	0	95325#1	0
1928	0	95779#0	0
1928	0	95779#4	0
1936	0	1178#0	0
1936	0	1178#1	1
1936	0	1183#15	0
1936	0	18790#4	0
1936	0	22850#1	1
1936	0	34441#6	0
1936	0	57306#7	0
1936	0	76941#5	0
1936	0	82782#3	0
1936	0	8405#0	0
1936	0	8562#2	0
1936	0	923#0	0
1958	0	1782#0	1
1958	0	1783#42	1
1958	0	1783#51	0
1958	0	34001#1	0
1958	0	34139#1	0
1958	0	69334#18	1
1958	0	69334#26	1
1958	0	69334#35	0
1958	0	72619#0	0
1958	0	86915#7	0
1958	0	9266#1	0
1968	0	12947#0	0
1968	0	16757#0	1
1968	0	16757#51	0
1968	0	16757#54	0
1968	0	16757#75	0
1968	0	16757#86	1
1968	0	3425#22	0
1968	0	37017#0	0
1968	0	5825#4	0
1968	0	71717#30	0
1968	0	71717#35	0
1994	0	28952#7	0
1994	0	34928#3	0
1994	0	34928#4	0
1994	0	35123#1	0
1994	0	35327#0	0
1994	0	35494#4	0
1994	0	35501#1	1
1994	0	35826#1	1
1994	0	3995#3	0
1994	0	91058#6	0
2000	0	18778#2	1
2000	0	18778#3	0
2000	0	18778#5	0
2000	0	28948#12	0
2000	0	28948#9	1
2000	0	4186#90	0
2000	0	5783#27	0
2000	0	65845#11	0
2000	0	66017#44	0
2000	0	75295#12	0
2013	0	55359#35	0
2013	0	70554#10	0
2013	0	70554#2	1
2013	0	70554#28	0
2013	0	70554#29	1
2013	0	70554#33	0
2013	0	70554#34	0
2013	0	70554#35	0
2013	0	70554#37	0
2013	0	70554#6	1
2023	0	11740#1	0
2023	0	1178#1	1
2023	0	21042#1	0
2023	0	2772#16	0
2023	0	2772#25	0
2023	0	2772#42	0
2023	0	36506#11	0
2023	0	36506#14	1
2023	0	7182#1	0
2023	0	8564#0	0
2023	0	94897#0	0
203	0	14888#0	0
203	0	14888#12	0
203	0	17#25	1
203	0	2194#5	1
203	0	2928#3	0
203	0	33977#0	0
203	0	35413#1	0
203	0	5687#86	0
203	0	78756#9	0
203	0	78801#3	0
2047	0	101237#7	0
2047	0	103409#5	0
2047	0	32621#4	0
2047	0	32679#13	0
2047	0	32679#7	0
2047	0	33509#0	0
2047	0	33509#1	0
2047	0	34206#14	0
2047	0	34274#0	0
2047	0	3638#6	0
2047	0	3638#7	1
2047	0	5740#24	0
2062	0	21658#1	0
2062	0	30259#0	0
2062	0	35494#0	1
2062	0	35494#1	0
2062	0	35494#2	0
2062	0	35494#3	0
2062	0	35494#4	0
2062	0	35501#0	0
2062	0	35557#2	0
2062	0	77520#0	0
2068	0	1178#1	0
2068	0	2369#9	0
2068	0	2400#14	0
2068	0	3213#26	0
2068	0	32559#1	0
2068	0	35118#9	0
2068	0	35516#7	0
2068	0	3685#3	0
2068	0	5286#17	1
2068	0	5959#1	1
2068	0	86393#9	0
2083	0	11784#0	0
2083	0	15817#1	0
2083	0	2172#10	0
2083	0	2172#5	0
2083	0	2644#0	0
2083	0	4281#15	0
2083	0	43586#0	0
2083	0	83268#1	0
2083	0	9756#0	0
2083	0	9802#0	1
2089	0	36287#0	0
2089	0	36287#11	0
2089	0	36287#12	0
2089	0	36287#15	0
2089	0	36287#16	0
2089	0	36287#17	0
2089	0	36287#2	1
2089	0	36287#20	0
2089	0	36287#21	0
2089	0	36287#25	0
2089	0	36287#26	0
2091	0	17001#6	0
2091	0	18568#1	1
2091	0	22112#5	0
2091	0	32020#0	0
2091	0	34216#1	0
2091	0	34292#1	0
2091	0	55871#0	0
2091	0	55871#1	0
2091	0	6450#0	0
2091	0	7148#1	0
2091	0	94242#2	0
2092	0	13399#0	0
2092	0	16363#0	0
2092	0	18396#0	0
2092	0	1859#1	0
2092	0	18725#0	0
2092	0	2006#25	0
2092	0	2444#23	0
2092	0	34139#1	0
2092	0	35507#3	0
2092	0	5614#34	1
2092	0	87180#0	0
2095	0	12727#11	0
2095	0	19253#1	0
2095	0	35294#0	1
2095	0	35294#1	0
2095	0	35294#2	0
2095	0	35294#3	0
2095	0	35294#4	0
2095	0	35294#6	0
2095	0	35329#4	0
2095	0	93843#0	0
2097	0	15296#3	0
2097	0	2121#10	0
2097	0	2121#3	0
2097	0	2121#36	0
2097	0	2121#50	0
2097	0	2121#51	1
2097	0	2121#52	0
2097	0	2121#53	0
2097	0	2121#7	0
2097	0	5234#7	0
2098	0	39878#0	1
2098	0	39878#1	0
2098	0	39878#14	0
2098	0	39878#2	0
2098	0	39878#3	0
2098	0	39878#4	0
2098	0	39878#5	0
2098	0	39883#9	0
2098	0	66017#44	0
2098	0	8113#22	0
2100	0	3103#0	0
2100	0	36299#15	1
2100	0	36299#16	0
2100	0	36299#19	0
2100	0	36299#27	0
2100	0	36299#28	1
2100	0	54958#0	0
2100	0	73811#0	0
2100	0	76644#2	0
2100	0	92329#1	0
2100	0	92776#13	0
2113	0	102491#0	0
2113	0	102757#0	0
2113	0	103100#0	0
2113	0	103174#0	0
2113	0	103187#0	0
2113	0	103330#0	0
2113	0	103390#0	0
2113	0	103795#0	0
2113	0	104119#0	0
2113	0	105793#0	0
2113	0	93957#1	1
2125	0	3193#3	1
2125	0	64178#0	0
2125	0	64472#0	0
2125	0	64510#0	0
2125	0	64510#1	0
2125	0	64580#0	0
2125	0	64641#0	0
2125	0	65945#0	0
2125	0	66840#3	0
2125	0	8167#0	0
213	0	10242#0	1
213	0	10242#12	0
213	0	13351#1	1
213	0	28887#0	0
213	0	35507#3	0
213	0	41942#28	0
213	0	55701#2	0
213	0	78578#0	0
213	0	87180#0	0
213	0	87187#0	0
213	0	96432#4	0
2132	0	32408#1	1
2132	0	33940#1	0
2132	0	33940#4	0
2132	0	33940#5	0
2132	0	33940#6	0
2132	0	33940#7	0
2132	0	33940#8	0
2132	0	34292#1	0
2132	0	37005#10	0
2132	0	37005#12	0
2134	0	1899#0	0
2134	0	1899#19	0
2134	0	19209#43	1
2134	0	55353#17	0
2134	0	55549#16	0
2134	0	55549#4	0
2134	0	55745#12	0
2134	0	73800#0	0
2134	0	73800#1	0
2134	0	86394#9	0
2141	0	14897#0	0
2141	0	14897#1	1
2141	0	14897#143	0
2141	0	14897#150	0
2141	0	14897#155	0
2141	0	14897#159	0
2141	0	14897#22	0
2141	0	14897#55	0
2141	0	14897#8	1
2141	0	16837#2	1
2141	0	17300#2	0
2141	0	56392#0	1
2142	0	100461#4	0
2142	0	1175#11	1
2142	0	14489#0	1
2142	0	15331#3	0
2142	0	16098#2	0
2142	0	2670#1	0
2142	0	2753#1	1
2142	0	2753#3	1
2142	0	89482#2	1
2142	0	9805#6	0
2142	0	9805#7	0
2148	0	1175#15	0
2148	0	13253#4	0
2148	0	13711#0	0
2148	0	14571#0	0
2148	0	15622#1	0
2148	0	15622#3	1
2148	0	15622#4	1
2148	0	15622#6	0
2148	0	1773#3	0
2148	0	28983#4	0
2148	0	34354#0	0
215	0	15767#13	0
215	0	1676#105	0
215	0	19480#13	0
215	0	19480#4	1
215	0	19480#8	0
215	0	2820#2	0
215	0	34175#6	0
215	0	4203#44	0
215	0	45048#1	0
215	0	84947#0	1
2181	0	1182#10	0
2181	0	12947#0	0
2181	0	12947#1	0
2181	0	14653#25	0
2181	0	18879#7	0
2181	0	19251#0	1
2181	0	56123#28	0
2181	0	69003#5	0
2181	0	72#49	0
2181	0	77243#1	0
2181	0	96373#0	0
2192	0	104582#0	0
2192	0	13855#0	0
2192	0	14827#12	0
2192	0	15296#1	1
2192	0	15300#0	0
2192	0	2021#14	0
2192	0	31805#9	0
2192	0	33563#6	0
2192	0	66193#6	0
2192	0	87196#0	0
2205	0	10458#2	0
2205	0	14804#5	0
2205	0	1676#60	0
2205	0	1676#74	0
2205	0	32559#8	0
2205	0	32608#0	0
2205	0	32608#1	1
2205	0	33467#20	0
2205	0	36132#1	0
2205	0	97291#16	0
221	0	102947#2	0
221	0	12947#1	0
221	0	27203#5	0
221	0	29262#35	0
221	0	32574#0	1
221	0	34116#3	0
221	0	6997#2	0
221	0	72140#0	0
221	0	76644#5	0
221	0	95670#2	0
221	0	95779#4	0
2224	0	12947#1	0
2224	0	77015#0	1
2224	0	77015#1	0
2224	0	77015#2	1
2224	0	77020#0	1
2224	0	77020#1	1
2224	0	77020#3	1
2224	0	92378#0	0
2224	0	95325#0	0
2227	0	105049#0	0
2227	0	107394#0	0
2227	0	21941#0	0
2227	0	34516#0	0
2227	0	34998#0	0
2227	0	92745#0	0
2227	0	92745#1	0
2227	0	92745#3	1
2227	0	92745#4	0
2227	0	97148#0	0
2236	0	101440#1	1
2236	0	12947#0	0
2236	0	12947#1	0
2236	0	2236#86	0
2236	0	5825#4	0
2236	0	86403#10	0
2236	0	92376#0	0
2236	0	92378#0	0
2236	0	92485#0	0
2236	0	92635#0	0
2236	0	95325#0	0
2245	0	20543#0	1
2245	0	21662#0	1
2245	0	21662#1	0
2245	0	55232#0	0
2245	0	55394#0	0
2245	0	5823#16	0
2245	0	7160#0	1
2245	0	83698#0	1
2245	0	83699#0	1
2245	0	83700#0	1
2245	0	83701#0	1
2258	0	20171#7	0
2258	0	35501#0	0
2258	0	35982#1	0
2258	0	4142#0	0
2258	0	54177#2	0
2258	0	60110#2	0
2258	0	77520#0	0
2258	0	77520#1	1
2258	0	96921#1	1
2258	0	96921#2	0
2276	0	12942#0	1
2276	0	1676#56	0
2276	0	1783#95	0
2276	0	2648#0	0
2276	0	32559#1	0
2276	0	32559#27	0
2276	0	32913#4	0
2276	0	33100#20	0
2276	0	33467#11	1
2276	0	33467#20	0
2278	0	13832#1	0
2278	0	32679#0	1
2278	0	32679#11	0
2278	0	32679#13	0
2278	0	32679#3	1
2278	0	32679#6	0
2278	0	32679#7	0
2278	0	32679#8	0
2278	0	32679#9	0
2278	0	32763#105	0
2286	0	14253#1	0
2286	0	14364#3	0
2286	0	14632#0	0
2286	0	21994#0	0
2286	0	23685#0	0
2286	0	24018#1	0
2286	0	29002#0	0
2286	0	5614#47	1
2286	0	5614#6	0
2286	0	5618#6	0
2286	0	6119#2	0
2288	0	36227#0	1
2288	0	36227#1	1
2288	0	36227#10	1
2288	0	36227#11	0
2288	0	36227#12	0
2288	0	36227#4	1
2288	0	36227#5	0
2288	0	36227#6	0
2288	0	36227#9	0
2288	0	37324#4	0
2330	0	16649#4	0
2330	0	18008#49	0
2330	0	18705#20	0
2330	0	18705#27	1
2330	0	20819#5	0
2330	0	36227#4	0
2330	0	36240#9	0
2330	0	55928#3	0
2330	0	69368#1	0
2330	0	92987#0	0
2330	0	93578#0	0
234	0	10168#9	0
234	0	10439#0	0
234	0	13674#27	0
234	0	21127#0	1
234	0	21127#1	0
234	0	2116#9	0
234	0	34625#0	0
234	0	35598#0	0
234	0	35716#8	0
234	0	84753#2	0
2344	0	106489#6	0
2344	0	13674#27	0
2344	0	13674#7	0
2344	0	18008#33	0
2344	0	20692#1	0
2344	0	41898#0	0
2344	0	41898#1	0
2344	0	41898#2	1
2344	0	41898#7	0
2344	0	87056#6	0
2348	0	16260#248	0
2348	0	16597#4	0
2348	0	16612#2	0
2348	0	16843#0	0
2348	0	18767#0	0
2348	0	2116#6	0
2348	0	2116#9	0
2348	0	66813#3	0
2348	0	72331#2	1
2348	0	72548#4	0
2348	0	904#16	0
2372	0	108635#1	0
2372	0	1774#18	0
2372	0	3193#3	0
2372	0	3213#1	0
2372	0	4180#0	1
2372	0	5774#0	0
2372	0	6173#0	0
2372	0	6242#0	0
2372	0	70345#2	0
2372	0	79092#1	0
2372	0	90239#8	0
238	0	16451#1	0
238	0	32575#39	0
238	0	33558#23	0
238	0	33917#0	0
238	0	34640#1	0
238	0	34673#1	0
238	0	34931#1	1
238	0	35819#2	0
238	0	36013#3	0
238	0	37475#1	0
2382	0	12947#1	0
2382	0	32398#1	1
2382	0	32398#11	0
2382	0	32398#3	0
2382	0	32398#4	0
2382	0	32398#5	0
2382	0	32398#6	0
2382	0	32398#8	0
2382	0	32398#9	0
2382	0	41449#2	0
2389	0	20137#1	0
2389	0	22152#0	0
2389	0	22164#0	0
2389	0	2250#2	1
2389	0	6335#2	0
2389	0	6923#0	0
2389	0	6924#0	0
2389	0	7142#0	1
2389	0	7142#2	0
2389	0	78659#0	0
2389	0	78712#0	0
2393	0	1201#1	0
2393	0	15583#2	0
2393	0	18388#5	0
2393	0	5286#3	0
2393	0	5286#30	1
2393	0	5286#31	0
2393	0	5286#33	0
2393	0	70144#26	0
2393	0	7571#32	0
2393	0	7576#14	0
2407	0	24800#0	0
2407	0	31561#0	1
2407	0	31563#0	0
2407	0	34896#0	0
2407	0	35510#0	0
2407	0	40504#0	0
2407	0	69575#2	1
2407	0	76559#0	0
2407	0	76559#1	0
2407	0	84755#2	0
2408	0	101109#1	0
2408	0	101109#5	0
2408	0	12727#11	0
2408	0	16260#165	0
2408	0	30324#1	0
2408	0	35426#0	0
2408	0	39732#0	0
2408	0	91067#0	1
2408	0	91067#1	0
2408	0	91071#1	0
2412	0	1783#59	0
2412	0	20137#1	0
2412	0	20852#1	0
2412	0	21169#2	0
2412	0	2488#16	1
2412	0	28319#1	0
2412	0	5853#12	0
2412	0	6277#5	0
2412	0	6844#1	0
2412	0	78319#1	0
2414	0	16260#128	0
2414	0	16260#248	0
2414	0	16584#7	0
2414	0	17353#4	0
2414	0	33708#29	0
2414	0	3814#0	0
2414	0	72035#0	1
2414	0	72035#1	0
2414	0	72035#2	0
2414	0	81223#0	0
2439	0	25890#0	0
2439	0	26823#0	0
2439	0	3854#5	1
2439	0	39770#0	0
2439	0	39975#0	0
2439	0	6145#0	0
2439	0	7163#0	0
2439	0	9168#0	0
2439	0	9235#3	0
2439	0	9316#0	1
2440	0	102877#8	0
2440	0	13674#27	0
2440	0	14994#1	0
2440	0	16260#165	0
2440	0	8158#1	0
2440	0	87315#1	0
2440	0	89786#1	0
2440	0	92975#0	1
2440	0	92975#1	0
2440	0	92975#2	0
2449	0	100640#0	0
2449	0	16672#0	0
2449	0	32838#1	0
2449	0	34517#1	0
2449	0	39215#0	1
2449	0	39215#1	0
2449	0	39215#2	0
2449	0	39215#3	0
2449	0	39215#4	0
2449	0	89786#0	0
2455	0	10439#21	0
2455	0	10439#34	0
2455	0	10439#35	0
2455	0	10439#38	0
2455	0	10439#45	0
2455	0	10439#48	0
2455	0	10439#51	0
2455	0	10439#53	1
2455	0	34998#7	0
2455	0	93578#0	0
2455	0	99055#4	0
2458	0	17500#4	0
2458	0	20137#1	0
2458	0	2048#21	0
2458	0	2152#6	0
2458	0	2644#0	1
2458	0	27132#5	0
2458	0	32763#10	0
2458	0	4185#0	0
2458	0	6335#2	0
2458	0	7596#2	0
2465	0	17476#2	0
2465	0	32836#0	1
2465	0	32836#1	1
2465	0	32836#2	0
2466	0	17001#6	0
2466	0	18608#4	1
2466	0	2239#9	0
2466	0	23741#3	0
2466	0	2377#10	0
2466	0	35312#15	0
2466	0	42302#25	1
2466	0	4619#5	0
2466	0	65295#4	0
2466	0	87710#12	0
2466	0	87710#4	0
2485	0	17054#0	0
2485	0	62419#0	0
2485	0	81396#0	1
2485	0	90030#0	0
2485	0	90397#0	0
2485	0	90412#0	0
2485	0	90463#0	0
2485	0	93045#0	0
2485	0	93045#3	0
2501	0	10439#21	0
2501	0	15586#0	1
2501	0	15586#6	1
2501	0	2555#15	1
2501	0	2555#17	0
2501	0	2555#8	0
2501	0	34837#0	0
2501	0	34849#4	0
2501	0	35063#76	0
2501	0	77974#2	0
2501	0	85521#57	0
2522	0	34997#3	0
2522	0	35557#2	0
2522	0	35833#0	1
2522	0	35833#1	1
2522	0	35833#2	0
2522	0	35833#3	0
2522	0	35833#4	0
2522	0	35839#0	0
2522	0	35839#2	0
2522	0	35840#0	0
2535	0	103249#0	0
2535	0	32817#11	0
2535	0	35066#0	0
2535	0	35070#0	0
2535	0	74854#10	0
2535	0	77299#2	0
2535	0	92414#7	0
2535	0	92655#11	0
2535	0	92655#8	1
2535	0	92892#0	0
2535	0	98339#16	0
254	0	16187#0	0
254	0	16427#0	0
254	0	18640#0	1
254	0	18640#1	0
254	0	18640#2	0
254	0	18640#3	0
254	0	18640#4	0
254	0	62874#0	0
254	0	6450#0	0
254	0	90506#1	0
2542	0	103367#4	0
2542	0	14996#1	0
2542	0	1676#46	1
2542	0	1676#56	0
2542	0	33426#27	0
2542	0	35328#4	0
2542	0	35706#1	1
2542	0	35725#2	1
2542	0	36132#1	0
2542	0	97291#17	0
2542	0	97363#5	0
2545	0	104350#5	0
2545	0	13626#0	0
2545	0	15454#0	1
2545	0	31534#0	1
2545	0	31534#1	0
2545	0	33362#16	0
2545	0	33362#2	0
2545	0	33731#1	0
2545	0	39199#0	0
2545	0	97291#16	0
2566	0	13353#0	1
2566	0	28887#0	0
2566	0	34001#1	0
2566	0	35507#3	0
2566	0	35825#3	0
2566	0	85414#15	0
2566	0	87180#0	0
2566	0	87184#0	0
2566	0	87186#0	0
2566	0	87187#0	0
2577	0	1178#1	1
2577	0	35023#1	0
2577	0	35063#18	0
2577	0	35070#0	0
2577	0	36170#0	0
2577	0	4281#8	0
2577	0	45048#1	0
2577	0	55838#1	0
2577	0	88301#2	0
2577	0	94191#0	0
258	0	10237#3	0
258	0	14827#12	0
258	0	14888#0	0
258	0	14888#12	0
258	0	14894#6	0
258	0	14996#1	0
258	0	1676#115	0
258	0	1676#56	0
258	0	33426#29	1
258	0	33977#0	1
258	0	97291#16	0
259	0	10040#0	0
259	0	102418#2	0
259	0	11544#1	1
259	0	20171#7	0
259	0	2820#2	0
259	0	3036#17	0
259	0	34175#6	0
259	0	94581#0	0
259	0	94582#0	0
259	0	96651#0	0
2597	0	100827#2	0
2597	0	104258#0	0
2597	0	17673#0	0
2597	0	1912#1	0
2597	0	22883#0	1
2597	0	34586#1	0
2597	0	34764#1	0
2597	0	35276#1	0
2597	0	87160#4	0
2597	0	87296#0	0
283	0	14446#0	0
283	0	18743#0	1
283	0	18743#1	0
283	0	18743#2	0
283	0	18743#3	0
283	0	3947#0	0
283	0	45804#0	0
283	0	45805#0	0
283	0	45811#0	0
284	0	15017#3	0
284	0	1859#1	0
284	0	2404#39	1
284	0	2404#40	0
284	0	34139#1	0
284	0	3797#0	0
284	0	3814#0	0
284	0	78789#28	0
284	0	78789#29	1
284	0	78789#30	0
289	0	18705#19	0
289	0	18705#23	0
289	0	18705#26	1
289	0	18705#27	1
289	0	18705#28	0
289	0	18705#8	0
289	0	23612#6	0
289	0	2388#2	0
289	0	34529#13	0
289	0	65234#3	0
29	0	27120#4	0
29	0	32763#10	0
29	0	32763#47	0
29	0	32763#71	0
29	0	32763#96	0
29	0	4101#9	0
29	0	74482#0	0
29	0	81337#0	0
29	0	8390#3	1
29	0	84968#0	0
29	0	90239#8	0
301	0	1191#3	1
301	0	1191#30	0
301	0	1203#7	0
301	0	18905#1	0
301	0	18966#0	0
301	0	4157#0	0
301	0	5643#0	0
301	0	5645#0	0
301	0	6251#0	0
301	0	89597#4	0
301	0	90239#8	0
302	0	10445#1	0
302	0	23421#0	0
302	0	24605#0	0
302	0	24619#0	1
302	0	31761#0	0
302	0	31762#0	0
302	0	3238#0	0
302	0	34294#5	1
302	0	35155#0	0
302	0	42334#0	0
304	0	100640#0	0
304	0	13350#0	0
304	0	34212#1	0
304	0	35070#0	0
304	0	40992#0	0
304	0	7718#1	0
304	0	77742#12	0
304	0	96373#0	1
304	0	96373#1	1
304	0	96373#2	0
309	0	14897#0	0
309	0	14897#1	1
309	0	14897#115	0
309	0	14897#120	0
309	0	14897#151	0
309	0	14897#159	0
309	0	14897#22	0
309	0	14897#55	0
309	0	16837#2	1
309	0	17300#2	0
309	0	42302#184	0
309	0	56392#0	1
32	0	10417#10	0
32	0	108479#4	0
32	0	14545#6	0
32	0	14993#7	0
32	0	2173#25	1
32	0	2928#2	1
32	0	2928#3	0
32	0	3739#4	1
32	0	3742#1	1
32	0	67520#5	0
32	0	78818#5	0
321	0	101268#1	0
321	0	102418#2	0
321	0	1175#8	0
321	0	1676#9	0
321	0	1751#0	1
321	0	33483#1	0
321	0	36891#2	0
321	0	6035#5	0
321	0	87042#4	0
321	0	96671#1	0
321	0	96672#1	0
325	0	34466#0	1
325	0	34466#1	1
325	0	34466#3	1
325	0	34466#4	0
325	0	34478#0	1
325	0	34478#1	0
325	0	34478#2	0
325	0	34478#4	1
325	0	34486#0	0
325	0	34486#1	0
337	0	12442#1	0
337	0	14253#1	0
337	0	21994#0	0
337	0	22646#0	0
337	0	2803#6	0
337	0	34940#3	0
337	0	36017#2	0
337	0	5278#3	0
337	0	5614#47	1
337	0	5853#12	0
337	0	81446#0	0
34	0	102418#2	0
34	0	1178#1	0
34	0	11783#3	1
34	0	1183#11	0
34	0	32995#14	0
34	0	35993#0	0
34	0	36064#2	0
34	0	56069#3	0
34	0	65#0	0
34	0	96651#0	0
34	0	9739#6	0
343	0	107325#0	0
343	0	12947#0	0
343	0	12947#1	0
343	0	1760#0	1
343	0	2236#86	0
343	0	4136#1	0
343	0	56123#94	0
343	0	79057#6	0
343	0	92385#0	0
343	0	93773#0	0
343	0	95325#0	0
35	0	102451#0	0
35	0	103311#2	0
35	0	27138#1	0
35	0	28351#0	0
35	0	93964#2	0
35	0	93970#3	0
35	0	93978#8	0
35	0	93981#0	0
35	0	93981#1	1
35	0	9747#4	0
354	0	32407#0	1
354	0	32407#1	1
354	0	32407#11	0
354	0	32407#6	1
354	0	32407#9	1
354	0	32559#12	1
354	0	36334#1	0
354	0	3666#9	0
354	0	39790#0	0
354	0	76644#4	0
358	0	1676#109	0
358	0	1676#115	0
358	0	1676#46	1
358	0	2772#39	1
358	0	31805#9	0
358	0	33444#0	0
358	0	33977#0	1
358	0	91172#0	0
358	0	97287#2	0
358	0	97291#11	1
358	0	97295#3	0
366	0	10390#0	0
366	0	11740#1	0
366	0	2184#0	1
366	0	3066#3	0
366	0	3067#0	1
366	0	3213#26	1
366	0	83231#0	0
366	0	923#13	0
366	0	923#17	0
366	0	96651#0	0
38	0	107351#0	0
38	0	1783#72	0
38	0	2142#0	1
38	0	2142#10	0
38	0	2142#11	0
38	0	2142#14	0
38	0	2142#3	0
38	0	2142#5	1
38	0	2142#6	0
38	0	2142#7	0
38	0	2142#9	0
388	0	100640#0	0
388	0	10439#0	1
388	0	10439#28	0
388	0	10439#3	0
388	0	10439#34	0
388	0	10439#35	0
388	0	10439#40	0
388	0	10439#41	0
388	0	13275#0	0
388	0	13674#23	0
396	0	14102#5	0
396	0	15480#0	1
396	0	34147#11	0
396	0	34147#12	0
396	0	34147#13	0
396	0	34147#3	0
396	0	34147#5	0
396	0	34147#6	0
396	0	35507#3	0
396	0	5068#63	1
396	0	82975#30	1
396	0	86915#7	0
399	0	10458#1	1
399	0	10458#2	0
399	0	14826#1	0
399	0	14827#1	0
399	0	14827#12	0
399	0	32664#12	0
399	0	35706#1	1
399	0	35725#2	0
399	0	76644#5	0
404	0	23445#3	0
404	0	34001#1	0
404	0	35907#6	0
404	0	35912#0	0
404	0	35912#1	0
404	0	35912#2	0
404	0	35912#3	1
404	0	35912#4	0
404	0	36171#3	0
404	0	36180#6	0
408	0	106489#20	0
408	0	106489#26	0
408	0	106489#29	0
408	0	106489#30	0
408	0	106489#4	0
408	0	12947#0	0
408	0	13146#0	0
408	0	17575#0	1
408	0	23866#0	1
408	0	93773#0	0
408	0	95779#4	0
409	0	100640#0	0
409	0	12947#0	0
409	0	16039#0	0
409	0	2797#101	0
409	0	2797#12	1
409	0	35932#9	0
409	0	42590#1	0
409	0	85521#71	0
409	0	92343#0	0
409	0	92635#0	0
409	0	96373#0	0
409	0	99688#1	0
422	0	16711#0	0
422	0	18520#9	1
422	0	18749#17	0
422	0	30743#18	0
422	0	45048#1	0
422	0	5645#23	0
422	0	62514#1	0
422	0	66017#45	0
422	0	66587#8	0
422	0	88523#8	0
422	0	92814#3	0
423	0	2172#12	1
423	0	3162#1	0
423	0	3189#2	1
423	0	3189#27	0
423	0	32763#138	0
423	0	3443#20	1
423	0	66958#1	0
423	0	7071#2	0
423	0	8293#4	0
423	0	96651#0	0
425	0	15574#15	0
425	0	15574#6	0
425	0	19054#19	0
425	0	19054#20	0
425	0	1996#5	0
425	0	65492#4	0
425	0	69448#5	0
425	0	72547#5	0
425	0	83860#0	1
425	0	84395#9	0
425	0	94170#0	0
438	0	32#0	1
438	0	5825#4	0
450	0	1182#10	0
450	0	13687#12	0
450	0	16121#0	1
450	0	16260#87	0
450	0	16578#3	0
450	0	19233#0	0
450	0	23351#4	0
450	0	69158#5	0
450	0	76644#2	0
450	0	86209#0	0
450	0	88257#2	0
450	0	95357#1	0
466	0	14996#1	0
466	0	1676#13	0
466	0	2615#13	0
466	0	33297#4	0
466	0	33362#16	0
466	0	33544#0	1
466	0	33618#0	0
466	0	33618#3	0
466	0	35725#0	0
466	0	95212#1	0
466	0	95212#2	0
472	0	2647#0	1
472	0	2762#3	1
472	0	42056#0	0
472	0	42058#0	0
472	0	42073#0	0
472	0	42078#0	0
472	0	42079#0	0
472	0	42080#0	0
472	0	42082#0	0
472	0	42085#0	0
472	0	42092#0	0
478	0	19207#0	1
478	0	19207#1	0
478	0	24897#2	0
478	0	31484#3	0
478	0	31484#4	0
478	0	31484#5	0
478	0	40058#5	0
478	0	69228#0	0
478	0	69341#1	0
478	0	69404#1	0
480	0	34531#0	0
480	0	34531#1	1
480	0	34531#3	0
480	0	34531#4	0
480	0	34531#5	0
480	0	34531#6	0
480	0	3814#0	0
480	0	40992#0	0
480	0	78756#14	0
480	0	78756#8	0
482	0	101237#0	0
482	0	33509#0	0
482	0	33509#1	0
482	0	34147#11	0
482	0	34147#13	0
482	0	34147#6	0
482	0	36064#2	0
482	0	5740#24	0
482	0	76941#1	1
482	0	76941#10	0
482	0	97311#0	0
491	0	33940#0	0
491	0	33940#1	0
491	0	33940#2	0
491	0	33940#3	0
491	0	33940#4	0
491	0	33940#5	0
491	0	33940#6	0
491	0	33940#7	0
491	0	33940#8	0
491	0	33940#9	1
499	0	11561#2	0
499	0	2152#9	0
499	0	4143#0	0
499	0	4143#11	0
499	0	4143#13	0
499	0	4143#14	0
499	0	4143#16	0
499	0	4143#3	1
499	0	4143#8	0
499	0	4143#9	0
499	0	62484#4	0
499	0	6679#8	0
501	0	4025#12	1
501	0	4186#90	0
501	0	5667#8	0
501	0	5687#107	0
501	0	57141#3	0
501	0	5783#31	0
501	0	68340#13	0
501	0	95779#2	0
501	0	95779#4	0
501	0	95779#5	0
501	0	99055#4	0
502	0	39845#8	0
502	0	5068#1	1
502	0	5068#17	0
502	0	5068#18	0
502	0	5068#28	0
502	0	57306#7	0
502	0	71553#15	0
502	0	83118#0	1
502	0	83118#26	0
502	0	83118#27	0
502	0	83118#8	0
502	0	86975#0	0
504	0	108253#0	0
504	0	13617#0	0
504	0	14833#8	0
504	0	34103#0	0
504	0	34147#11	0
504	0	34147#6	0
504	0	34568#2	0
504	0	35840#0	0
504	0	37968#0	0
504	0	57052#2	1
504	0	57052#3	1
513	0	18010#2	0
513	0	19174#5	0
513	0	2234#0	1
513	0	2234#28	0
513	0	2559#24	0
513	0	30373#0	0
513	0	31805#18	0
513	0	32763#19	0
513	0	35027#1	0
513	0	39850#11	0
513	0	77587#229	1
519	0	2006#32	0
519	0	20357#5	0
519	0	20968#9	0
519	0	22754#4	0
519	0	4101#11	0
519	0	55364#17	0
519	0	7595#8	0
519	0	77480#0	0
519	0	84606#0	0
519	0	889#1	1
519	0	9828#33	0
52	0	1676#106	0
52	0	2377#0	0
52	0	2377#10	0
52	0	2377#3	1
52	0	2377#8	0
52	0	35121#0	0
52	0	35121#1	0
52	0	35121#2	0
52	0	37451#1	0
52	0	40052#3	0
527	0	32664#0	0
527	0	32664#1	0
527	0	32664#10	0
527	0	32664#12	0
527	0	32664#13	0
527	0	32664#14	0
527	0	32664#5	0
527	0	32664#6	0
527	0	32664#7	1
527	0	32664#8	0
534	0	32749#11	0
534	0	34060#0	0
534	0	34100#0	0
534	0	34113#0	0
534	0	34114#0	0
534	0	34681#5	0
534	0	35283#5	0
534	0	4023#2	0
534	0	5645#31	0
534	0	7587#6	1
534	0	92853#2	0
536	0	12947#0	0
536	0	12947#1	0
536	0	18738#0	1
536	0	37017#0	0
536	0	42590#0	0
536	0	56123#28	0
536	0	92376#0	0
536	0	93903#2	0
536	0	95325#0	0
536	0	95325#2	0
539	0	17#20	1
539	0	2633#5	1
539	0	2633#9	0
539	0	3381#3	1
539	0	34309#4	0
539	0	78790#1	1
539	0	9266#0	0
539	0	9266#1	0
539	0	9266#2	0
539	0	9266#3	0
539	0	96351#33	0
543	0	12947#0	0
543	0	12947#1	0
543	0	13824#0	1
543	0	13824#1	0
543	0	13824#2	1
543	0	13824#3	1
543	0	37017#0	0
543	0	92376#0	0
543	0	92378#0	0
543	0	95325#0	0
544	0	10458#4	0
544	0	23664#1	0
544	0	2444#18	0
544	0	2444#24	0
544	0	32913#2	0
544	0	33461#0	1
544	0	34196#1	0
544	0	35713#4	0
544	0	36977#0	0
544	0	78756#13	0
555	0	1701#58	0
555	0	33720#5	1
555	0	5645#23	0
555	0	5645#26	0
555	0	5783#27	0
555	0	5783#31	0
555	0	66017#44	0
555	0	72204#18	0
555	0	83063#13	0
555	0	95418#2	0
564	0	12947#1	0
564	0	19480#0	1
564	0	30734#8	0
564	0	30743#18	0
564	0	33370#7	0
564	0	36832#0	1
564	0	3730#0	0
564	0	37836#1	0
564	0	45048#1	0
564	0	69158#5	0
564	0	92378#0	0
564	0	95779#4	0
570	0	106489#28	0
570	0	12442#1	0
570	0	12442#2	0
570	0	12947#0	0
570	0	15912#1	1
570	0	3036#17	0
570	0	66733#22	0
570	0	76644#5	0
570	0	92376#0	0
570	0	95325#2	0
570	0	95779#4	0
572	0	1841#26	1
572	0	2458#0	1
572	0	3212#0	0
572	0	3213#1	0
572	0	3483#1	0
572	0	46077#0	0
572	0	46078#0	0
572	0	46079#0	0
572	0	7144#1	0
572	0	78785#23	0
572	0	78785#8	0
572	0	97900#0	1
573	0	1752#0	1
573	0	1752#37	0
573	0	1752#39	0
573	0	34358#3	0
573	0	68686#1	0
573	0	78798#44	0
573	0	81439#1	0
573	0	85414#15	0
573	0	86403#3	0
573	0	86403#4	0
575	0	1676#9	0
575	0	1751#0	1
575	0	1751#12	1
575	0	1751#24	0
575	0	33028#3	0
575	0	96620#1	0
575	0	96671#1	0
575	0	96739#1	0
575	0	96748#1	0
575	0	96818#1	0
6	0	16282#4	0
6	0	1676#117	0
6	0	1676#22	0
6	0	1676#26	0
6	0	32480#0	0
6	0	32559#15	0
6	0	32589#0	1
6	0	32589#3	0
6	0	33690#3	0
6	0	34351#0	0
6	0	35118#0	0
6	0	93957#6	1
616	0	14165#0	0
616	0	14165#1	1
616	0	14165#2	0
616	0	14165#3	0
616	0	14165#4	0
616	0	14165#5	0
616	0	14165#6	0
616	0	14165#7	0
616	0	14165#8	0
616	0	2239#16	1
616	0	2318#1	0
62	0	103782#9	0
62	0	2059#2	1
62	0	2059#5	0
62	0	2059#6	0
62	0	20789#0	0
62	0	20790#0	0
62	0	20807#0	0
62	0	21260#0	0
62	0	2789#3	1
62	0	5819#0	0
62	0	83669#0	0
62	0	83670#0	0
622	0	13328#0	0
622	0	13335#0	0
622	0	16860#0	0
622	0	19480#1	1
622	0	19480#4	1
622	0	20003#6	0
622	0	33573#0	0
622	0	34115#8	0
622	0	3730#0	0
622	0	42200#1	0
622	0	64744#0	0
623	0	106016#1	0
623	0	1676#78	1
623	0	1676#82	1
623	0	1676#83	1
623	0	1676#86	1
623	0	2694#4	0
623	0	33467#5	0
623	0	33467#6	1
623	0	91900#3	0
623	0	95212#2	0
627	0	16276#3	0
627	0	16276#9	0
627	0	32763#125	0
627	0	5853#12	0
627	0	6196#27	0
627	0	6199#11	0
627	0	7546#3	0
627	0	8664#12	1
627	0	88672#4	0
627	0	99478#0	0
628	0	17#10	1
628	0	2404#38	0
628	0	2404#43	0
628	0	2404#75	0
628	0	78789#16	0
628	0	78789#18	1
628	0	78789#21	1
628	0	78789#28	0
628	0	78789#29	0
628	0	78789#33	0
628	0	91771#11	0
637	0	2606#4	0
637	0	3213#41	0
637	0	6196#30	1
637	0	62951#0	0
637	0	62957#0	0
637	0	63129#0	0
637	0	63728#0	0
637	0	73259#0	0
637	0	73349#0	0
637	0	86857#0	0
637	0	86931#0	0
653	0	107456#1	0
653	0	13674#27	0
653	0	16532#5	0
653	0	1859#5	0
653	0	34933#6	0
653	0	42633#4	0
653	0	66688#0	0
653	0	66688#1	1
653	0	66688#2	0
653	0	98797#2	0
660	0	16316#0	1
660	0	16316#14	0
660	0	16316#16	0
660	0	29196#0	1
660	0	29196#11	0
660	0	29196#20	0
660	0	29196#6	0
660	0	32838#1	0
660	0	3814#0	0
660	0	40992#0	0
660	0	57188#35	0
677	0	11570#11	0
677	0	1191#17	0
677	0	1191#6	1
677	0	13474#3	0
677	0	2172#5	1
677	0	2789#0	1
677	0	2789#1	1
677	0	31805#18	0
677	0	35727#0	0
677	0	7147#7	0
677	0	74151#7	0
677	0	78798#21	0
677	0	90239#11	1
680	0	18705#20	0
680	0	18705#4	1
680	0	20819#5	0
680	0	21130#0	0
680	0	30743#18	0
680	0	31265#34	0
680	0	34529#11	0
680	0	56093#5	0
680	0	5645#23	0
680	0	95418#2	0
680	0	95779#2	0
688	0	73642#0	0
688	0	80053#10	0
688	0	80053#11	1
688	0	80053#2	0
688	0	80053#4	0
688	0	80053#7	1
688	0	92311#1	0
688	0	93301#0	0
688	0	96249#1	0
688	0	97353#0	1
689	0	91797#1	1
689	0	91797#2	0
689	0	93430#1	0
689	0	93539#0	0
689	0	93539#1	0
689	0	93539#2	1
689	0	94010#2	1
689	0	94012#2	1
689	0	94012#6	0
689	0	95646#1	0
693	0	16042#3	1
693	0	16042#4	1
693	0	16042#6	1
693	0	16042#8	1
693	0	2373#3	0
693	0	33563#10	0
693	0	38200#0	0
693	0	46025#0	1
693	0	7666#1	0
693	0	90047#0	0
693	0	90462#0	0
698	0	12339#2	0
698	0	14056#1	0
698	0	14786#0	0
698	0	17112#0	1
698	0	17112#2	0
698	0	17112#3	0
698	0	5522#1	0
698	0	87266#1	0
698	0	90997#1	0
698	0	95998#0	0
705	0	16733#2	1
705	0	16895#0	0
705	0	18627#6	0
705	0	22906#0	0
705	0	33483#0	0
705	0	33483#1	0
705	0	37968#0	0
705	0	56109#0	0
705	0	62012#1	0
705	0	81332#0	0
705	0	92343#0	0
716	0	17494#0	0
716	0	23646#0	0
716	0	23687#0	0
716	0	23935#0	0
716	0	23936#0	0
716	0	24013#0	0
716	0	24018#0	0
716	0	24297#0	0
716	0	5614#6	1
716	0	5618#0	1
716	0	5618#11	1
716	0	5618#2	0
719	0	30578#0	1
719	0	30578#1	0
719	0	30627#0	0
719	0	33436#0	1
719	0	36408#0	0
719	0	36706#0	0
719	0	41136#0	0
719	0	77520#0	0
719	0	89533#0	0
719	0	92644#0	0
719	0	92776#11	0
72	0	18140#16	0
72	0	19209#11	0
72	0	55724#4	0
72	0	55728#3	1
72	0	68740#5	0
72	0	70144#2	0
72	0	72204#18	0
72	0	76995#7	0
72	0	83744#0	0
72	0	84324#8	0
72	0	84325#7	0
740	0	12727#11	0
740	0	14056#1	0
740	0	15712#0	1
740	0	16872#1	0
740	0	2963#0	1
740	0	64687#1	0
740	0	82473#0	0
740	0	82473#10	0
740	0	87771#2	0
740	0	91071#1	0
740	0	98797#2	0
755	0	104829#1	0
755	0	1175#8	0
755	0	14432#1	1
755	0	16084#3	0
755	0	34518#2	0
755	0	35063#38	0
755	0	3532#0	0
755	0	57306#7	0
755	0	68221#6	0
755	0	84324#2	0
755	0	91014#1	0
760	0	10348#52	1
760	0	14738#1	1
760	0	16260#192	0
760	0	23548#0	1
760	0	30747#5	0
760	0	68848#0	1
760	0	85205#1	0
760	0	85533#0	1
760	0	92603#1	1
760	0	98339#17	0
795	0	106006#3	0
795	0	108253#0	0
795	0	108448#2	0
795	0	2006#25	0
795	0	2006#26	0
795	0	7785#16	1
795	0	86747#0	0
795	0	90049#0	0
795	0	90057#0	0
795	0	9714#27	0
80	0	102069#1	0
80	0	102148#1	0
80	0	103912#0	0
80	0	103935#0	0
80	0	104009#0	0
80	0	104025#0	0
80	0	2615#13	0
80	0	32398#6	1
80	0	32407#0	0
80	0	32559#12	1
80	0	41449#0	1
802	0	101775#11	0
802	0	14364#3	0
802	0	2497#19	0
802	0	2497#29	1
802	0	32763#69	0
802	0	32763#88	0
802	0	5068#80	0
802	0	57750#3	0
802	0	84202#0	0
802	0	87672#3	0
802	0	904#94	0
805	0	16429#9	0
805	0	16651#1	1
805	0	18522#2	1
805	0	19262#2	0
805	0	27652#12	0
805	0	57737#0	0
805	0	69849#43	0
805	0	71691#3	0
805	0	83471#9	0
805	0	95154#1	0
808	0	16757#1	1
808	0	16757#45	1
808	0	16757#55	0
808	0	36814#4	0
808	0	55734#41	0
808	0	55747#18	0
808	0	69855#15	1
808	0	69855#39	0
808	0	69855#8	1
808	0	82506#3	0
808	0	94319#18	0
814	0	102418#3	0
814	0	10310#0	0
814	0	10310#2	0
814	0	1676#117	0
814	0	1676#13	0
814	0	1676#67	1
814	0	1676#74	0
814	0	32559#1	0
814	0	32559#27	0
814	0	32680#2	0
814	0	90842#3	0
814	0	90918#0	0
827	0	13488#0	0
827	0	13488#7	0
827	0	14461#0	0
827	0	14461#1	1
827	0	14461#2	0
827	0	14461#3	0
827	0	14461#4	0
827	0	14461#5	0
827	0	14461#8	0
827	0	5522#6	0
828	0	100734#2	0
828	0	102680#4	0
828	0	32082#31	0
828	0	33989#14	0
828	0	57315#0	1
828	0	57315#1	0
828	0	57315#2	0
828	0	57315#3	0
828	0	96018#3	0
828	0	99816#5	0
834	0	17#18	1
834	0	1843#37	0
834	0	1843#45	0
834	0	2404#43	0
834	0	2740#6	0
834	0	32763#69	0
834	0	5538#31	0
834	0	5538#34	1
834	0	5538#39	0
834	0	5538#42	0
834	0	96351#33	0
837	0	107950#1	0
837	0	14897#170	0
837	0	14897#176	0
837	0	15529#1	0
837	0	17561#0	0
837	0	17561#12	0
837	0	17561#3	1
837	0	31502#13	0
837	0	31502#17	0
837	0	77742#21	0
837	0	84140#0	0
869	0	108201#4	0
869	0	15770#11	0
869	0	16355#1	0
869	0	19480#7	0
869	0	20761#8	0
869	0	55733#7	0
869	0	55912#1	1
869	0	56642#4	0
869	0	69855#11	0
869	0	72082#0	0
869	0	86429#5	0
876	0	107950#4	0
876	0	13275#0	0
876	0	17561#12	0
876	0	17561#16	1
876	0	35501#0	0
876	0	35501#1	0
876	0	42633#4	0
876	0	47582#2	0
876	0	904#46	0
876	0	92987#0	0
885	0	12947#0	0
885	0	12947#1	0
885	0	17325#0	0
885	0	2222#7	0
885	0	34147#13	0
885	0	36706#0	0
885	0	78#0	1
885	0	78#9	0
885	0	92078#1	0
885	0	94784#0	0
885	0	95413#3	0
898	0	102418#2	0
898	0	10328#15	0
898	0	14356#2	0
898	0	1676#9	0
898	0	2772#0	0
898	0	32478#0	1
898	0	32559#1	0
898	0	32559#27	0
898	0	32559#8	0
898	0	33602#7	0
898	0	33741#4	0
909	0	2670#0	1
909	0	2670#1	0
909	0	2670#3	0
909	0	2670#6	0
909	0	3036#8	0
909	0	57938#0	0
909	0	5974#0	0
909	0	5974#1	0
909	0	5974#3	0
909	0	7560#4	0
913	0	12947#1	0
913	0	33477#11	0
913	0	34681#5	0
913	0	35507#3	0
913	0	4288#13	0
913	0	4288#6	0
913	0	4297#0	1
913	0	4297#8	0
913	0	57428#0	0
913	0	92988#2	0
913	0	95325#1	0
920	0	2627#0	1
920	0	2627#12	0
920	0	2627#15	0
920	0	2627#19	0
920	0	2627#20	0
920	0	2627#5	1
920	0	2627#9	1
920	0	77587#77	1
920	0	77636#4	0
920	0	77636#6	1
920	0	93497#0	1
924	0	12947#0	0
924	0	12947#1	0
924	0	2236#86	0
924	0	31631#0	0
924	0	56138#2	0
924	0	5825#4	0
924	0	89851#0	1
924	0	89853#0	1
924	0	92376#0	0
924	0	92378#0	0
924	0	92385#0	0
924	0	95325#0	0
925	0	14102#5	0
925	0	1782#0	1
925	0	1783#38	1
925	0	1783#42	1
925	0	34001#1	0
925	0	34139#1	0
925	0	35328#9	0
925	0	69334#26	1
925	0	72619#0	0
925	0	86915#7	0
925	0	9266#1	0
932	0	1899#0	0
932	0	1899#14	0
932	0	1899#35	0
932	0	1899#59	0
932	0	19209#42	0
932	0	19209#51	0
932	0	55552#12	0
932	0	66733#9	0
932	0	69855#14	0
932	0	73800#1	1
932	0	86394#12	0
934	0	32029#14	0
934	0	33595#4	0
934	0	34191#8	0
934	0	34485#15	0
934	0	35859#2	0
934	0	95779#4	0
934	0	95779#5	0
934	0	99031#0	0
934	0	99031#1	1
934	0	99031#2	0
937	0	10439#1	0
937	0	10439#21	0
937	0	10439#22	0
937	0	17097#11	0
937	0	19940#0	0
937	0	25235#0	0
937	0	33886#3	0
937	0	34896#0	0
937	0	39092#0	0
937	0	39092#1	1
957	0	15017#3	0
957	0	2006#25	0
957	0	34139#1	0
957	0	34294#26	1
957	0	34294#27	1
957	0	34309#4	1
957	0	7729#0	0
957	0	78814#17	1
957	0	94486#5	0
957	0	94486#6	0
958	0	14996#1	0
958	0	1676#56	0
958	0	1875#1	0
958	0	1875#6	0
958	0	1875#7	1
958	0	2648#0	0
958	0	32440#4	0
958	0	32664#12	0
958	0	32664#13	0
959	0	15868#11	0
959	0	15868#2	1
959	0	15868#24	0
959	0	15868#3	0
959	0	15868#41	1
959	0	15868#69	0
959	0	30743#18	0
959	0	33215#116	0
959	0	76644#2	0
959	0	76644#4	0
959	0	76644#5	0
959	0	77587#61	0
959	0	94278#0	0
962	0	14129#0	0
962	0	14827#13	0
962	0	3231#21	1
962	0	3231#3	1
962	0	32679#7	0
962	0	32679#8	0
962	0	33731#1	1
962	0	33846#2	0
962	0	34090#9	1
962	0	6001#4	0
962	0	78807#16	1
988	0	92776#0	1
988	0	92776#1	0
988	0	92776#10	0
988	0	92776#11	0
988	0	92776#12	0
988	0	92776#13	0
988	0	92776#15	0
988	0	92776#2	0
988	0	92776#3	0
988	0	92776#6	0
99	0	14200#0	1
99	0	14200#1	0
99	0	14200#10	0
99	0	14200#16	0
99	0	14200#17	0
99	0	14200#21	0
99	0	14827#13	0
99	0	1676#59	0
99	0	33424#5	0
99	0	86915#7	0
993	0	17494#0	0
993	0	17494#2	0
993	0	23646#0	0
993	0	23935#0	0
993	0	23936#0	0
993	0	24013#0	0
993	0	24018#0	0
993	0	24297#0	0
993	0	5614#6	1
993	0	5618#0	1
993	0	5618#11	0
993	0	5618#2	0
