1003	0	106540#26	0
1003	0	111769#0	0
1003	0	117755#0	0
1003	0	1390129#0	0
1003	0	1458#0	1
1003	0	1458#27	0
1003	0	1458#71	1
1003	0	1877356#1	1
1003	0	322208#0	0
1003	0	322480#0	0
1003	0	719605#0	0
1003	0	719708#7	0
1003	0	86222#2	0
1003	0	86240#0	1
1003	0	91080#0	0
1009	0	10185#23	0
1009	0	114236#3	0
1009	0	1409529#3	0
1009	0	181307#6	0
1009	0	181307#7	0
1009	0	181307#8	1
1009	0	219284#27	0
1009	0	2719#2	0
1009	0	2743#16	1
1009	0	2743#29	1
1009	0	500914#20	0
1009	0	518738#13	1
1010	0	1029921#0	1
1010	0	1623379#0	1
1010	0	1999641#0	0
1010	0	210702#1	0
1010	0	46272#0	1
1010	0	634499#0	1
1010	0	634502#0	0
1010	0	677798#0	1
1010	0	677803#0	1
1010	0	677810#0	1
1010	0	681621#1	0
1010	0	9173#0	1
1010	0	9173#18	0
1010	0	9173#23	0
1010	0	919354#0	1
1011	0	105326#1	0
1011	0	12670#1	0
1011	0	133417#0	0
1011	0	158411#1	0
1011	0	1734450#0	0
1011	0	1947666#0	0
1011	0	2044799#0	0
1011	0	206300#4	0
1011	0	288491#1	0
1011	0	292173#0	0
1011	0	315964#0	0
1011	0	426#4	1
1011	0	458595#28	0
1011	0	558048#0	0
1011	0	561449#0	0
1011	0	942275#0	0
1011	0	95661#0	0
1011	0	9868#0	0
1012	0	1041464#2	0
1012	0	1171298#4	0
1012	0	137872#0	0
1012	0	148804#0	0
1012	0	148804#1	0
1012	0	151502#28	0
1012	0	1925813#49	0
1012	0	193177#10	0
1012	0	327197#2	0
1012	0	40656#2	0
1012	0	6160#1	1
1012	0	6160#20	0
1012	0	620565#2	0
1012	0	74047#15	0
1012	0	752898#1	0
1019	0	104286#0	0
1019	0	104287#0	0
1019	0	139046#0	0
1019	0	175930#0	0
1019	0	175942#1	0
1019	0	176036#0	1
1019	0	1806498#0	0
1019	0	1856500#0	0
1019	0	1871467#0	0
1019	0	195167#0	0
1019	0	2377#0	0
1019	0	500441#0	0
1019	0	973944#0	0
1021	0	1146529#3	0
1021	0	12510#19	1
1021	0	12510#20	0
1021	0	12510#44	0
1021	0	1332251#4	0
1021	0	14680#57	0
1021	0	1942158#1	0
1021	0	21844#2	0
1021	0	325776#0	0
1021	0	325776#14	0
1021	0	325776#2	0
1021	0	40706#0	0
1021	0	40706#3	0
1021	0	747677#0	0
1033	0	1161939#0	0
1033	0	1240891#0	0
1033	0	181416#0	1
1033	0	186994#0	1
1033	0	187040#0	1
1033	0	31151#0	1
1033	0	35008#0	0
1033	0	382457#0	0
1033	0	383343#1	0
1033	0	383343#2	0
1033	0	500737#0	0
1033	0	65019#1	0
1033	0	65019#5	0
1033	0	653884#0	1
1033	0	709143#7	0
1033	0	9279#0	1
1044	0	122820#4	1
1044	0	2012076#1	0
1044	0	2012076#11	0
1044	0	2012076#12	0
1044	0	2012076#13	0
1044	0	2012076#16	0
1044	0	2012076#21	0
1044	0	2012076#23	0
1044	0	23391#5	0
1044	0	245354#7	0
1044	0	50761#0	0
1044	0	940457#8	0
1048	0	1013977#16	0
1048	0	1048735#1	0
1048	0	114903#8	0
1048	0	1430329#0	1
1048	0	1430329#1	1
1048	0	218509#0	1
1048	0	218509#4	0
1048	0	422350#0	1
1048	0	759593#53	0
1048	0	759593#71	0
1048	0	759593#72	0
1048	0	759593#77	1
1048	0	759593#89	0
1048	0	81293#1	0
105	0	1009836#4	0
105	0	10336#0	1
105	0	10336#1	0
105	0	1232664#0	0
105	0	1306015#2	1
105	0	1675444#1	0
105	0	1777185#71	0
105	0	1852#28	1
105	0	240463#63	0
105	0	404630#34	0
105	0	568146#3	1
105	0	87585#0	0
105	0	920274#2	0
105	0	9203#0	0
105	0	936772#46	1
1052	0	1240891#0	0
1052	0	1249823#0	0
1052	0	12519#0	0
1052	0	12766#36	1
1052	0	1390384#0	0
1052	0	142269#6	1
1052	0	167513#0	0
1052	0	2031474#14	0
1052	0	272757#1	0
1052	0	287745#1	0
1052	0	348135#0	0
1052	0	348655#0	1
1052	0	9224#2	1
1052	0	9859#1	1
1055	0	1213670#0	0
1055	0	1256398#3	0
1055	0	164142#0	0
1055	0	1869131#13	0
1055	0	1931743#0	0
1055	0	229411#1	0
1055	0	230006#0	0
1055	0	2374528#12	0
1055	0	299916#0	0
1055	0	299916#7	0
1055	0	414337#5	0
1055	0	416017#0	0
1055	0	42405#0	0
1055	0	427138#0	0
1055	0	495209#4	0
1055	0	535743#0	0
1055	0	671948#0	0
1055	0	73245#0	1
1055	0	825893#6	0
1058	0	114378#8	0
1058	0	122189#7	0
1058	0	1663191#19	0
1058	0	2182#19	0
1058	0	249#60	0
1058	0	65044#12	0
1058	0	65044#21	0
1058	0	65044#24	0
1058	0	65044#4	0
1058	0	862543#2	0
1058	0	8814#12	1
1058	0	96067#4	0
1058	0	9941#4	0
1059	0	122397#1	0
1059	0	122397#2	1
1059	0	122397#3	0
1059	0	122397#4	0
1059	0	155976#15	0
1059	0	195678#3	0
1059	0	2204#14	0
1059	0	255735#29	0
1059	0	30555#16	0
1059	0	325896#8	0
1059	0	33639#5	0
1059	0	417050#3	0
1059	0	431841#13	0
1059	0	476969#8	0
1059	0	477262#2	0
1059	0	960255#4	0
106	0	11099#64	0
106	0	1161196#7	0
106	0	121710#98	0
106	0	176405#2	1
106	0	1777185#50	0
106	0	201722#2	0
106	0	335475#7	0
106	0	52138#14	0
106	0	529836#7	0
106	0	600431#20	0
106	0	66367#0	0
106	0	80356#8	0
106	0	81926#0	0
106	0	81926#1	0
106	0	81926#52	0
106	0	81926#56	0
106	0	979453#1	0
1065	0	113698#5	0
1065	0	1251537#2	1
1065	0	143553#17	0
1065	0	28217#3	0
1065	0	288373#1	0
1065	0	39442#0	0
1065	0	39442#1	1
1065	0	39442#5	0
1065	0	39442#6	0
1065	0	39442#7	0
1065	0	600159#0	0
1065	0	66671#3	0
1068	0	11118#1	0
1068	0	1442353#0	0
1068	0	1571405#1	0
1068	0	220308#25	0
1068	0	220308#26	0
1068	0	23086#1	0
1068	0	23086#11	0
1068	0	23086#13	0
1068	0	23086#5	0
1068	0	324400#0	1
1068	0	476849#1	0
1068	0	658188#0	0
1068	0	8701#0	0
1068	0	8701#1	0
1068	0	964172#0	0
1075	0	107257#0	1
1075	0	1149097#0	1
1075	0	2705#0	0
1075	0	2705#1	0
1075	0	2705#17	0
1075	0	2705#2	0
1075	0	2705#4	0
1075	0	2705#9	0
1075	0	446032#20	0
1075	0	8333#1	0
1075	0	8373#16	0
1075	0	87629#1	0
1075	0	89330#1	1
1075	0	9020#0	1
1076	0	12936#0	0
1076	0	1738268#2	0
1076	0	1830182#0	0
1076	0	1830182#1	0
1076	0	2011658#3	0
1076	0	2011658#9	0
1076	0	2301047#3	0
1076	0	2301061#2	0
1076	0	330457#14	0
1076	0	330457#15	0
1076	0	544622#13	0
1076	0	544622#5	1
1076	0	544622#7	0
1076	0	652017#1	0
1076	0	732575#0	0
1078	0	113351#0	0
1078	0	33471#0	0
1078	0	33471#2	0
1078	0	41894#4	0
1078	0	609#0	0
1078	0	63250#1	0
1078	0	809#9	1
1078	0	819#1	1
1078	0	819#13	0
1078	0	819#3	1
1078	0	819#5	0
1078	0	904265#0	0
1082	0	10436#4	0
1082	0	10436#8	0
1082	0	1403383#24	0
1082	0	1766564#0	1
1082	0	1766564#1	0
1082	0	1766598#1	0
1082	0	197220#2	0
1082	0	404972#0	0
1082	0	697366#3	0
1082	0	83726#7	0
1082	0	953091#14	0
1082	0	953091#7	0
1094	0	1443589#16	0
1094	0	1937183#0	1
1094	0	1937183#1	0
1094	0	1937183#12	0
1094	0	1937183#15	0
1094	0	1937183#18	0
1094	0	1937183#19	0
1094	0	1937183#2	0
1094	0	1937183#5	0
1094	0	19949#0	0
1094	0	531570#0	0
1094	0	660680#2	0
1094	0	82439#4	0
1094	0	954056#0	0
1108	0	116554#1	0
1108	0	12145#10	1
1108	0	12145#2	0
1108	0	1872361#2	0
1108	0	208680#20	0
1108	0	273991#8	0
1108	0	2789#21	0
1108	0	280#29	1
1108	0	295300#5	0
1108	0	48108#0	0
1108	0	487516#0	1
1108	0	5786#0	0
1108	0	79609#1	0
1108	0	962003#0	0
1108	0	962003#2	0
1108	0	981530#3	1
1129	0	1863#0	0
1129	0	1863#1	0
1129	0	1863#13	0
1129	0	1863#3	0
1129	0	1863#6	1
1129	0	1863#7	0
1129	0	1879890#0	0
1129	0	200087#2	0
1129	0	672181#0	0
1129	0	850245#0	0
1138	0	1760607#3	0
1138	0	1961697#0	0
1138	0	29262#3	0
1138	0	46632#5	0
1138	0	6148#0	0
1138	0	6148#10	0
1138	0	6148#12	0
1138	0	6148#2	0
1138	0	6148#8	1
1138	0	6148#9	0
1138	0	676245#10	0
1138	0	676245#26	0
1138	0	79993#43	0
1139	0	1082210#1	0
1139	0	274125#2	0
1139	0	352447#0	0
1139	0	561091#10	0
1139	0	76348#0	1
1139	0	76348#1	0
1139	0	76348#11	0
1139	0	76348#2	0
1139	0	76348#4	0
1139	0	76348#5	0
1139	0	76348#7	0
1139	0	76348#8	0
1139	0	76348#9	0
1140	0	11660#4	0
1140	0	11949#3	0
1140	0	12588#2	0
1140	0	13499#5	0
1140	0	13504#2	0
1140	0	14038#4	0
1140	0	15923#2	0
1140	0	181927#1	0
1140	0	5294#4	0
1140	0	575956#2	0
1140	0	5965#3	0
1140	0	5965#4	1
1140	0	5965#5	0
1140	0	5965#6	0
1140	0	616008#9	0
1154	0	1377793#0	0
1154	0	220919#1	0
1154	0	2379179#0	0
1154	0	2379190#0	0
1154	0	2379192#0	0
1154	0	275662#3	0
1154	0	289929#2	0
1154	0	370559#3	0
1154	0	383344#9	0
1154	0	51411#4	0
1154	0	57408#27	0
1154	0	57408#34	0
1154	0	6385#0	1
1154	0	6385#14	0
1154	0	6385#3	0
1154	0	6385#39	0
1154	0	6385#47	0
1176	0	1275630#3	0
1176	0	20576#22	0
1176	0	234477#13	0
1176	0	271749#0	0
1176	0	3533#0	1
1176	0	3533#13	0
1176	0	3533#16	0
1176	0	3533#21	0
1176	0	3533#23	0
1176	0	3533#24	0
1176	0	3533#26	0
1176	0	3533#28	0
1176	0	3533#35	0
1176	0	3533#36	0
1176	0	3533#43	0
1176	0	3533#49	0
1176	0	3533#50	0
1176	0	599783#0	0
1176	0	780040#17	1
1183	0	1036270#8	0
1183	0	1941007#0	0
1183	0	306790#77	0
1183	0	415165#0	0
1183	0	415165#3	0
1183	0	415165#5	0
1183	0	47099#0	0
1183	0	47099#4	0
1183	0	56290#0	0
1183	0	56290#4	0
1183	0	67815#11	0
1183	0	67815#2	1
1183	0	786876#0	0
1183	0	879643#0	0
1183	0	91906#3	1
1187	0	110857#1	0
1187	0	12077#12	1
1187	0	12077#5	0
1187	0	1240938#22	0
1187	0	12510#44	1
1187	0	1860652#14	0
1187	0	1860652#28	0
1187	0	1860652#29	0
1187	0	1860652#6	0
1187	0	245834#2	0
1187	0	7619#0	0
1187	0	7619#1	0
1187	0	76464#13	0
1192	0	64649#0	1
1192	0	64649#19	0
1192	0	64649#2	0
1192	0	64649#23	0
1192	0	64649#24	0
1192	0	64649#28	0
1192	0	64649#3	0
1192	0	64649#32	0
1192	0	64649#44	0
1192	0	64649#45	0
1192	0	64649#5	0
1192	0	64649#7	0
1195	0	1820554#1	0
1195	0	32375#0	0
1195	0	32462#1	1
1195	0	35532#3	0
1195	0	42774#0	1
1195	0	42774#10	0
1195	0	42774#6	0
1195	0	60510#0	0
1195	0	61186#0	0
1195	0	858301#0	0
1195	0	858301#1	0
1195	0	915425#0	0
1202	0	11055#3	0
1202	0	1256398#3	0
1202	0	1443494#0	0
1202	0	146353#16	0
1202	0	1502068#0	0
1202	0	1613763#1	0
1202	0	189123#0	0
1202	0	230006#0	0
1202	0	299268#0	0
1202	0	331801#0	0
1202	0	55103#0	0
1202	0	55135#0	0
1202	0	6216#0	1
1202	0	6216#1	1
1206	0	1441#10	0
1206	0	147020#0	0
1206	0	212009#0	0
1206	0	265903#0	0
1206	0	39626#2	0
1206	0	438490#1	0
1206	0	466991#0	0
1206	0	545261#0	0
1206	0	650459#0	0
1206	0	725154#0	1
1206	0	734679#0	0
1206	0	834875#0	0
1206	0	834875#1	0
1206	0	868936#0	0
1206	0	962052#0	0
1213	0	2336004#1	0
1213	0	30393#0	0
1213	0	30393#2	0
1213	0	30393#32	0
1213	0	30393#34	0
1213	0	30393#38	0
1213	0	30393#4	0
1213	0	30393#40	0
1213	0	30393#44	0
1213	0	30393#45	0
1213	0	311255#17	0
1213	0	311255#23	0
1213	0	5267#34	0
1213	0	564523#4	1
1228	0	1009851#1	0
1228	0	1089405#6	0
1228	0	115095#1	0
1228	0	151582#1	0
1228	0	20576#6	0
1228	0	29863#13	0
1228	0	5904#59	0
1228	0	6451#12	0
1228	0	66626#2	0
1228	0	69294#20	0
1228	0	69294#5	0
1228	0	82848#6	0
1228	0	93331#17	1
1228	0	93331#61	0
1240	0	120690#0	1
1240	0	1500216#4	1
1240	0	2048824#0	1
1240	0	268759#3	0
1240	0	286388#0	0
1240	0	436#0	0
1240	0	436#1	0
1240	0	436#6	0
1240	0	436#9	0
1240	0	948477#6	0
1240	0	980759#45	0
1248	0	1250208#0	0
1248	0	1332080#0	0
1248	0	1434838#2	0
1248	0	1672284#0	0
1248	0	1728170#0	0
1248	0	1732736#2	0
1248	0	197904#1	1
1248	0	2008302#0	0
1248	0	399169#3	0
1248	0	558686#0	0
1248	0	617563#0	0
1248	0	7367#2	0
1248	0	771075#0	0
1248	0	771075#1	0
1249	0	1149097#0	0
1249	0	1149097#1	0
1249	0	2705#0	0
1249	0	2705#1	0
1249	0	2705#9	1
1249	0	446032#20	0
1249	0	583144#0	0
1249	0	8333#0	0
1249	0	89330#1	0
1249	0	9020#0	0
1249	0	9020#1	0
1252	0	1458007#2	0
1252	0	264838#1	0
1252	0	264838#12	1
1252	0	264838#14	0
1252	0	264838#15	0
1252	0	264838#20	0
1252	0	264838#4	0
1252	0	264838#5	0
1252	0	264838#8	0
1252	0	5668#0	0
1252	0	68471#0	0
1259	0	141456#2	0
1259	0	1448543#0	0
1259	0	1448543#2	1
1259	0	1653519#2	0
1259	0	193177#10	0
1259	0	263168#7	0
1259	0	31054#7	0
1259	0	31103#1	0
1259	0	31103#2	0
1259	0	31110#1	1
1259	0	383736#9	0
1259	0	500942#31	0
1259	0	509765#1	0
1259	0	642664#17	0
1259	0	75075#2	0
1259	0	76034#30	0
1262	0	138938#0	0
1262	0	1881170#15	0
1262	0	1881609#1	0
1262	0	2002#15	1
1262	0	2002#4	1
1262	0	2002#5	0
1262	0	309265#1	0
1262	0	310681#7	1
1262	0	402889#33	0
1262	0	402889#9	1
1262	0	56525#12	0
1262	0	56525#16	0
1262	0	56525#20	0
1262	0	56525#24	0
1262	0	60840#51	0
1266	0	113279#14	0
1266	0	13346#10	1
1266	0	13346#11	0
1266	0	1852#15	0
1266	0	203299#17	1
1266	0	2565#3	0
1266	0	3228#8	0
1266	0	40536#31	0
1266	0	6277#16	0
1266	0	74245#70	1
1266	0	8542#0	0
1266	0	8542#32	1
1266	0	88893#0	0
1266	0	88893#6	1
1266	0	88893#7	0
1272	0	1161196#7	0
1272	0	1250208#0	0
1272	0	1341959#0	0
1272	0	1501334#1	0
1272	0	305595#1	0
1272	0	327197#5	1
1272	0	345672#3	1
1272	0	348804#1	0
1272	0	366808#2	0
1272	0	40656#2	0
1272	0	7080#0	0
1272	0	74047#13	0
1272	0	885117#0	0
1273	0	1820488#11	0
1273	0	1820488#16	0
1273	0	238419#0	0
1273	0	269599#9	0
1273	0	393172#3	0
1273	0	54834#0	0
1273	0	54834#11	0
1273	0	54834#6	0
1273	0	54834#8	0
1273	0	84624#17	0
1273	0	84624#4	0
1273	0	949724#0	1
1276	0	158#8	0
1276	0	1824123#0	0
1276	0	324#7	0
1276	0	350859#19	0
1276	0	45343#110	0
1276	0	480905#0	0
1276	0	78445#0	0
1276	0	78445#1	0
1276	0	78445#4	0
1276	0	78445#5	0
1276	0	78462#1	0
1276	0	78462#5	1
1276	0	78462#9	0
130	0	1086227#0	0
130	0	127466#13	0
130	0	127466#15	0
130	0	150869#0	0
130	0	176680#4	0
130	0	305595#0	0
130	0	333895#1	0
130	0	337305#4	0
130	0	351407#0	0
130	0	354657#0	0
130	0	360815#6	0
130	0	363368#3	0
130	0	366808#2	0
130	0	370559#2	0
130	0	373212#3	0
130	0	42128#10	1
130	0	52138#14	0
130	0	593821#0	0
1301	0	1306790#11	0
1301	0	1307691#4	0
1301	0	1397601#0	0
1301	0	1397601#16	0
1301	0	1397601#22	0
1301	0	1397601#25	0
1301	0	1397601#26	0
1301	0	1397601#4	0
1301	0	1397601#6	0
1301	0	1397601#8	1
1301	0	1397601#9	0
1301	0	1401569#10	0
1301	0	1403291#23	0
1304	0	1066614#0	0
1304	0	1426505#0	0
1304	0	177275#1	0
1304	0	48189#12	0
1304	0	583877#0	0
1304	0	692908#0	0
1304	0	714111#1	0
1304	0	722279#1	0
1304	0	750718#0	0
1304	0	8859#0	0
1304	0	8859#11	1
1304	0	8859#14	0
1304	0	8859#3	0
1304	0	9784#1	0
1306	0	119235#2	0
1306	0	263294#2	1
1306	0	5819#5	0
1306	0	5827#1	0
1306	0	595270#3	0
1306	0	596616#1	0
1306	0	596916#2	0
1306	0	596940#1	1
1306	0	62454#1	0
1306	0	62454#2	0
1306	0	62454#6	0
1306	0	62469#0	0
1306	0	62984#1	0
1306	0	70557#1	0
1306	0	853089#1	0
1306	0	929008#1	0
1314	0	1073882#1	0
1314	0	1433753#1	0
1314	0	1487660#4	0
1314	0	1504360#3	0
1314	0	1885012#1	0
1314	0	1982727#1	0
1314	0	43724#1	0
1314	0	43724#37	0
1314	0	43724#4	0
1314	0	489877#0	0
1314	0	512168#2	0
1314	0	520691#4	0
1314	0	5300#3	0
1314	0	557413#1	0
1314	0	801013#1	0
1314	0	804858#2	0
1314	0	977428#0	1
1330	0	1203869#0	0
1330	0	1240891#0	0
1330	0	1374313#0	0
1330	0	1990111#0	0
1330	0	261019#0	1
1330	0	261019#1	0
1330	0	261019#11	0
1330	0	261019#26	0
1330	0	261019#32	0
1330	0	261019#4	0
1330	0	271047#1	0
1330	0	370559#0	0
1330	0	426#0	1
1330	0	426#4	0
1330	0	5303#1	0
1330	0	563996#1	0
1330	0	656757#2	0
1330	0	722600#0	0
1330	0	771075#1	0
1330	0	9724#5	0
1333	0	10174#8	0
1333	0	1063321#0	0
1333	0	1361843#1	0
1333	0	1479867#3	0
1333	0	1598734#4	1
1333	0	1820326#0	0
1333	0	2011985#0	0
1333	0	2011985#1	1
1333	0	2011985#2	0
1333	0	2011985#4	0
1333	0	2011985#9	0
1333	0	346436#3	0
1333	0	41331#33	0
1333	0	7753#0	1
1333	0	7753#51	0
1333	0	7766#28	0
1354	0	108027#2	0
1354	0	108034#5	0
1354	0	114195#1	0
1354	0	114195#2	0
1354	0	118535#0	0
1354	0	129438#0	1
1354	0	1311411#0	0
1354	0	2283749#6	0
1354	0	230972#0	0
1354	0	230972#1	0
1354	0	240410#4	1
1354	0	240410#5	0
1354	0	240410#6	0
1354	0	247635#23	0
1354	0	307762#1	0
1354	0	722262#0	0
1357	0	111538#7	0
1357	0	174392#12	0
1357	0	1762703#0	0
1357	0	1858493#0	0
1357	0	1924431#2	0
1357	0	223222#0	0
1357	0	786876#0	1
1357	0	786876#15	1
1357	0	786876#85	0
1357	0	8394#80	0
1357	0	8395#53	0
1357	0	91906#23	0
1357	0	9520#2	0
1368	0	115296#0	0
1368	0	1446181#0	1
1368	0	1925813#56	0
1368	0	247530#0	1
1368	0	34073#1	0
1368	0	372851#0	0
1368	0	460805#0	1
1368	0	504907#1	0
1368	0	509743#0	0
1368	0	52138#14	0
1368	0	54202#0	1
1368	0	54202#1	0
1368	0	611554#1	0
1368	0	611554#11	0
1368	0	795226#0	0
1368	0	857533#0	1
1378	0	10174#8	1
1378	0	1219894#4	0
1378	0	14220#13	0
1378	0	1481145#12	0
1378	0	1598734#4	0
1378	0	2011985#0	1
1378	0	2011985#4	0
1378	0	2011985#9	1
1378	0	39112#3	0
1378	0	423476#27	0
1378	0	424163#27	0
1378	0	50902#7	0
1378	0	7753#2	1
1378	0	7753#39	0
1378	0	7753#46	0
1378	0	7766#28	0
1391	0	122372#0	1
1391	0	122372#12	0
1391	0	122372#54	0
1391	0	122372#63	0
1391	0	122372#77	0
1391	0	1731627#3	0
1391	0	22966#1	0
1391	0	25620#2	0
1391	0	280#10	0
1391	0	390272#0	0
1391	0	46696#14	0
1391	0	4953#4	0
1391	0	61153#2	0
1391	0	69426#0	0
1399	0	11455#0	1
1399	0	11455#17	1
1399	0	11455#4	0
1399	0	177313#4	0
1399	0	177313#6	1
1399	0	179873#3	1
1399	0	1870732#1	0
1399	0	2044715#2	0
1399	0	44675#44	0
1399	0	896972#5	0
1399	0	95504#10	0
1399	0	95504#9	1
1400	0	118862#7	0
1400	0	12308#0	1
1400	0	12308#11	0
1400	0	12308#3	0
1400	0	138723#4	0
1400	0	1422493#0	0
1400	0	180858#3	0
1400	0	218178#2	0
1400	0	238791#0	0
1400	0	252817#1	0
1400	0	288275#0	1
1400	0	341561#0	0
1400	0	486711#0	0
1400	0	6372#37	0
1400	0	639252#13	0
1402	0	1330839#1	0
1402	0	1370062#0	0
1402	0	1806498#0	0
1402	0	1856500#4	1
1402	0	1857138#3	0
1402	0	1871467#2	0
1402	0	2377#19	0
1402	0	2379#2	0
1402	0	2403#0	0
1402	0	43942#2	0
1402	0	480367#1	0
1402	0	532#1	1
1402	0	532#9	0
1402	0	65135#6	0
1402	0	71280#0	0
1402	0	71280#3	0
1402	0	7212#1	0
1406	0	1648564#0	0
1406	0	2914#0	1
1406	0	2914#1	0
1406	0	48318#1	0
1406	0	539141#0	0
1406	0	54375#0	1
1406	0	54543#0	0
1406	0	54543#1	0
1406	0	659820#7	1
1406	0	715250#1	0
1406	0	91273#0	0
1409	0	114356#21	0
1409	0	114356#9	0
1409	0	1167710#1	0
1409	0	1236844#0	0
1409	0	1307250#2	0
1409	0	1311545#6	0
1409	0	1358741#7	0
1409	0	1481586#13	0
1409	0	1481586#14	0
1409	0	1481594#0	1
1409	0	1501354#0	0
1409	0	1501354#8	0
1409	0	2758#3	0
1436	0	1045802#0	0
1436	0	1161196#7	0
1436	0	155675#6	0
1436	0	1634267#2	0
1436	0	224065#0	1
1436	0	227255#13	0
1436	0	227255#7	0
1436	0	249707#0	0
1436	0	306139#5	0
1436	0	42284#0	0
1436	0	509765#1	0
1436	0	54851#0	0
1436	0	54851#2	1
1436	0	822349#0	0
1436	0	840964#0	0
1437	0	1390676#4	0
1437	0	194984#1	0
1437	0	31394#1	0
1437	0	890478#0	1
1437	0	890478#1	0
1437	0	890478#10	0
1437	0	890478#16	0
1437	0	890478#17	0
1437	0	890478#18	0
1437	0	890478#2	0
1437	0	890478#3	0
1437	0	890478#7	0
1437	0	890478#8	0
1440	0	189954#0	0
1440	0	317990#0	0
1440	0	35884#0	1
1440	0	35941#1	0
1440	0	35968#0	0
1440	0	35977#6	0
1440	0	47740#1	0
1440	0	5337#1	0
1440	0	534726#0	0
1440	0	665444#1	0
1440	0	686213#0	0
145	0	10235#1	0
145	0	10235#11	0
145	0	10235#27	0
145	0	10235#28	0
145	0	126257#0	0
145	0	1454550#0	1
145	0	1652347#0	0
145	0	1652369#0	0
145	0	1652371#0	0
145	0	1654944#9	0
145	0	285168#0	0
145	0	617286#0	0
145	0	684909#0	0
1450	0	120330#18	0
1450	0	120330#21	0
1450	0	120330#22	0
1450	0	12510#26	0
1450	0	12510#36	1
1450	0	1935799#0	0
1450	0	1935799#3	0
1450	0	1936807#3	0
1450	0	325776#27	0
1450	0	41665#0	0
1450	0	480131#22	0
1450	0	66956#33	0
1450	0	78913#2	0
1467	0	261019#0	1
1467	0	261019#1	1
1467	0	261019#11	1
1467	0	261019#29	0
1467	0	261019#30	0
1467	0	261019#4	0
1467	0	34765#24	1
1467	0	35288#11	0
1467	0	39367#48	0
1467	0	426#4	0
1467	0	432009#1	0
1467	0	523772#1	0
1467	0	622473#3	1
1467	0	656757#9	0
1467	0	9724#5	0
1467	0	9727#5	0
1476	0	1050794#0	0
1476	0	207596#1	0
1476	0	282208#1	0
1476	0	305228#5	0
1476	0	48020#13	1
1476	0	49945#2	0
1476	0	555240#0	0
1476	0	6257#11	0
1476	0	6257#16	0
1476	0	6257#17	0
1476	0	69788#1	0
1476	0	749806#0	1
1476	0	749806#1	0
1476	0	752766#0	1
1476	0	752766#2	0
1478	0	1059691#0	0
1478	0	1157620#2	0
1478	0	13287#10	0
1478	0	13287#13	0
1478	0	13287#15	0
1478	0	13287#2	0
1478	0	13287#27	0
1478	0	13287#4	1
1478	0	1398595#0	0
1478	0	387273#0	0
1478	0	602449#4	0
1478	0	674403#0	0
1491	0	1321784#0	1
1491	0	1610774#6	0
1491	0	1623473#0	0
1491	0	1629805#0	1
1491	0	183235#0	0
1491	0	183235#1	0
1491	0	2306916#0	1
1491	0	48427#0	1
1491	0	51373#0	0
1491	0	62448#0	1
1491	0	635213#1	1
1491	0	8399#0	1
1491	0	8399#12	0
1491	0	8399#87	1
1491	0	8399#92	1
1492	0	282510#49	0
1492	0	597594#76	0
1492	0	597594#84	0
1492	0	606069#1	1
1492	0	606069#10	0
1492	0	606069#3	0
1492	0	606069#6	0
1492	0	683273#16	0
1492	0	71434#3	0
1495	0	106344#0	0
1495	0	130395#2	0
1495	0	137552#0	0
1495	0	1414341#2	0
1495	0	1461#0	0
1495	0	14653#0	1
1495	0	200926#3	0
1495	0	278034#0	0
1495	0	37027#22	0
1495	0	39531#0	0
1495	0	5733#6	0
1495	0	660958#1	0
1495	0	81670#3	0
1495	0	885876#2	0
1497	0	1003694#12	0
1497	0	111054#18	0
1497	0	1228918#4	0
1497	0	14680#30	0
1497	0	1919208#21	0
1497	0	216025#71	0
1497	0	2531#96	0
1497	0	433527#5	0
1497	0	5181#0	0
1497	0	5181#14	0
1497	0	5181#2	0
1497	0	5181#3	1
1497	0	572923#26	0
1497	0	820843#20	0
1497	0	9244#7	0
1511	0	13201#3	0
1511	0	168101#4	1
1511	0	1754398#4	1
1511	0	30432#0	1
1511	0	32377#0	1
1511	0	32377#1	0
1511	0	32377#2	0
1511	0	32377#53	0
1511	0	32377#63	0
1511	0	348782#1	0
1511	0	35589#3	0
1511	0	38187#1	1
1511	0	600431#23	1
1511	0	967122#1	0
1518	0	118495#0	1
1518	0	118495#8	1
1518	0	12519#1	1
1518	0	12519#9	0
1518	0	12766#26	0
1518	0	12766#3	1
1518	0	12766#34	0
1518	0	12766#36	0
1518	0	1390384#0	0
1518	0	186740#0	0
1518	0	1984288#0	0
1518	0	636921#0	0
1518	0	636925#0	0
1518	0	675477#0	0
1520	0	1090902#3	1
1520	0	1090902#5	0
1520	0	1090902#9	1
1520	0	1478479#39	1
1520	0	1951060#20	0
1520	0	328305#1	0
1520	0	42416#0	0
1520	0	42416#10	0
1520	0	42416#25	0
1520	0	42416#28	0
1520	0	42416#30	0
1520	0	503074#41	1
1520	0	780994#22	1
1520	0	92951#14	0
1520	0	957863#1	0
1523	0	126366#0	0
1523	0	160415#0	0
1523	0	1629529#0	0
1523	0	1674838#0	0
1523	0	171642#0	0
1523	0	171643#0	0
1523	0	171643#8	0
1523	0	48345#0	1
1523	0	48345#12	0
1523	0	562780#1	0
1523	0	83#10	0
1523	0	83#12	1
1539	0	1109483#7	0
1539	0	121048#4	0
1539	0	1603523#0	0
1539	0	260503#1	1
1539	0	290870#0	0
1539	0	290870#2	0
1539	0	455032#6	0
1539	0	462647#1	0
1539	0	462664#1	0
1539	0	478324#0	0
1539	0	95916#3	1
1539	0	95916#40	0
155	0	197319#26	0
155	0	197319#3	0
155	0	197319#34	0
155	0	270729#0	0
155	0	270729#1	0
155	0	30974#17	0
155	0	577#47	0
155	0	6451#0	0
155	0	93331#0	0
155	0	93331#13	1
155	0	93331#4	0
155	0	93331#43	0
155	0	93331#45	0
155	0	93331#5	0
155	0	93331#66	0
1551	0	1095823#0	0
1551	0	1095823#2	0
1551	0	1095823#5	0
1551	0	33866#0	0
1551	0	33866#3	0
1551	0	46454#49	0
1551	0	47536#1	0
1551	0	49201#16	1
1551	0	55129#0	0
1551	0	670437#1	0
1551	0	688416#0	0
156	0	1160852#1	0
156	0	1234637#0	0
156	0	12811#0	1
156	0	12863#0	0
156	0	1289850#1	0
156	0	1320550#0	1
156	0	2182#0	0
156	0	299932#10	0
156	0	62321#0	0
156	0	688430#0	1
156	0	688568#0	0
156	0	725603#23	0
156	0	725603#29	0
156	0	988343#0	1
156	0	9939#3	1
1582	0	1115088#2	1
1582	0	1937183#5	0
1582	0	216096#1	0
1582	0	234912#3	0
1582	0	47385#0	1
1582	0	47385#14	0
1582	0	47385#15	0
1582	0	47385#5	0
1582	0	479362#0	0
1582	0	48470#0	0
1582	0	613478#7	0
1582	0	704953#2	0
1582	0	76034#30	0
1582	0	88750#0	0
1582	0	958927#2	1
159	0	1060485#0	0
159	0	15864#0	1
159	0	15864#23	0
159	0	15864#4	0
159	0	15864#50	0
159	0	15864#55	0
159	0	15864#56	0
159	0	1837354#61	0
159	0	269634#27	0
159	0	289815#10	0
159	0	371240#2	0
159	0	403050#0	0
159	0	450913#0	0
159	0	655639#1	0
159	0	657492#0	0
159	0	754#36	0
163	0	1375909#0	0
163	0	1740496#0	0
163	0	1799840#0	0
163	0	1800202#0	0
163	0	35008#0	1
163	0	44#0	1
163	0	44#2	0
163	0	44#3	0
163	0	558686#0	0
163	0	655164#0	0
163	0	717657#0	0
163	0	717713#0	1
163	0	718389#0	0
166	0	16010#0	1
166	0	16010#1	0
166	0	16010#2	0
166	0	16010#20	0
166	0	16010#4	0
166	0	171556#10	0
166	0	358154#3	0
166	0	359967#0	0
166	0	859299#2	0
166	0	90480#3	0
166	0	967709#0	0
166	0	993467#6	0
167	0	188609#21	0
167	0	191413#5	0
167	0	363412#29	0
167	0	38368#6	0
167	0	42367#6	1
167	0	444741#2	0
167	0	599573#30	0
167	0	73016#0	1
167	0	73016#17	0
167	0	73016#18	0
167	0	73016#4	0
167	0	73016#5	0
167	0	8440#10	0
167	0	85804#3	0
184	0	1327706#1	0
184	0	1578948#2	0
184	0	167547#0	0
184	0	200268#9	0
184	0	21905#2	0
184	0	21905#36	0
184	0	21905#40	1
184	0	21905#5	0
184	0	227513#4	0
184	0	27799#4	0
184	0	617673#0	0
184	0	79149#7	0
184	0	818047#1	0
199	0	149789#12	0
199	0	2026#19	0
199	0	2026#2	0
199	0	204550#1	0
199	0	211207#1	0
199	0	223587#1	0
199	0	239018#0	0
199	0	241789#88	0
199	0	460817#16	1
199	0	61117#4	0
199	0	737640#10	0
199	0	737640#9	0
199	0	76027#1	0
199	0	870047#17	0
199	0	870047#3	0
2	0	317339#0	0
2	0	317339#1	0
2	0	317339#11	0
2	0	317339#2	0
2	0	317339#3	0
2	0	317339#4	0
2	0	317339#5	0
2	0	317339#6	1
2	0	317339#7	0
2	0	317339#8	0
2	0	317339#9	0
2	0	478986#0	0
200	0	1321405#0	1
200	0	143805#0	0
200	0	224522#0	1
200	0	319778#2	0
200	0	364682#0	1
200	0	44831#0	0
200	0	633936#0	1
200	0	687542#0	1
200	0	688011#0	1
200	0	688109#0	0
200	0	688627#0	1
200	0	9828#0	1
200	0	9828#1	0
200	0	9828#11	0
200	0	9828#13	0
200	0	9828#14	0
200	0	9828#22	1
202	0	111903#0	1
202	0	111903#13	0
202	0	111903#2	1
202	0	111903#25	0
202	0	111903#28	0
202	0	111903#37	1
202	0	111903#38	1
202	0	111903#4	0
202	0	1391702#1	0
202	0	1493426#0	0
202	0	1493430#3	0
202	0	1493441#0	0
202	0	358379#0	0
202	0	358379#7	0
205	0	1345950#4	0
205	0	1345950#6	0
205	0	1345950#7	0
205	0	515793#2	0
205	0	539#2	0
205	0	570481#7	0
205	0	589231#6	0
205	0	623541#12	0
205	0	631651#2	1
205	0	631651#6	1
205	0	837708#0	0
205	0	93333#14	0
21	0	103224#0	1
21	0	1282008#3	0
21	0	1644190#26	0
21	0	1644190#66	0
21	0	173063#2	0
21	0	189586#1	0
21	0	1931802#1	0
21	0	195037#0	0
21	0	2008305#0	0
21	0	241789#4	0
21	0	304917#0	0
21	0	65777#4	0
21	0	81781#0	0
21	0	95488#37	0
21	0	979453#4	0
215	0	146165#30	0
215	0	1623985#114	1
215	0	1764699#0	0
215	0	1833844#0	0
215	0	535780#2	0
215	0	60510#0	0
215	0	60510#61	0
215	0	915425#0	0
215	0	915425#1	0
215	0	915425#42	0
215	0	915425#43	0
215	0	915425#44	0
215	0	915425#7	0
239	0	11098#0	1
239	0	11098#42	0
239	0	136412#8	0
239	0	163726#5	0
239	0	190440#9	0
239	0	220518#0	0
239	0	220919#1	0
239	0	2294135#0	0
239	0	2294164#0	0
239	0	2379172#0	0
239	0	2379179#0	0
239	0	2379183#0	0
239	0	2379190#0	0
239	0	2379192#0	0
239	0	347416#1	0
239	0	42203#7	0
239	0	626449#0	0
239	0	79196#4	0
239	0	807812#3	0
24	0	1855629#5	0
24	0	28059#10	0
24	0	291047#0	0
24	0	31078#9	0
24	0	31126#0	0
24	0	33866#0	0
24	0	47536#0	0
24	0	47536#1	1
24	0	55104#0	0
24	0	6291#13	0
24	0	91479#0	1
24	0	91479#1	0
242	0	10731#30	0
242	0	329194#2	1
242	0	33119#0	1
242	0	33119#13	1
242	0	33119#15	0
242	0	331653#0	0
242	0	331663#0	0
242	0	468833#0	0
242	0	684589#0	1
242	0	720992#0	1
242	0	721000#0	1
242	0	721029#0	1
247	0	1220060#0	0
247	0	1658879#3	0
247	0	1666758#1	0
247	0	1787212#2	0
247	0	1951529#0	0
247	0	2030146#1	0
247	0	226062#0	0
247	0	385529#0	0
247	0	476440#1	0
247	0	49131#0	0
247	0	564906#0	0
247	0	565042#0	0
247	0	711220#0	0
247	0	7437#0	1
247	0	9533#5	0
249	0	10169#0	1
249	0	111973#0	0
249	0	124441#0	1
249	0	124980#0	0
249	0	154671#2	0
249	0	267945#15	0
249	0	2871#0	1
249	0	2871#12	1
249	0	2871#3	1
249	0	330051#67	0
249	0	330051#68	0
249	0	498789#2	0
249	0	72221#0	0
249	0	758363#0	0
249	0	76061#0	0
249	0	88692#0	0
252	0	1004042#7	0
252	0	12471#2	1
252	0	12471#7	1
252	0	12471#9	0
252	0	1932401#42	0
252	0	2342#7	0
252	0	263176#15	0
252	0	263176#23	0
252	0	30210#1	0
252	0	319381#0	1
252	0	3411#6	0
252	0	38539#1	0
252	0	478434#2	0
252	0	678825#0	0
252	0	78673#2	0
252	0	979854#42	0
263	0	10336#0	1
263	0	131292#10	0
263	0	1462874#6	0
263	0	148159#0	0
263	0	163433#0	0
263	0	165395#80	0
263	0	179769#3	0
263	0	1998147#2	0
263	0	20658#4	0
263	0	402889#154	0
263	0	536825#0	0
263	0	7629#127	0
263	0	88378#12	0
263	0	917095#5	0
263	0	919307#2	0
263	0	98828#5	0
264	0	109296#5	1
264	0	118022#0	0
264	0	118022#1	0
264	0	118385#0	1
264	0	118385#12	0
264	0	2820#1	1
264	0	31307#5	0
264	0	4322#0	0
264	0	48325#3	0
264	0	50437#0	0
264	0	5102#52	0
264	0	5103#12	0
264	0	5534#0	0
264	0	8542#3	0
264	0	8542#32	0
268	0	1087697#0	0
268	0	1953654#0	0
268	0	2575#0	1
268	0	2575#18	0
268	0	2575#2	0
268	0	2575#3	0
268	0	2575#4	0
268	0	2575#43	0
268	0	2575#5	0
268	0	2575#6	0
268	0	2575#8	0
268	0	3657#1	0
268	0	4322#0	0
268	0	867768#0	0
268	0	915811#0	0
269	0	1347705#1	1
269	0	1376474#0	0
269	0	1792965#1	0
269	0	364682#0	1
269	0	40656#2	0
269	0	633936#0	1
269	0	633955#0	0
269	0	634485#0	0
269	0	682368#0	0
269	0	687542#0	1
269	0	720749#0	0
269	0	83649#26	0
269	0	9828#0	1
269	0	9828#11	0
269	0	9828#12	0
269	0	9828#13	0
269	0	9828#22	1
276	0	1319882#0	1
276	0	1713227#3	0
276	0	249#27	0
276	0	422953#10	1
276	0	4953#24	0
276	0	61667#14	0
276	0	6209#15	0
276	0	6209#18	0
276	0	6257#0	1
276	0	6257#4	1
276	0	6257#5	0
276	0	6627#1	0
276	0	6627#9	1
284	0	108027#2	0
284	0	108034#2	0
284	0	117469#2	0
284	0	129438#0	1
284	0	1311411#0	0
284	0	2283749#6	0
284	0	230972#0	0
284	0	230972#1	0
284	0	240410#4	1
284	0	240410#5	0
284	0	240410#6	0
284	0	240410#7	0
284	0	307762#1	0
284	0	500397#1	0
285	0	1021986#4	1
285	0	193899#0	0
285	0	295549#1	0
285	0	332170#0	0
285	0	332869#4	0
285	0	333072#1	1
285	0	38175#0	0
285	0	38175#106	0
285	0	38175#111	0
285	0	38175#115	1
285	0	38175#2	0
285	0	38175#51	0
285	0	38175#58	0
285	0	38175#61	0
285	0	38175#74	0
285	0	38175#91	0
285	0	4256#5	0
289	0	1046949#0	0
289	0	209450#1	0
289	0	209450#12	0
289	0	2283766#3	0
289	0	282910#0	1
289	0	369171#0	0
289	0	42165#51	0
289	0	431222#1	0
289	0	490143#0	0
289	0	606015#10	0
289	0	606015#14	0
289	0	606015#8	0
289	0	66873#2	0
289	0	6755#0	0
289	0	771075#1	0
289	0	987704#2	0
292	0	116551#9	1
292	0	14281#2	1
292	0	2002#15	0
292	0	240463#78	0
292	0	384513#27	0
292	0	39645#0	1
292	0	39645#60	0
292	0	39645#87	0
292	0	429864#11	0
292	0	432156#1	0
292	0	440816#46	1
292	0	54205#1	0
292	0	5430#39	0
292	0	6666#3	1
292	0	77670#9	0
292	0	965170#4	0
292	0	993646#3	0
294	0	100422#14	0
294	0	108498#1	0
294	0	165171#2	0
294	0	165171#3	0
294	0	2386#27	0
294	0	2386#28	0
294	0	360052#0	0
294	0	39344#6	0
294	0	40412#1	0
294	0	487516#0	1
294	0	541791#2	0
294	0	70090#2	0
303	0	127466#13	0
303	0	127466#15	0
303	0	13144#0	0
303	0	176680#4	0
303	0	301818#4	0
303	0	30233#8	0
303	0	333895#1	0
303	0	351407#0	0
303	0	360815#6	0
303	0	360815#7	0
303	0	363368#3	0
303	0	370559#2	0
303	0	38369#0	1
303	0	42377#0	1
303	0	50003#8	0
303	0	504907#1	0
303	0	52138#14	0
305	0	104206#1	0
305	0	1717994#0	0
305	0	175416#0	0
305	0	22614#1	0
305	0	2368#2	0
305	0	579559#0	0
305	0	63250#1	1
305	0	809#9	0
305	0	819#1	1
305	0	819#13	1
305	0	819#3	1
305	0	819#5	0
311	0	1062881#0	0
311	0	1250240#0	0
311	0	1250240#1	0
311	0	1275535#0	1
311	0	1275539#0	0
311	0	1297275#1	1
311	0	1421751#0	0
311	0	195925#0	1
311	0	30229#0	1
311	0	30229#2	0
311	0	529266#0	0
311	0	788342#0	1
311	0	9937#0	1
311	0	9937#13	1
311	0	9937#18	0
313	0	100515#11	0
313	0	1053327#15	0
313	0	11099#27	0
313	0	1310084#1	0
313	0	1328772#2	0
313	0	135352#11	0
313	0	141559#4	1
313	0	193577#4	1
313	0	209993#10	0
313	0	29495#31	1
313	0	42367#0	1
313	0	68892#3	0
313	0	70941#4	0
313	0	76487#2	0
313	0	769826#4	0
313	0	8440#15	0
317	0	11024#1	0
317	0	1872364#2	0
317	0	1980308#1	0
317	0	1984746#3	0
317	0	1984746#4	0
317	0	261591#3	0
317	0	297736#1	0
317	0	3217#8	0
317	0	34282#2	0
317	0	343158#2	0
317	0	366426#0	0
317	0	370067#3	0
317	0	423200#0	0
317	0	4953#7	0
317	0	571928#1	1
317	0	74067#0	0
317	0	74067#30	0
318	0	120419#0	0
318	0	12510#22	0
318	0	1625580#0	1
318	0	1891471#1	0
318	0	218031#0	0
318	0	2194742#0	0
318	0	342045#1	0
318	0	402861#19	0
318	0	419518#2	0
318	0	446032#13	0
318	0	493552#0	0
318	0	504520#2	0
318	0	629423#7	0
318	0	654067#1	0
318	0	654067#2	0
318	0	654067#8	0
325	0	1156331#16	0
325	0	265803#2	0
325	0	269489#1	0
325	0	269489#2	0
325	0	30212#0	1
325	0	30212#4	0
325	0	378669#5	0
325	0	41331#44	0
325	0	443412#3	0
325	0	465#33	0
325	0	7610#12	0
325	0	8373#11	0
325	0	85120#7	0
325	0	931759#1	0
334	0	10174#8	1
334	0	1361843#1	0
334	0	1598734#4	0
334	0	2011985#0	1
334	0	2011985#2	0
334	0	2011985#4	0
334	0	331437#33	0
334	0	346436#3	1
334	0	41331#33	0
334	0	519702#5	0
334	0	7753#0	1
334	0	7753#41	0
334	0	7753#46	0
334	0	7753#51	0
334	0	7766#28	0
334	0	7766#30	0
344	0	1086227#0	0
344	0	1203869#0	0
344	0	1376474#0	0
344	0	1641848#0	0
344	0	1731627#13	1
344	0	1923921#0	0
344	0	205904#0	0
344	0	207596#1	0
344	0	259#0	1
344	0	337305#1	0
344	0	40656#2	0
344	0	52138#14	0
344	0	558364#0	0
344	0	558686#0	0
347	0	12913#0	0
347	0	12913#1	0
347	0	12913#26	1
347	0	12913#28	0
347	0	12913#9	0
347	0	1333363#10	1
347	0	1987274#9	0
347	0	22889#3	0
347	0	306139#5	0
347	0	3724#63	1
347	0	410215#4	0
347	0	55117#5	0
347	0	704764#0	0
347	0	704764#1	1
347	0	837959#1	0
356	0	1098122#2	0
356	0	12471#12	0
356	0	14285#38	0
356	0	1611070#17	0
356	0	38499#14	0
356	0	38499#2	0
356	0	38499#4	0
356	0	46478#0	1
356	0	54391#2	1
356	0	61527#1	1
356	0	61527#18	1
356	0	61527#19	0
356	0	754#19	0
356	0	909301#7	0
356	0	980514#56	0
36	0	1056431#0	0
36	0	1068632#3	0
36	0	129718#31	0
36	0	1317720#0	0
36	0	1642132#1	0
36	0	1807586#1	0
36	0	1807586#3	0
36	0	1807586#4	0
36	0	1909112#4	0
36	0	1909112#5	0
36	0	1909112#6	0
36	0	1927514#0	0
36	0	1953608#1	1
36	0	665032#14	0
36	0	753625#9	0
36	0	946869#0	0
364	0	1073374#0	0
364	0	125635#8	1
364	0	166034#1	0
364	0	1872695#22	0
364	0	209710#1	0
364	0	209710#14	0
364	0	209710#16	0
364	0	209710#2	0
364	0	209710#38	0
364	0	216725#6	0
364	0	227433#5	0
364	0	227433#6	0
364	0	2281574#0	0
364	0	241789#1	0
364	0	241789#14	0
364	0	360402#3	0
364	0	495030#8	0
364	0	7083#10	0
369	0	1139604#12	0
369	0	1312817#0	0
369	0	1972298#0	0
369	0	1992953#0	0
369	0	2182#3	0
369	0	231433#10	1
369	0	231433#19	1
369	0	52187#80	0
369	0	71578#0	0
369	0	71578#1	0
369	0	71578#2	1
369	0	71578#3	1
369	0	733754#0	0
369	0	762#5	0
369	0	95869#0	0
37	0	1738890#3	1
37	0	2193#0	1
37	0	21989#0	0
37	0	22033#2	0
37	0	297783#23	0
37	0	30940#2	0
37	0	413259#0	0
37	0	533389#0	0
37	0	534180#1	0
37	0	61510#0	0
37	0	68466#0	0
37	0	709028#25	0
37	0	785553#0	0
37	0	81670#4	1
373	0	1822312#23	0
373	0	255848#14	0
373	0	255848#5	0
373	0	255864#1	0
373	0	282453#14	0
373	0	282453#21	0
373	0	346439#2	0
373	0	391081#5	0
373	0	68003#0	1
373	0	68003#2	0
373	0	68003#3	0
373	0	68008#3	0
389	0	1192815#0	1
389	0	1192815#2	0
389	0	1216109#0	0
389	0	12969#6	0
389	0	203837#0	0
389	0	203837#4	0
389	0	203837#6	0
389	0	203837#7	0
389	0	502186#28	0
389	0	510922#2	0
389	0	900076#2	0
389	0	993807#10	0
389	0	993807#7	0
389	0	993807#8	0
4	0	13627#0	0
4	0	1610122#0	0
4	0	1616446#0	0
4	0	1877413#1	0
4	0	19803#0	0
4	0	19803#1	0
4	0	19803#2	0
4	0	3462#0	1
4	0	3462#1	0
4	0	3462#2	1
4	0	3462#3	0
4	0	585718#1	1
4	0	826710#0	0
4	0	826964#0	0
40	0	106531#3	0
40	0	11394#9	0
40	0	1240628#12	0
40	0	1375909#0	0
40	0	44#0	1
40	0	44#2	0
40	0	44#3	0
40	0	46196#0	0
40	0	47832#0	0
40	0	47833#7	0
40	0	53471#0	0
40	0	648890#6	0
40	0	717645#0	0
403	0	1825239#2	0
403	0	30065#0	0
403	0	340083#11	0
403	0	498547#1	0
403	0	511726#0	0
403	0	66067#4	0
403	0	66067#5	0
403	0	69816#0	1
403	0	69827#9	0
403	0	915952#0	1
403	0	915952#3	0
403	0	915968#0	0
405	0	103720#3	1
405	0	115316#0	1
405	0	212906#0	1
405	0	212906#1	1
405	0	30231#0	1
405	0	359075#2	0
405	0	36012#1	1
405	0	700308#0	1
405	0	700428#0	1
405	0	700841#0	0
405	0	701008#0	1
405	0	701861#0	1
405	0	702067#0	0
409	0	1214396#4	0
409	0	176641#1	0
409	0	321326#4	0
409	0	417545#1	0
409	0	5222#9	0
409	0	536047#0	1
409	0	536047#3	0
409	0	536047#5	1
409	0	572087#2	0
409	0	57242#0	1
409	0	64865#13	1
409	0	67887#2	0
409	0	77178#1	0
409	0	95494#5	0
412	0	179179#0	1
412	0	179179#11	0
412	0	179179#13	0
412	0	179179#16	0
412	0	179179#17	0
412	0	179179#3	0
412	0	179179#4	0
412	0	179179#5	0
412	0	179179#8	0
412	0	179179#9	0
412	0	222748#2	0
412	0	321181#30	0
423	0	1190499#2	0
423	0	12537#1	1
423	0	1256398#3	0
423	0	133842#1	0
423	0	193177#10	0
423	0	215126#3	0
423	0	261911#0	1
423	0	261911#3	0
423	0	308846#0	0
423	0	368505#5	0
423	0	52136#5	0
423	0	54301#17	0
423	0	716148#7	0
423	0	76783#18	0
423	0	95490#0	1
423	0	95490#1	1
423	0	95490#14	0
425	0	635399#0	1
425	0	635399#1	0
425	0	635399#13	0
425	0	635399#15	0
425	0	635399#16	0
425	0	635399#2	0
425	0	635399#20	0
425	0	635399#21	0
425	0	635399#22	0
425	0	635399#23	0
425	0	635399#24	0
425	0	635399#3	0
425	0	635399#4	0
425	0	635399#5	0
426	0	1058778#0	0
426	0	244825#6	0
426	0	244831#1	0
426	0	276531#6	0
426	0	296590#7	0
426	0	554667#4	0
426	0	562180#12	1
426	0	562180#2	0
426	0	562180#3	0
426	0	56792#12	0
426	0	772594#2	0
426	0	851752#5	0
426	0	95496#22	0
426	0	95499#4	0
440	0	1016438#9	0
440	0	1777185#71	0
440	0	2027838#40	0
440	0	231433#20	1
440	0	255735#43	1
440	0	263176#3	0
440	0	325832#6	0
440	0	404630#34	1
440	0	48338#6	0
440	0	565127#1	0
440	0	82007#12	0
440	0	9203#0	0
440	0	9203#2	0
440	0	936772#30	0
440	0	95068#51	0
448	0	11055#3	0
448	0	1161196#7	0
448	0	121328#9	0
448	0	1704979#1	0
448	0	173506#22	0
448	0	193178#4	0
448	0	230006#0	0
448	0	288166#3	0
448	0	31148#46	1
448	0	647145#18	1
448	0	752898#1	0
448	0	77667#0	1
448	0	77667#10	0
448	0	910383#55	0
45	0	154067#0	0
45	0	1613636#0	0
45	0	1613636#1	0
45	0	261405#36	0
45	0	261591#3	0
45	0	276000#5	0
45	0	34282#2	0
45	0	395679#1	0
45	0	432258#0	1
45	0	468617#0	0
45	0	55611#21	0
45	0	736059#1	0
45	0	74067#0	0
45	0	74067#102	0
45	0	74067#71	0
450	0	13386#5	0
450	0	134211#1	1
450	0	1595616#0	0
450	0	183876#2	1
450	0	200989#3	0
450	0	228024#1	0
450	0	241789#28	0
450	0	241789#48	0
450	0	24765#2	0
450	0	25541#4	1
450	0	282140#0	0
450	0	40986#4	0
450	0	426766#0	0
450	0	46391#3	0
450	0	50254#2	0
450	0	609105#1	0
450	0	617704#1	0
450	0	7285#6	0
460	0	123820#0	0
460	0	157718#25	0
460	0	1837285#2	0
460	0	234638#0	0
460	0	31101#10	0
460	0	31101#12	0
460	0	31101#14	0
460	0	31101#19	0
460	0	31101#28	0
460	0	31101#5	1
460	0	31101#6	0
460	0	49076#13	0
460	0	511922#3	0
460	0	54147#0	0
460	0	54147#11	0
460	0	54153#0	0
460	0	636328#0	0
474	0	119516#1	0
474	0	177085#0	0
474	0	187651#0	1
474	0	188435#0	0
474	0	188445#0	0
474	0	189039#0	0
474	0	193947#0	0
474	0	193971#0	0
474	0	202997#0	0
474	0	203571#0	0
474	0	204575#0	0
474	0	324694#1	0
474	0	332170#0	0
474	0	38165#0	0
474	0	38175#106	0
474	0	39367#0	0
485	0	1027246#28	0
485	0	144999#8	0
485	0	151842#34	0
485	0	151842#47	0
485	0	151842#52	0
485	0	1794854#0	1
485	0	1795001#1	1
485	0	19801#0	1
485	0	746535#0	1
485	0	747109#0	1
485	0	747555#0	1
485	0	747914#0	1
485	0	9445#0	1
485	0	9445#3	1
485	0	982681#0	1
486	0	1825542#37	1
486	0	211789#4	1
486	0	255735#34	0
486	0	268265#3	0
486	0	3208#0	1
486	0	3208#1	0
486	0	3208#20	0
486	0	3208#3	0
486	0	3208#4	0
486	0	3208#7	0
486	0	3208#8	0
486	0	371558#42	0
486	0	714169#11	1
486	0	859839#52	0
49	0	102500#1	1
49	0	119391#1	0
49	0	168140#4	0
49	0	168141#2	0
49	0	332736#1	0
49	0	3377#8	0
49	0	64205#2	0
49	0	66711#1	0
49	0	66711#12	0
49	0	66711#16	0
49	0	66711#21	0
49	0	75471#4	0
49	0	90141#10	0
49	0	90143#10	0
49	0	90143#8	0
49	0	96687#6	0
494	0	12899#0	0
494	0	208933#18	0
494	0	282365#0	0
494	0	282365#2	0
494	0	282365#3	0
494	0	282365#5	0
494	0	33476#4	0
494	0	38017#1	1
494	0	38017#3	0
494	0	38017#4	0
494	0	38017#7	0
494	0	40131#1	0
494	0	8783#1	0
494	0	8783#7	0
496	0	1034307#0	0
496	0	1125129#0	0
496	0	1125129#2	0
496	0	1126364#0	0
496	0	1126364#1	0
496	0	1126368#0	0
496	0	1855629#5	0
496	0	2554#0	1
496	0	2554#6	0
496	0	31077#0	0
496	0	46953#0	0
496	0	53952#0	0
496	0	55133#0	0
496	0	95500#0	0
504	0	178809#1	0
504	0	224232#0	0
504	0	226401#1	0
504	0	226411#1	0
504	0	228093#4	0
504	0	23206#0	0
504	0	23206#1	0
504	0	23207#15	0
504	0	288574#3	1
504	0	453123#2	0
504	0	676245#5	0
504	0	82319#6	0
504	0	82319#8	0
523	0	11017#0	1
523	0	11017#1	0
523	0	11017#53	0
523	0	11017#55	1
523	0	11017#65	0
523	0	11020#0	0
523	0	2335211#0	0
523	0	250191#3	0
523	0	276782#13	1
523	0	278931#6	0
523	0	410520#0	0
523	0	6600#1	0
523	0	68578#20	0
523	0	74134#19	1
546	0	121590#6	0
546	0	1365716#2	0
546	0	258632#12	0
546	0	267279#11	0
546	0	331898#9	0
546	0	335475#7	0
546	0	41646#0	0
546	0	489833#1	0
546	0	662376#5	0
546	0	69425#4	0
546	0	74245#13	0
546	0	79118#5	0
546	0	8656#1	0
546	0	8670#1	0
546	0	939903#5	1
552	0	1078766#3	0
552	0	121710#1	0
552	0	121710#17	0
552	0	121710#2	0
552	0	121710#23	0
552	0	121710#33	0
552	0	121710#35	0
552	0	121710#50	0
552	0	121710#57	0
552	0	121710#58	0
552	0	121710#7	1
552	0	131647#2	0
552	0	178575#1	1
552	0	178575#3	0
552	0	2051055#1	0
552	0	46202#2	0
557	0	1139604#12	0
557	0	1364203#0	0
557	0	280501#2	0
557	0	49979#0	0
557	0	49979#1	0
557	0	49979#11	0
557	0	49979#12	0
557	0	49979#5	0
557	0	49979#7	1
557	0	49979#8	0
557	0	704479#11	0
558	0	135929#4	0
558	0	147960#2	0
558	0	190419#1	0
558	0	22228#4	0
558	0	22228#5	0
558	0	22228#51	1
558	0	249#116	1
558	0	31624#0	0
558	0	476114#1	0
558	0	520741#39	1
558	0	654#13	1
558	0	761738#5	0
573	0	1002051#0	0
573	0	1011877#0	1
573	0	1084675#0	1
573	0	1453#1	1
573	0	1453#2	0
573	0	1453#26	0
573	0	1453#42	1
573	0	150293#1	1
573	0	150293#2	0
573	0	162793#0	1
573	0	240419#0	1
573	0	240419#2	1
573	0	35026#0	1
573	0	35026#11	1
573	0	595723#0	0
573	0	665471#0	1
575	0	13275#1	0
575	0	13275#4	0
575	0	13275#5	0
575	0	215531#5	0
575	0	271517#5	0
575	0	271517#9	0
575	0	280499#2	0
575	0	297626#0	1
575	0	33408#8	1
575	0	66450#10	0
575	0	66450#15	0
575	0	66450#8	0
575	0	752361#30	0
58	0	105763#6	0
58	0	112063#1	1
58	0	112063#10	0
58	0	12308#0	0
58	0	12308#17	1
58	0	12308#28	0
58	0	1845937#2	0
58	0	341594#5	0
58	0	6277#19	0
58	0	73593#1	0
58	0	75900#3	0
58	0	95068#35	1
58	0	95068#36	0
58	0	95068#43	0
586	0	1007597#2	0
586	0	13834#5	0
586	0	1748960#2	1
586	0	404630#30	0
586	0	404630#7	0
586	0	446672#5	0
586	0	50672#1	0
586	0	50672#22	1
586	0	50672#24	1
586	0	50672#32	1
586	0	50672#34	0
586	0	595594#1	1
586	0	918490#2	0
586	0	974308#1	0
591	0	1768070#6	0
591	0	193046#0	1
591	0	193046#13	0
591	0	193046#14	0
591	0	193046#15	0
591	0	193046#4	0
591	0	193046#5	1
591	0	2575#51	0
591	0	2575#58	0
591	0	529112#24	0
591	0	538363#23	0
591	0	681561#1	0
597	0	1028891#2	0
597	0	1107396#0	0
597	0	1171298#4	0
597	0	172530#2	0
597	0	176498#14	0
597	0	29066#1	0
597	0	344405#0	0
597	0	404076#2	0
597	0	415253#0	1
597	0	507179#3	0
597	0	507251#1	0
597	0	554180#2	0
597	0	700631#0	0
597	0	72789#17	0
597	0	919530#29	0
597	0	945179#9	0
597	0	95490#0	1
597	0	95526#3	0
606	0	11020#23	0
606	0	1199081#0	0
606	0	131726#1	0
606	0	1887488#12	0
606	0	2376047#0	0
606	0	2376066#0	0
606	0	2379172#0	0
606	0	2379179#0	0
606	0	2379183#0	0
606	0	2379190#0	0
606	0	2379192#0	0
606	0	585224#0	0
606	0	6385#3	0
606	0	6385#5	0
606	0	6443#2	0
606	0	6554#0	0
606	0	6608#108	0
606	0	675342#15	0
606	0	867281#3	1
608	0	1051450#0	1
608	0	1116483#2	0
608	0	150901#0	0
608	0	274083#1	0
608	0	274083#2	0
608	0	30783#1	1
608	0	30983#10	0
608	0	30983#12	0
608	0	30983#2	0
608	0	343306#30	0
608	0	416727#3	0
608	0	648067#3	0
608	0	6483#13	1
61	0	1180196#5	0
61	0	1618626#1	0
61	0	1618626#3	0
61	0	241469#0	0
61	0	280556#4	0
61	0	280556#5	0
61	0	369316#1	0
61	0	419454#48	0
61	0	4417#1	0
61	0	608643#1	0
61	0	762#5	0
61	0	8949#0	0
61	0	92808#0	1
61	0	92808#1	0
613	0	10822#0	0
613	0	10822#1	0
613	0	1461#26	0
613	0	253274#5	0
613	0	317595#1	0
613	0	33082#0	1
613	0	33111#0	1
613	0	34156#3	0
613	0	5171#3	0
613	0	5741#0	0
613	0	624582#0	1
613	0	637931#1	0
613	0	80038#4	0
613	0	81670#3	0
613	0	95490#8	0
613	0	95913#18	0
629	0	1024118#3	0
629	0	1041972#0	0
629	0	1041972#1	0
629	0	1429578#0	1
629	0	1442808#0	0
629	0	1477839#0	0
629	0	157795#1	0
629	0	1824441#0	0
629	0	223038#0	0
629	0	223038#1	0
629	0	223038#2	0
629	0	223038#3	0
629	0	223038#5	0
629	0	770287#0	0
635	0	254287#11	1
635	0	254287#2	0
635	0	254287#6	0
635	0	263924#2	0
635	0	266795#1	0
635	0	277330#5	0
635	0	288487#12	0
635	0	31138#2	0
635	0	349539#2	0
635	0	447868#11	0
635	0	46023#3	0
635	0	689548#8	0
635	0	9724#5	0
644	0	144999#41	0
644	0	1461410#3	0
644	0	1777185#71	1
644	0	2027237#0	0
644	0	231433#20	1
644	0	245018#2	0
644	0	255735#43	0
644	0	325832#11	1
644	0	404630#34	1
644	0	770940#4	0
644	0	8962#13	0
644	0	901072#47	0
644	0	9203#0	1
644	0	9203#2	0
657	0	1191338#7	0
657	0	134995#8	0
657	0	219341#2	0
657	0	23282#1	1
657	0	281688#1	0
657	0	34156#0	0
657	0	37766#75	0
657	0	41362#1	0
657	0	554180#2	0
657	0	5741#0	0
657	0	61402#1	0
657	0	72789#3	0
657	0	72789#7	0
657	0	87450#0	0
657	0	95911#18	0
679	0	13686#0	0
679	0	2868#0	1
679	0	2868#1	0
679	0	2868#2	1
679	0	2868#21	0
679	0	2868#30	1
679	0	2868#38	0
679	0	2868#56	0
679	0	2868#58	0
679	0	2868#8	0
679	0	2868#9	1
679	0	51770#1	0
679	0	61362#0	0
679	0	784290#1	1
679	0	884409#0	0
68	0	1618338#0	0
68	0	1618339#0	0
68	0	1809633#0	0
68	0	259#1	0
68	0	259#20	1
68	0	259#35	0
68	0	40442#1	0
68	0	5845#2	0
68	0	662331#0	1
68	0	683652#0	0
68	0	7082#6	1
68	0	835861#0	0
68	0	845390#0	0
691	0	11772#0	1
691	0	1231845#0	0
691	0	1352118#0	0
691	0	1353128#0	0
691	0	1353484#0	0
691	0	1656902#19	0
691	0	1949679#0	0
691	0	203299#43	1
691	0	216003#4	0
691	0	2325821#0	0
691	0	50237#25	0
691	0	685877#0	0
691	0	7757#0	1
691	0	848402#1	0
691	0	864181#0	1
693	0	1454680#1	1
693	0	1982622#4	0
693	0	1996252#4	0
693	0	263927#8	0
693	0	371005#10	0
693	0	395835#1	0
693	0	501383#16	0
693	0	502361#33	0
693	0	510529#0	0
693	0	64649#35	0
693	0	654102#0	0
693	0	670379#1	0
693	0	795529#0	0
693	0	85120#2	0
693	0	85120#5	0
693	0	90179#1	0
695	0	114356#16	0
695	0	114356#21	1
695	0	114356#29	0
695	0	114356#32	0
695	0	114356#35	0
695	0	114356#7	0
695	0	1167710#1	0
695	0	1307250#0	0
695	0	1311545#1	0
695	0	1311564#1	1
695	0	1434418#0	0
695	0	1467058#1	0
695	0	1501354#0	0
695	0	1658485#0	0
695	0	718147#3	0
700	0	1816133#1	1
700	0	1816133#2	0
700	0	197498#2	0
700	0	2492#2	0
700	0	270904#0	1
700	0	270904#1	0
700	0	270904#11	0
700	0	270904#28	0
700	0	270904#4	0
700	0	270904#8	0
700	0	300595#1	1
700	0	4468#31	0
700	0	4468#32	1
700	0	4468#33	0
718	0	1656948#41	1
718	0	185335#10	0
718	0	185335#2	0
718	0	265096#1	0
718	0	30555#1	0
718	0	5197#11	0
718	0	681#0	0
718	0	713807#0	0
718	0	713807#19	0
718	0	717487#0	0
718	0	717487#1	0
718	0	717487#2	0
718	0	717487#3	0
718	0	8798#18	0
718	0	9586#46	0
720	0	109750#0	0
720	0	1202713#4	0
720	0	12999#10	0
720	0	238250#0	1
720	0	238250#1	0
720	0	238250#22	0
720	0	238250#3	0
720	0	238250#9	0
720	0	454216#1	0
720	0	454216#19	0
720	0	454216#2	0
720	0	454216#21	0
720	0	646362#7	0
731	0	1202999#0	0
731	0	1202999#4	0
731	0	1202999#9	0
731	0	1203159#5	0
731	0	1204357#11	1
731	0	1204357#4	0
731	0	1204357#5	0
731	0	1306080#31	0
731	0	1376980#3	0
731	0	1951205#2	0
731	0	1952864#15	0
731	0	1952864#26	0
731	0	242664#0	0
755	0	151842#34	0
755	0	151842#47	0
755	0	151842#52	0
755	0	1794854#0	1
755	0	19801#0	1
755	0	48056#0	0
755	0	746535#0	1
755	0	747109#0	1
755	0	747555#0	1
755	0	747579#0	1
755	0	747914#0	1
755	0	9445#0	1
755	0	9445#3	1
755	0	982464#0	0
755	0	982681#0	1
758	0	1008934#0	0
758	0	230975#0	0
758	0	256214#0	0
758	0	261959#6	0
758	0	263136#0	0
758	0	323589#0	0
758	0	324980#0	0
758	0	473095#0	1
758	0	67403#0	0
758	0	67435#39	0
758	0	74812#0	0
758	0	77264#0	0
758	0	91931#255	0
758	0	95502#7	0
763	0	1905296#1	0
763	0	255340#1	1
763	0	255340#10	0
763	0	255340#11	0
763	0	255340#12	0
763	0	255340#14	0
763	0	255340#19	0
763	0	255340#20	0
763	0	255340#21	0
763	0	255340#23	0
763	0	255340#28	0
763	0	603890#0	0
769	0	1203869#0	0
769	0	1240891#0	0
769	0	1249823#0	0
769	0	1250208#0	0
769	0	12517#1	1
769	0	1501334#1	0
769	0	1923921#0	0
769	0	19823#2	0
769	0	2031474#14	0
769	0	282208#1	0
769	0	558364#0	0
769	0	558686#0	0
769	0	655693#3	0
769	0	8759#10	1
769	0	8759#4	1
777	0	1013174#2	0
777	0	1014361#4	0
777	0	105745#0	1
777	0	2026#19	0
777	0	2026#2	0
777	0	2026#66	0
777	0	2032672#1	0
777	0	204550#1	0
777	0	223114#1	0
777	0	239018#0	0
777	0	241789#88	0
777	0	460817#16	1
777	0	61117#0	0
777	0	61117#3	0
777	0	61117#4	0
806	0	1093770#0	0
806	0	113680#0	0
806	0	146622#3	0
806	0	149#0	0
806	0	1734465#1	0
806	0	181193#0	0
806	0	234578#0	0
806	0	2492#0	0
806	0	293163#0	0
806	0	293537#0	0
806	0	371807#1	1
806	0	431841#15	0
806	0	4468#22	0
806	0	67464#0	0
806	0	808827#0	0
806	0	882215#3	0
806	0	933210#0	0
811	0	1164599#0	1
811	0	123036#0	0
811	0	13747#0	0
811	0	13747#1	1
811	0	13747#15	1
811	0	145015#33	0
811	0	2006989#0	0
811	0	2006989#1	0
811	0	404630#47	0
811	0	606866#0	0
811	0	678034#1	0
811	0	765006#0	0
811	0	805110#0	0
811	0	99960#1	0
827	0	1326286#1	0
827	0	1355283#1	0
827	0	1355667#2	0
827	0	1378036#0	0
827	0	1427340#1	0
827	0	1793475#2	0
827	0	919934#0	1
827	0	919934#11	0
827	0	919934#15	0
827	0	919934#18	0
827	0	919934#27	0
827	0	919934#6	0
827	0	919934#8	0
829	0	1435916#0	0
829	0	156241#4	0
829	0	186974#0	1
829	0	186974#1	1
829	0	186974#2	0
829	0	224834#0	0
829	0	260884#7	1
829	0	267414#1	1
829	0	3966#1	1
829	0	3966#22	0
829	0	3966#23	1
829	0	401610#16	0
829	0	401610#9	0
829	0	404524#4	0
829	0	414597#1	0
834	0	1053471#3	0
834	0	1213024#0	1
834	0	1213024#11	0
834	0	1213024#17	0
834	0	1213024#21	0
834	0	1213024#3	0
834	0	1213024#33	0
834	0	1213024#39	0
834	0	1213024#40	0
834	0	1964558#0	0
834	0	212269#40	0
834	0	72329#0	0
834	0	913730#0	0
838	0	11097#15	0
838	0	121663#133	0
838	0	1296503#2	0
838	0	190440#8	0
838	0	222534#19	0
838	0	278634#6	0
838	0	279395#4	0
838	0	280069#3	0
838	0	432786#7	0
838	0	51411#9	0
838	0	6385#0	1
838	0	6385#11	0
838	0	6385#41	0
838	0	6608#83	0
838	0	815752#1	0
838	0	816132#8	0
848	0	106540#26	0
848	0	111769#0	0
848	0	117755#0	0
848	0	1458#0	1
848	0	1458#27	0
848	0	1458#71	1
848	0	1877356#1	1
848	0	322208#0	0
848	0	322480#0	0
848	0	719605#0	0
848	0	719708#7	0
848	0	86222#2	0
848	0	86240#0	1
848	0	91080#0	0
88	0	1049946#8	0
88	0	1148946#0	0
88	0	1158715#0	1
88	0	1172510#2	1
88	0	129866#3	0
88	0	245404#10	0
88	0	245404#12	0
88	0	245404#14	0
88	0	245404#16	0
88	0	245404#18	0
88	0	245404#2	0
88	0	501722#0	1
88	0	548275#0	0
88	0	880642#2	0
881	0	11792#10	0
881	0	11792#11	0
881	0	11792#5	0
881	0	1316958#0	0
881	0	1834264#23	0
881	0	279757#4	0
881	0	291506#1	0
881	0	358513#0	1
881	0	38872#5	0
881	0	604884#0	0
881	0	64566#0	0
881	0	64566#14	0
881	0	899589#1	0
883	0	10336#1	0
883	0	10336#23	0
883	0	1306015#2	1
883	0	1777185#87	0
883	0	1852#28	0
883	0	2384989#2	0
883	0	240463#52	0
883	0	266119#6	0
883	0	283399#0	1
883	0	35370#0	0
883	0	529825#1	0
883	0	581031#1	0
883	0	632076#15	0
883	0	655730#2	0
883	0	754#17	0
883	0	798114#49	0
883	0	920274#0	0
883	0	936772#0	0
883	0	936772#58	0
897	0	109725#0	0
897	0	109725#1	0
897	0	1601409#3	0
897	0	248192#6	0
897	0	822027#0	0
897	0	83241#0	0
897	0	83241#2	1
897	0	83241#3	0
897	0	83241#4	0
897	0	83241#5	0
897	0	83242#2	0
897	0	963116#2	0
901	0	1383926#1	0
901	0	1630967#4	0
901	0	1704979#1	0
901	0	171258#11	0
901	0	1749571#2	0
901	0	2335211#0	0
901	0	2715#46	0
901	0	84357#0	0
901	0	9341#0	1
901	0	9341#1	0
901	0	9341#2	0
901	0	9341#3	0
901	0	9341#5	0
901	0	957404#0	0
906	0	1097161#0	0
906	0	1169849#0	0
906	0	1291853#0	0
906	0	1405267#0	0
906	0	172658#0	0
906	0	172658#10	1
906	0	1977064#0	0
906	0	272554#0	0
906	0	56374#1	0
906	0	611141#0	0
906	0	706471#0	0
906	0	811001#0	0
907	0	1081785#1	0
907	0	1350042#0	0
907	0	1350631#0	0
907	0	1940759#0	0
907	0	277572#0	0
907	0	406753#1	0
907	0	44878#0	0
907	0	752241#0	0
907	0	7567#0	1
907	0	7567#12	1
907	0	95069#0	1
907	0	95069#19	1
915	0	104787#7	0
915	0	10738#7	0
915	0	13460#0	0
915	0	13460#19	0
915	0	13460#2	1
915	0	13460#3	0
915	0	15333#4	0
915	0	1609523#0	0
915	0	164825#4	0
915	0	33844#1	1
915	0	354497#0	0
915	0	685048#3	1
915	0	735271#8	1
915	0	89187#1	0
919	0	1022041#0	0
919	0	1762674#8	0
919	0	1771452#0	0
919	0	1777598#0	0
919	0	1786307#0	0
919	0	1825542#52	0
919	0	1826443#60	0
919	0	1866238#0	0
919	0	1884458#1	0
919	0	319433#0	0
919	0	368487#0	0
919	0	39885#0	1
919	0	39885#80	0
919	0	95743#4	0
927	0	13460#12	0
927	0	13460#14	0
927	0	13460#2	1
927	0	13460#4	0
927	0	13463#1	0
927	0	1463824#1	0
927	0	1465044#0	0
927	0	1465044#1	0
927	0	156720#0	0
927	0	1787889#1	0
927	0	22033#12	0
927	0	269574#0	0
927	0	282106#0	0
927	0	484949#7	0
930	0	1034447#0	0
930	0	1034447#2	0
930	0	1404#7	0
930	0	2911#8	0
930	0	308347#1	0
930	0	313738#3	0
930	0	482123#7	0
930	0	482807#1	0
930	0	482807#2	0
930	0	700#0	0
930	0	700#1	1
930	0	700#2	0
930	0	753688#5	0
931	0	1036791#1	1
931	0	1046895#2	1
931	0	11767#0	1
931	0	11767#1	1
931	0	11767#5	0
931	0	1617481#0	1
931	0	1621360#5	1
931	0	185124#0	1
931	0	218095#1	0
931	0	232130#0	1
931	0	2870#0	1
931	0	47741#3	1
932	0	1100870#1	0
932	0	1161196#7	0
932	0	146353#16	0
932	0	146353#17	0
932	0	1579298#1	0
932	0	1729850#1	0
932	0	1758023#1	0
932	0	194568#1	0
932	0	217086#4	0
932	0	2259518#2	0
932	0	2746#0	1
932	0	61504#73	0
932	0	675342#15	0
932	0	73674#2	0
934	0	1080723#56	0
934	0	1100146#3	0
934	0	128316#0	1
934	0	128316#3	0
934	0	128316#5	0
934	0	128316#8	0
934	0	1811519#0	0
934	0	1811519#2	0
934	0	1876243#0	0
934	0	195198#0	0
934	0	239248#3	0
934	0	584014#0	0
934	0	648445#0	1
934	0	74570#4	0
934	0	883051#0	0
934	0	889607#0	0
934	0	889611#1	0
94	0	12517#1	1
94	0	13569#10	0
94	0	1436788#2	1
94	0	22726#10	1
94	0	475029#4	1
94	0	512105#4	1
94	0	727904#2	1
94	0	8759#10	1
94	0	8759#11	1
94	0	8759#4	1
94	0	8759#63	0
94	0	8759#9	1
941	0	1361628#26	0
941	0	1376976#0	0
941	0	147653#0	0
941	0	2006717#9	0
941	0	229448#0	0
941	0	2439#0	0
941	0	2439#13	0
941	0	2439#32	0
941	0	2439#40	0
941	0	2439#42	0
941	0	2439#46	0
941	0	2439#6	0
941	0	333807#76	0
941	0	339#3	0
941	0	454#25	1
941	0	5198#8	0
946	0	1050776#0	0
946	0	1243897#0	0
946	0	148691#0	0
946	0	244913#0	0
946	0	545#0	0
946	0	554#0	0
946	0	865483#2	0
946	0	925111#0	0
946	0	93333#0	1
946	0	93333#1	0
946	0	93333#2	0
946	0	93333#5	0
947	0	10731#0	1
947	0	10731#1	0
947	0	10731#28	1
947	0	10731#30	0
947	0	1353457#0	1
947	0	329194#0	1
947	0	329194#2	1
947	0	33119#0	1
947	0	44954#0	1
947	0	720738#0	1
947	0	720802#0	1
947	0	720998#0	1
947	0	721029#0	1
947	0	721273#0	0
947	0	72611#6	1
948	0	10227#2	0
948	0	1162036#7	0
948	0	1852#9	1
948	0	267303#11	0
948	0	313767#8	0
948	0	31756#12	0
948	0	31756#15	0
948	0	31756#9	1
948	0	32397#8	0
948	0	35443#0	0
948	0	35443#1	0
948	0	396338#8	0
948	0	396416#4	0
948	0	4953#3	0
948	0	684048#47	0
950	0	1009836#0	0
950	0	1009836#4	0
950	0	10336#0	1
950	0	10336#1	0
950	0	113690#4	0
950	0	1852#28	1
950	0	2032807#14	0
950	0	203299#2	0
950	0	219284#4	1
950	0	240463#52	0
950	0	305374#0	0
950	0	408898#0	1
950	0	506770#2	0
950	0	529825#1	0
950	0	567505#7	0
950	0	74245#21	0
950	0	84813#5	0
950	0	9203#0	0
953	0	1023571#31	0
953	0	114356#1	1
953	0	114356#39	0
953	0	1319987#0	0
953	0	1350337#1	0
953	0	1394997#2	0
953	0	1501354#14	0
953	0	1501354#3	0
953	0	1819689#0	0
953	0	1819689#1	0
953	0	1851409#7	0
953	0	322800#4	0
953	0	796090#5	0
953	0	895671#20	0
953	0	9086#1	0
953	0	9086#2	0
