0	0	1113239#4	0
0	0	1113240#1	0
0	0	1720331#0	0
0	0	2194424#0	0
0	0	2677294#0	0
0	0	2681119#0	0
0	0	2681119#1	1
0	0	2681119#16	0
0	0	2681119#4	0
0	0	343986#0	0
101	0	1017686#4	0
101	0	113352#16	0
101	0	116380#1	0
101	0	147530#1	0
101	0	2130645#11	0
101	0	270867#0	0
101	0	3481610#7	0
101	0	67824#6	0
101	0	859445#37	0
101	0	96129#16	1
102	0	1733237#46	0
102	0	1883682#0	1
102	0	1883682#11	0
102	0	1883682#15	0
102	0	1883682#2	0
102	0	1883682#9	0
102	0	2017729#11	1
102	0	2064617#19	1
102	0	2588164#14	0
102	0	44863#2	0
1059	0	1374654#0	0
1059	0	2126071#6	0
1059	0	2471#0	0
1059	0	2471#17	0
1059	0	2471#3	1
1059	0	2471#7	1
1059	0	2471#8	0
1059	0	3255366#23	0
1059	0	3574862#1	0
1059	0	657204#1	0
1059	0	710493#4	0
1060	0	1054819#23	0
1060	0	174252#0	0
1060	0	1936589#0	1
1060	0	1936589#1	0
1060	0	3053826#0	0
1060	0	428447#0	1
1060	0	782404#0	0
1060	0	782404#6	0
1060	0	89716#0	1
1060	0	89716#11	0
1068	0	107992#0	0
1068	0	150499#0	0
1068	0	1553319#2	0
1068	0	1698872#12	1
1068	0	1729587#2	0
1068	0	31#1	0
1068	0	31#3	0
1068	0	537753#0	0
1068	0	641713#13	0
1068	0	641713#8	0
1068	0	73173#29	0
1080	0	1018376#0	0
1080	0	1590165#1	1
1080	0	1772418#0	1
1080	0	264452#0	1
1080	0	264452#1	0
1080	0	264452#2	0
1080	0	264452#4	0
1080	0	27048#0	1
1080	0	27048#2	0
1080	0	3637685#0	0
1119	0	1020873#7	0
1119	0	17875#1	0
1119	0	17875#13	0
1119	0	17875#8	0
1119	0	2215192#2	0
1119	0	2458286#17	1
1119	0	2459506#0	1
1119	0	2492148#3	0
1119	0	3882812#22	0
1119	0	612444#3	0
1119	0	82253#1	0
1120	0	279228#15	0
1120	0	3578460#0	0
1120	0	3578460#1	0
1120	0	3578460#10	0
1120	0	3578460#16	0
1120	0	3578460#17	0
1120	0	3578460#3	0
1120	0	3578460#7	1
1120	0	3578460#8	0
1120	0	3578460#9	0
1156	0	1106092#0	0
1156	0	1106092#1	0
1156	0	1106092#24	0
1156	0	2812744#0	0
1156	0	2896125#0	1
1156	0	2896125#24	0
1156	0	3769839#0	0
1156	0	717307#4	0
1156	0	717307#5	1
1156	0	817263#37	0
1158	0	1323263#28	0
1158	0	19069#0	0
1158	0	19069#14	0
1158	0	19069#4	0
1158	0	19069#9	0
1158	0	245976#20	0
1158	0	704334#0	0
1158	0	704334#26	1
1158	0	86231#8	0
1158	0	99929#21	0
1163	0	102362#59	0
1163	0	118863#6	0
1163	0	168814#1	1
1163	0	329011#4	0
1163	0	509160#1	0
1163	0	664455#2	0
1163	0	69617#14	0
1163	0	69617#15	0
1163	0	69617#18	0
1163	0	69617#2	1
1163	0	72760#10	0
1173	0	34296#7	0
1173	0	440210#5	0
1173	0	446212#1	0
1173	0	66349#12	0
1173	0	66609#6	0
1173	0	82506#17	0
1173	0	82506#2	1
1173	0	82506#37	0
1173	0	82506#6	0
1173	0	82506#8	0
1190	0	118304#6	0
1190	0	157238#1	1
1190	0	2314334#94	1
1190	0	372683#18	0
1190	0	372683#19	0
1190	0	372683#2	1
1190	0	372683#24	0
1190	0	372683#57	0
1190	0	372683#87	0
1190	0	372683#99	0
1199	0	136453#0	1
1199	0	136453#1	0
1199	0	136453#4	0
1199	0	136453#49	1
1199	0	136453#50	1
1199	0	136453#51	0
1199	0	1544860#2	0
1199	0	201841#6	0
1199	0	2135561#3	1
1199	0	755998#0	0
1201	0	1320483#1	1
1201	0	1471913#2	0
1201	0	1857703#107	0
1201	0	1857703#5	0
1201	0	1857703#6	1
1201	0	1910#23	0
1201	0	2759539#5	1
1201	0	2759539#6	0
1201	0	427838#10	0
1201	0	588777#0	0
1201	0	817738#1	0
1205	0	1810#0	0
1205	0	1810#2	1
1205	0	1810#74	0
1205	0	1810#75	1
1205	0	3215333#0	0
1205	0	3488704#2	0
1205	0	3488718#0	0
1205	0	3501113#1	0
1205	0	651987#2	0
1205	0	91767#2	0
1226	0	1441#26	1
1226	0	191693#9	0
1226	0	252672#23	1
1226	0	2687093#2	0
1226	0	3411486#3	0
1226	0	618777#1	1
1226	0	618777#13	0
1226	0	618777#4	0
1226	0	618777#7	0
1226	0	618777#8	0
1226	0	618777#9	0
1228	0	2205323#1	1
1228	0	2205323#2	1
1228	0	2218814#1	0
1228	0	2763841#2	1
1228	0	3138575#7	0
1228	0	36483#0	0
1228	0	36483#1	1
1228	0	36483#16	0
1228	0	36483#18	0
1228	0	36483#3	0
1250	0	178576#11	0
1250	0	341764#14	1
1250	0	341764#15	0
1250	0	341764#2	0
1250	0	341764#21	0
1250	0	341764#26	0
1250	0	341764#27	0
1250	0	341764#41	0
1250	0	42025#20	1
1250	0	488323#32	0
1250	0	76183#235	0
1253	0	1189817#0	0
1253	0	145984#0	0
1253	0	1957263#12	0
1253	0	2056525#0	0
1253	0	2292510#0	0
1253	0	551495#10	0
1253	0	551495#3	0
1253	0	610022#0	0
1253	0	94576#0	1
1253	0	94576#7	0
1260	0	1777083#0	1
1260	0	1777083#10	0
1260	0	1777083#4	1
1260	0	1777083#5	0
1260	0	1777083#7	0
1260	0	2605524#0	1
1260	0	2605524#1	1
1260	0	373944#5	0
1260	0	3804993#1	0
1260	0	3804995#1	0
1260	0	595665#1	0
1296	0	191577#0	1
1296	0	191577#1	0
1296	0	191577#19	0
1296	0	191577#23	0
1296	0	191577#28	0
1296	0	191577#6	0
1296	0	191577#69	0
1296	0	191577#80	0
1296	0	2157996#0	0
1296	0	3614566#0	0
1310	0	1063567#4	0
1310	0	1625615#5	0
1310	0	1660832#8	0
1310	0	1698838#18	0
1310	0	1776479#10	1
1310	0	2036422#7	0
1310	0	2064617#55	0
1310	0	2098096#0	0
1310	0	83517#28	0
1310	0	85202#13	1
1310	0	85202#16	0
1316	0	10326#0	1
1316	0	10326#10	0
1316	0	10334#10	0
1316	0	10391#0	0
1316	0	10391#15	1
1316	0	10391#2	0
1316	0	10391#3	0
1316	0	10391#6	0
1316	0	3381#1	0
1316	0	443233#11	1
1316	0	58310#57	0
1337	0	1343867#1	0
1337	0	1580112#1	0
1337	0	1675903#0	0
1337	0	2061968#1	0
1337	0	2890253#3	0
1337	0	2895225#2	0
1337	0	3346794#0	1
1337	0	3346794#1	0
1337	0	3346794#15	0
1337	0	55198#1	0
1345	0	106028#1	0
1345	0	221573#9	0
1345	0	2412893#6	0
1345	0	2781035#0	0
1345	0	3889350#0	0
1345	0	65661#5	0
1345	0	67391#1	1
1345	0	67391#6	0
1345	0	8277#8	0
1345	0	8277#9	0
1348	0	1614942#8	1
1348	0	2007615#1	1
1348	0	2007615#17	1
1348	0	2007615#21	0
1348	0	2007615#4	1
1348	0	2007615#5	0
1348	0	2273113#2	1
1348	0	2613617#1	1
1348	0	3306672#2	1
1348	0	3306672#4	1
1348	0	813194#1	1
1366	0	101488#6	0
1366	0	1119369#31	0
1366	0	157509#2	0
1366	0	1746#1	1
1366	0	1746#27	0
1366	0	3255773#4	1
1366	0	555801#5	0
1366	0	665035#0	0
1366	0	665035#1	0
1366	0	665035#5	1
1377	0	1426443#4	0
1377	0	1539455#1	0
1377	0	1569924#2	0
1377	0	1979595#3	0
1377	0	3419552#2	1
1377	0	3464217#0	0
1377	0	6956#5	0
1377	0	6956#6	0
1377	0	6956#7	1
1377	0	6961#13	0
1394	0	1291874#50	0
1394	0	1993328#7	0
1394	0	2258822#5	0
1394	0	2306162#13	0
1394	0	272620#6	0
1394	0	3137989#9	0
1394	0	3462159#41	0
1394	0	3681130#1	0
1394	0	594506#0	0
1394	0	594506#3	1
14	0	119531#7	0
14	0	122838#4	0
14	0	1261509#15	0
14	0	1682530#5	0
14	0	1756021#3	0
14	0	22530#1	1
14	0	22530#11	0
14	0	22530#15	0
14	0	22530#8	0
14	0	3569513#3	0
14	0	4001#18	0
1406	0	1443309#0	0
1406	0	2059190#1	0
1406	0	231580#0	0
1406	0	231580#1	1
1406	0	248#0	0
1406	0	619805#0	0
1406	0	651480#1	0
1406	0	707403#0	0
1406	0	707403#1	0
1406	0	978737#0	0
1418	0	1589381#1	0
1418	0	1612056#1	0
1418	0	1991661#0	0
1418	0	1991661#1	1
1418	0	1991661#4	0
1418	0	1991661#6	0
1418	0	1991661#7	0
1418	0	2594255#1	0
1418	0	495683#3	0
1418	0	816988#1	0
1424	0	1493707#13	0
1424	0	1586822#10	0
1424	0	2737027#0	0
1424	0	2737027#2	1
1424	0	2737027#31	0
1424	0	2737027#40	0
1424	0	2737027#41	1
1424	0	2737027#47	0
1424	0	2737027#48	0
1424	0	2737027#53	0
1427	0	1475212#0	1
1427	0	187372#1	0
1427	0	187372#3	0
1427	0	187372#4	1
1427	0	2037832#2	0
1427	0	3561042#3	0
1427	0	3632515#14	0
1427	0	3694770#4	0
1427	0	3886343#1	0
1427	0	5045#21	0
1483	0	1546212#0	1
1483	0	1730891#7	0
1483	0	3722959#13	0
1483	0	3722959#14	0
1483	0	3722959#16	0
1483	0	3722959#18	0
1483	0	3722959#6	0
1483	0	3722959#7	0
1483	0	486704#0	1
1483	0	752899#0	0
1487	0	129033#8	0
1487	0	166393#1	1
1487	0	1852175#15	0
1487	0	1852175#5	0
1487	0	2149949#16	0
1487	0	2149949#2	1
1487	0	323451#1	0
1487	0	3597598#0	1
1487	0	3892297#18	0
1487	0	525179#15	1
1487	0	627094#2	1
1492	0	1587671#5	0
1492	0	16471#2	0
1492	0	3544960#0	0
1492	0	3544960#11	0
1492	0	3544960#3	0
1492	0	3544960#5	1
1492	0	3544960#6	0
1492	0	3544960#7	1
1492	0	3544960#8	0
1492	0	3613400#6	0
1507	0	1641410#4	0
1507	0	1723191#1	0
1507	0	208176#0	0
1507	0	208176#11	0
1507	0	208176#15	0
1507	0	208176#17	0
1507	0	208176#4	1
1507	0	208176#8	0
1507	0	3710356#1	0
1507	0	524122#3	0
1525	0	1592476#46	0
1525	0	242611#21	0
1525	0	335176#2	0
1525	0	354662#22	0
1525	0	711126#15	1
1525	0	711126#25	0
1525	0	711126#26	0
1525	0	711126#28	1
1525	0	711126#3	1
1525	0	711126#6	0
1525	0	82966#6	1
1528	0	1159250#0	0
1528	0	1701428#3	1
1528	0	39224#2	1
1528	0	4302#10	1
1528	0	4302#3	0
1528	0	4302#4	1
1528	0	581550#3	0
1528	0	586927#2	0
1528	0	95570#9	0
1528	0	99387#3	0
1533	0	1652001#2	0
1533	0	2812227#10	0
1533	0	33559#0	0
1533	0	345436#5	0
1533	0	38736#15	0
1533	0	57101#0	0
1533	0	650578#8	0
1533	0	653058#14	0
1533	0	7692#10	1
1533	0	7692#27	0
1533	0	7692#30	1
1536	0	1502588#2	0
1536	0	1657091#6	0
1536	0	1698128#5	0
1536	0	217105#5	0
1536	0	2411521#2	0
1536	0	2902088#3	0
1536	0	3064190#3	0
1536	0	72659#0	1
1536	0	72659#2	0
1536	0	846756#0	0
1551	0	1742772#1	1
1551	0	2668404#2	0
1551	0	2668404#3	0
1551	0	3715008#19	0
1551	0	3715008#2	0
1551	0	3715008#22	0
1551	0	3715008#3	0
1551	0	3715008#31	1
1551	0	3715008#34	0
1551	0	3715008#45	0
1551	0	3715008#6	1
1568	0	1113210#16	0
1568	0	13120#0	0
1568	0	1631021#0	0
1568	0	177112#3	1
1568	0	1790581#1	1
1568	0	2631898#1	0
1568	0	288053#28	0
1568	0	8667#0	0
1568	0	8667#19	0
1568	0	8667#3	0
1568	0	8679#0	0
1591	0	1007894#0	0
1591	0	1359029#2	0
1591	0	1642896#6	0
1591	0	1871407#13	0
1591	0	2086984#3	0
1591	0	2222575#6	0
1591	0	2483452#2	0
1591	0	2489064#0	0
1591	0	29883#0	1
1591	0	3277955#2	0
1591	0	474127#2	0
1600	0	134626#3	1
1600	0	134626#5	0
1600	0	1426797#1	0
1600	0	1815177#2	0
1600	0	182415#8	0
1600	0	2911609#3	0
1600	0	50016#3	0
1600	0	599639#6	0
1600	0	72364#11	0
1600	0	832971#9	0
162	0	2022546#10	0
162	0	2022546#14	0
162	0	2022546#18	0
162	0	2022546#2	0
162	0	2022546#25	0
162	0	2022546#3	1
162	0	2022546#4	0
162	0	2022546#6	0
162	0	2022546#8	0
162	0	3247742#1	1
1621	0	11092#1	0
1621	0	1360499#0	1
1621	0	1698826#28	0
1621	0	1698826#50	0
1621	0	2011124#12	0
1621	0	33793#6	0
1621	0	41717#2	0
1621	0	41717#3	0
1621	0	41717#6	0
1621	0	450990#15	0
1621	0	9997#64	0
1646	0	1353971#2	0
1646	0	1411886#1	0
1646	0	1593396#9	0
1646	0	1873224#1	1
1646	0	1916505#1	0
1646	0	2106582#2	0
1646	0	256545#0	1
1646	0	2579#9	0
1646	0	3465755#0	0
1646	0	3465755#2	1
1646	0	832770#3	0
1651	0	13204#75	0
1651	0	13204#97	0
1651	0	1398724#8	0
1651	0	2683916#0	0
1651	0	2982972#1	0
1651	0	3542360#0	1
1651	0	3542360#6	1
1651	0	3542360#7	0
1651	0	3542360#8	0
1651	0	8435#18	0
1651	0	8667#25	0
1654	0	1351293#1	0
1654	0	3534#0	0
1654	0	3534#1	1
1654	0	3534#2	0
1654	0	3534#4	1
1654	0	3535#0	0
1654	0	3535#3	1
1654	0	3535#4	0
1654	0	3535#7	1
1654	0	7333#0	0
1661	0	109421#0	1
1661	0	109421#1	1
1661	0	1114318#4	0
1661	0	1114318#5	0
1661	0	1783743#0	0
1661	0	2579699#0	0
1661	0	2579699#1	0
1661	0	285121#3	0
1661	0	522622#1	0
1661	0	706720#2	0
1690	0	11762#2	0
1690	0	1785236#1	0
1690	0	1844332#1	0
1690	0	2745765#1	0
1690	0	565492#0	1
1690	0	565492#1	1
1690	0	565492#23	0
1690	0	565492#3	0
1690	0	565492#5	0
1690	0	572932#1	0
1727	0	1886685#1	0
1727	0	2210841#0	1
1727	0	2210841#15	0
1727	0	2210841#16	0
1727	0	2210841#2	0
1727	0	2210841#9	0
1727	0	2477679#1	0
1727	0	2745861#3	0
1727	0	2782247#1	0
1727	0	3155193#1	0
1743	0	1995214#2	0
1743	0	2935009#2	0
1743	0	3026562#0	1
1743	0	3026562#26	0
1743	0	3026562#4	1
1743	0	3026562#5	0
1743	0	3026562#6	0
1743	0	3367945#0	0
1743	0	3581788#2	0
1743	0	493069#4	0
1747	0	107407#6	0
1747	0	1268268#0	0
1747	0	1268444#0	1
1747	0	1268444#1	0
1747	0	1268452#0	0
1747	0	1307693#0	0
1747	0	1625812#4	0
1747	0	497440#1	0
1747	0	53836#0	1
1747	0	53836#18	0
1779	0	1216148#0	0
1779	0	1971064#1	0
1779	0	2430169#1	0
1779	0	32730#1	0
1779	0	3513737#7	0
1779	0	523567#1	0
1779	0	711049#0	0
1779	0	73533#0	0
1779	0	73533#1	1
1779	0	73533#13	0
1781	0	20964#0	0
1781	0	20964#12	0
1781	0	279710#56	0
1781	0	279710#57	0
1781	0	279710#65	0
1781	0	279710#66	0
1781	0	34019#133	1
1781	0	882663#2	0
1781	0	882663#32	0
1781	0	882663#33	0
1795	0	1426957#1	0
1795	0	2095296#0	0
1795	0	2584807#0	1
1795	0	2584807#1	1
1795	0	2584807#13	0
1795	0	2584807#4	0
1795	0	2584807#5	0
1795	0	2584807#7	0
1795	0	2584807#8	0
1795	0	3184849#0	0
1813	0	95999#1	1
1829	0	970811#0	1
1832	0	847502#2	1
1845	0	2503573#0	1
1848	0	490430#0	1
1852	0	1136949#0	1
1857	0	116282#0	1
1861	0	895308#0	1
1862	0	65011#0	1
187	0	1249364#3	1
1910	0	1225061#1	0
1910	0	1225061#10	0
1910	0	1225061#13	0
1910	0	1225061#15	0
1910	0	1225061#17	0
1910	0	1225061#4	0
1910	0	1225061#6	0
1910	0	1225061#7	1
1910	0	1225061#8	0
1910	0	1225061#9	0
1922	0	2292318#0	0
1922	0	2292318#6	0
1922	0	242325#1	1
1922	0	242325#2	0
1922	0	242325#35	0
1922	0	242325#51	0
1922	0	242325#55	0
1922	0	242325#60	0
1922	0	252982#1	0
1922	0	269436#1	0
1922	0	298563#1	0
1936	0	156571#5	1
1936	0	1943254#54	0
1936	0	2297192#13	0
1936	0	2297192#8	1
1936	0	2375860#21	0
1936	0	2375860#30	0
1936	0	2375860#47	0
1936	0	2375860#54	0
1936	0	2592501#6	0
1936	0	46515#125	0
1957	0	1940983#0	1
1957	0	1940983#12	0
1957	0	1940983#16	1
1957	0	1940983#3	0
1957	0	1940983#5	1
1957	0	1940983#6	1
1957	0	2597264#6	0
1957	0	2597264#7	0
1957	0	57607#6	0
1957	0	794#13	1
1977	0	1008860#4	0
1977	0	10160#1	0
1977	0	1159473#5	0
1977	0	155788#0	1
1977	0	155788#2	0
1977	0	155788#7	0
1977	0	16389#3	0
1977	0	1774390#6	0
1977	0	3824792#6	0
1977	0	956471#13	0
1985	0	1402849#0	1
1985	0	1402849#1	0
1985	0	1402849#3	0
1985	0	1402849#8	0
1985	0	1604174#6	0
1985	0	264396#1	0
1985	0	3682860#2	0
1985	0	3772515#2	0
1985	0	3772515#3	0
1985	0	384659#1	0
1989	0	1026615#15	0
1989	0	1107132#28	0
1989	0	1107132#3	0
1989	0	3372742#17	0
1989	0	4181#0	0
1989	0	4182#7	0
1989	0	46397#0	0
1989	0	81334#0	1
1989	0	81334#1	0
1989	0	8205#23	0
2006	0	1119369#25	0
2006	0	1132790#1	0
2006	0	128356#18	0
2006	0	1601323#1	0
2006	0	1909512#3	0
2006	0	20233#21	1
2006	0	2115741#1	1
2006	0	2171990#1	1
2006	0	220738#4	1
2006	0	2696347#1	0
2006	0	3699129#1	0
2017	0	1960430#0	0
2017	0	1976959#2	0
2017	0	871#0	1
2017	0	871#12	0
2017	0	871#13	0
2017	0	871#15	0
2017	0	871#16	0
2017	0	871#22	0
2017	0	871#23	0
2017	0	871#3	0
2037	0	1867689#0	0
2037	0	1867689#13	0
2037	0	1867689#2	0
2037	0	1867689#4	0
2037	0	1867689#5	1
2037	0	1867689#6	0
2037	0	1867689#9	1
2037	0	2958979#0	0
2037	0	3522918#0	0
2037	0	858523#19	0
2042	0	1509095#0	1
2042	0	1509095#3	0
2042	0	157045#1	0
2042	0	157045#11	0
2042	0	157045#19	0
2042	0	157045#2	1
2042	0	157045#3	0
2042	0	157045#4	0
2042	0	157045#6	0
2042	0	157045#7	1
2042	0	157045#9	0
2064	0	2130358#11	1
2064	0	232757#0	1
2064	0	293487#90	0
2064	0	3423227#21	0
2064	0	379#10	1
2064	0	510284#10	0
2064	0	510284#17	1
2064	0	529755#0	1
2064	0	816205#5	1
2064	0	902708#62	1
2072	0	111156#5	1
2072	0	1546667#2	0
2072	0	192623#0	1
2072	0	3569908#3	1
2072	0	372683#0	1
2072	0	372683#1	0
2072	0	372683#12	1
2072	0	372683#16	0
2072	0	372683#18	0
2072	0	51213#9	1
2072	0	87384#41	0
2072	0	87389#24	1
2096	0	3893317#0	0
2096	0	3893317#15	0
2096	0	3893317#2	0
2096	0	3893317#3	1
2096	0	3893317#4	0
2096	0	3893317#40	0
2096	0	3893317#45	0
2096	0	3893317#52	0
2096	0	3893317#54	1
2096	0	3893317#9	0
2123	0	16831#7	0
2123	0	1867980#10	0
2123	0	61853#34	0
2123	0	797#1	0
2123	0	797#14	1
2123	0	797#17	0
2123	0	797#19	0
2123	0	797#2	1
2123	0	797#20	0
2123	0	797#28	0
213	0	125191#4	1
213	0	125191#7	0
213	0	1586078#16	0
213	0	1586078#7	0
213	0	226492#4	1
213	0	251886#1	0
213	0	3803794#1	0
213	0	41139#3	1
213	0	968403#9	0
213	0	98032#3	0
2163	0	1035176#5	0
2163	0	1035176#6	0
2163	0	139302#0	0
2163	0	1967726#0	0
2163	0	214336#0	1
2163	0	214345#0	1
2163	0	30044#17	0
2163	0	30044#8	0
2163	0	3421936#0	0
2163	0	3421936#1	0
2186	0	2463234#1	0
2186	0	310532#4	0
2186	0	3150732#3	0
2186	0	47780#16	0
2186	0	890777#0	0
2186	0	890777#10	0
2186	0	890777#3	0
2186	0	890777#5	1
2186	0	890777#56	0
2186	0	890777#6	0
22	0	1268474#18	0
22	0	1421#39	0
22	0	1471081#18	0
22	0	3141081#4	0
22	0	3645317#3	0
22	0	397957#2	1
22	0	54592#17	1
22	0	54592#19	0
22	0	54592#25	1
22	0	56935#4	0
22	0	836930#6	0
2203	0	1200592#17	0
2203	0	1200592#3	0
2203	0	1200592#4	0
2203	0	1200592#5	1
2203	0	1200592#7	0
2203	0	1200592#8	0
2203	0	1200592#9	0
2203	0	1615489#1	0
2203	0	2322110#1	0
2203	0	57480#0	0
2209	0	1617638#8	0
2209	0	1783501#5	0
2209	0	230209#23	0
2209	0	29120#0	0
2209	0	49047#0	1
2209	0	49047#11	0
2209	0	49047#12	0
2209	0	49047#3	0
2209	0	49047#5	0
2209	0	49047#9	0
2219	0	2311637#0	1
2219	0	2311637#10	0
2219	0	2311637#11	0
2219	0	2311637#2	0
2219	0	2311637#27	0
2219	0	2311637#30	0
2219	0	2311637#31	0
2219	0	2311637#36	0
2219	0	5961#39	0
2219	0	5961#67	0
2252	0	10090#10	0
2252	0	10090#11	0
2252	0	10090#12	0
2252	0	10090#18	0
2252	0	10090#3	0
2252	0	10090#4	0
2252	0	10090#5	0
2252	0	10090#7	0
2252	0	10090#8	0
2252	0	10090#9	1
2265	0	135960#12	1
2265	0	135960#20	0
2265	0	135960#21	0
2265	0	135960#23	0
2265	0	135960#42	0
2265	0	143056#7	0
2265	0	1435965#75	0
2265	0	2893885#6	0
2265	0	373238#22	0
2265	0	3858997#3	0
2265	0	47379#12	0
2269	0	1078953#2	1
2269	0	126415#4	0
2269	0	1340548#1	0
2269	0	1864871#1	0
2269	0	2222471#1	0
2269	0	2254796#2	0
2269	0	2651765#1	0
2269	0	2995210#1	0
2269	0	3252228#3	0
2269	0	446838#1	0
2297	0	1020568#19	0
2297	0	1063567#37	1
2297	0	1067642#0	0
2297	0	1067642#1	1
2297	0	1067642#10	0
2297	0	1067642#15	0
2297	0	1067642#2	0
2297	0	1067642#8	0
2297	0	199962#8	0
2297	0	57038#14	0
2312	0	1003758#0	0
2312	0	1091806#13	0
2312	0	19817#0	0
2312	0	3118869#1	0
2312	0	31487#0	0
2312	0	3354985#0	0
2312	0	47292#2	1
2312	0	56949#7	0
2312	0	7291#13	0
2312	0	74410#0	0
2312	0	830667#2	0
2313	0	145082#10	0
2313	0	16703#6	0
2313	0	2174#10	0
2313	0	2230583#12	0
2313	0	3209486#17	0
2313	0	3411486#1	0
2313	0	3411486#3	0
2313	0	3411486#4	0
2313	0	3411486#5	1
2313	0	437108#8	0
2318	0	1145881#9	1
2318	0	149254#12	1
2318	0	152351#16	0
2318	0	3110173#1	1
2318	0	3560108#37	0
2318	0	382006#187	0
2318	0	46516#2	1
2318	0	563218#2	1
2318	0	563218#5	1
2318	0	563218#9	1
2324	0	1354173#1	0
2324	0	3806472#0	1
2324	0	3806472#1	1
2324	0	3806472#2	0
2324	0	3806472#3	0
2324	0	3806472#4	0
2324	0	3806472#5	0
2324	0	3806472#6	0
2324	0	3806472#7	0
2324	0	3806472#8	0
2334	0	1273703#0	1
2334	0	2952412#0	1
2334	0	33010#0	1
2334	0	385789#5	1
2334	0	4742#0	1
2334	0	4742#10	1
2334	0	4742#17	0
2334	0	4742#18	0
2334	0	4742#5	1
2334	0	62274#0	1
2338	0	103720#16	0
2338	0	1356798#0	0
2338	0	2147036#5	0
2338	0	3543972#28	0
2338	0	3715764#2	0
2338	0	65417#0	0
2338	0	65417#1	0
2338	0	65417#5	0
2338	0	65417#7	1
2338	0	817302#4	0
234	0	1980340#2	0
234	0	2136397#0	0
234	0	3628376#1	0
234	0	3877934#3	0
234	0	65995#10	0
234	0	65995#2	1
234	0	65995#23	0
234	0	65995#28	0
234	0	65995#29	0
234	0	65995#7	0
234	0	957916#2	0
235	0	1448#27	0
235	0	202723#3	0
235	0	2282165#10	0
235	0	239931#0	1
235	0	239931#1	0
235	0	239931#2	0
235	0	2905852#1	1
235	0	3410173#17	1
235	0	3852692#105	0
235	0	3852692#24	0
2358	0	1103059#4	0
2358	0	1203587#1	0
2358	0	1220743#0	1
2358	0	1220743#24	0
2358	0	1220743#25	0
2358	0	1220743#26	0
2358	0	1220743#27	0
2358	0	1220743#5	1
2358	0	1624827#0	0
2358	0	1624827#6	0
2358	0	664585#0	0
2398	0	1260241#15	1
2398	0	1416362#0	0
2398	0	1669590#4	0
2398	0	2118581#2	0
2398	0	3896280#3	0
2398	0	489447#3	0
2398	0	81695#1	1
2398	0	81695#4	0
2398	0	81836#0	1
2398	0	81836#2	0
2403	0	1219363#0	1
2403	0	1219363#1	0
2403	0	1219363#19	0
2403	0	1219363#2	1
2403	0	1219363#37	0
2403	0	1219363#4	0
2403	0	1219363#63	0
2403	0	1390265#10	0
2403	0	1390265#6	0
2403	0	2989327#30	0
2405	0	1480544#3	0
2405	0	2412914#0	0
2405	0	2412914#2	0
2405	0	2626064#0	0
2405	0	2853640#2	0
2405	0	3000999#0	0
2405	0	41077#0	0
2405	0	41077#12	0
2405	0	41077#16	0
2405	0	41077#3	0
2405	0	41077#7	0
2405	0	41077#8	0
2405	0	57117#1	1
2424	0	11527#45	0
2424	0	1192720#11	0
2424	0	178397#3	1
2424	0	2699704#35	0
2424	0	368071#0	1
2424	0	368071#1	1
2424	0	368071#17	0
2424	0	368071#21	1
2424	0	368071#24	1
2424	0	368071#42	0
2424	0	4060#28	0
2424	0	411902#2	0
2424	0	836110#60	0
2472	0	1149740#0	0
2472	0	1149740#10	0
2472	0	1149740#6	1
2472	0	1149740#8	1
2472	0	1391426#12	0
2472	0	1583177#0	1
2472	0	2249005#2	0
2472	0	2366577#22	0
2472	0	294092#12	0
2472	0	294092#16	0
2481	0	122532#11	0
2481	0	122532#14	0
2481	0	122532#3	1
2481	0	1268801#1	0
2481	0	1268801#11	0
2481	0	1268801#12	0
2481	0	1268801#14	0
2481	0	1268801#3	0
2481	0	2723494#0	0
2481	0	736386#9	0
249	0	3238471#1	0
249	0	3238471#13	1
249	0	3238471#17	0
249	0	3238471#18	0
249	0	3238471#19	0
249	0	3238471#9	0
249	0	3240223#1	0
249	0	3240223#20	0
249	0	3240223#23	0
249	0	3240223#27	0
249	0	3240223#9	0
2497	0	159194#0	0
2497	0	1721670#3	0
2497	0	2477373#0	0
2497	0	2477373#13	0
2497	0	2477373#2	1
2497	0	2953850#1	0
2497	0	2953850#4	0
2497	0	3689433#1	0
2497	0	3834135#0	0
2497	0	529369#13	0
2497	0	529369#23	0
2500	0	114436#0	0
2500	0	114436#1	0
2500	0	114436#2	1
2500	0	1459969#4	0
2500	0	1491254#3	0
2500	0	2074385#1	0
2500	0	3113067#0	0
2500	0	3781581#0	0
2500	0	94018#1	0
2500	0	94762#4	0
2535	0	329100#0	1
2535	0	329100#1	0
2535	0	329100#2	0
2535	0	329100#3	0
2535	0	329100#4	0
2535	0	329100#5	0
2535	0	329100#6	0
2535	0	329100#7	0
2535	0	557434#0	0
2535	0	806249#0	0
2546	0	1168115#0	0
2546	0	1184630#0	1
2546	0	1184630#1	0
2546	0	15333#23	0
2546	0	1786783#1	0
2546	0	2528660#0	0
2546	0	38609#11	1
2546	0	391242#0	0
2546	0	539935#2	0
2546	0	704627#4	0
2561	0	2095487#1	0
2561	0	262158#0	0
2561	0	3132598#1	0
2561	0	399486#0	1
2561	0	399486#13	0
2561	0	399486#18	0
2561	0	399486#7	0
2561	0	399486#9	0
2561	0	442942#3	0
2561	0	505442#1	0
2592	0	3490469#3	0
2592	0	3490469#32	0
2592	0	3490469#40	0
2592	0	3490469#48	0
2592	0	3490469#56	0
2592	0	3490469#61	0
2592	0	3490469#70	0
2592	0	3490469#71	0
2592	0	3727176#38	0
2592	0	52837#7	1
2592	0	815166#33	0
26	0	3036390#0	1
26	0	3036390#1	0
26	0	3036390#12	0
26	0	3036390#2	0
26	0	3036390#3	0
26	0	3036390#4	0
26	0	3036390#5	0
26	0	3036390#6	0
26	0	3036390#8	0
26	0	3036390#9	0
2604	0	111700#16	0
2604	0	1180213#5	0
2604	0	12267#3	0
2604	0	182526#19	0
2604	0	2038133#28	0
2604	0	2544156#6	0
2604	0	3377#0	1
2604	0	3377#30	0
2604	0	3870#16	1
2604	0	502524#0	0
2604	0	614223#2	1
2612	0	1523878#1	0
2612	0	1812113#1	0
2612	0	205367#2	0
2612	0	237068#13	0
2612	0	237068#4	0
2612	0	237068#6	1
2612	0	237068#8	0
2612	0	3005096#0	0
2612	0	3005096#3	0
2612	0	34996#4	0
2612	0	3717184#1	0
262	0	3729319#1	1
262	0	3729319#10	0
262	0	3729319#12	0
262	0	3729319#13	0
262	0	3729319#2	1
262	0	3729319#3	1
262	0	3729319#5	1
262	0	3729319#6	0
262	0	3729319#7	1
262	0	970811#1	0
2622	0	1032887#10	0
2622	0	1032887#7	1
2622	0	179667#10	0
2622	0	1848537#3	1
2622	0	1848537#6	0
2622	0	2908363#4	0
2622	0	3610996#10	0
2622	0	558817#3	0
2622	0	84171#13	1
2622	0	84171#20	0
2627	0	1827113#3	0
2627	0	1927602#0	0
2627	0	203948#11	0
2627	0	203948#14	0
2627	0	203948#3	1
2627	0	203948#7	1
2627	0	2829110#6	0
2627	0	297670#1	0
2627	0	39669#106	0
2627	0	524808#4	0
2645	0	155634#0	0
2645	0	155634#2	0
2645	0	1732398#0	1
2645	0	1732398#1	0
2645	0	1732398#13	0
2645	0	1732398#3	0
2645	0	1752516#0	0
2645	0	1752516#1	0
2645	0	1752516#3	0
2645	0	2942396#0	0
2650	0	3440143#1	0
2650	0	41412#0	1
2650	0	41412#10	0
2650	0	41412#13	0
2650	0	41412#16	0
2650	0	41412#17	0
2650	0	41412#2	0
2650	0	41412#20	0
2650	0	41412#8	0
2650	0	41412#9	0
2660	0	100176#4	0
2660	0	2194800#1	0
2660	0	2194800#3	0
2660	0	2642673#1	0
2660	0	318680#1	1
2660	0	318680#33	0
2660	0	36598#40	0
2660	0	36598#5	1
2660	0	45696#13	0
2660	0	961377#2	0
2671	0	3111576#0	0
2671	0	544990#0	1
2671	0	544990#10	0
2671	0	544990#5	0
2671	0	544990#57	0
2671	0	544990#6	0
2671	0	544990#60	0
2671	0	544990#7	0
2671	0	587418#7	0
2671	0	587418#8	0
2676	0	104465#19	1
2676	0	1914466#5	0
2676	0	1968239#10	0
2676	0	1968239#8	0
2676	0	215403#11	1
2676	0	2190755#1	0
2676	0	2217747#17	0
2676	0	25200#36	0
2676	0	53216#8	0
2676	0	95472#58	0
2678	0	1470188#13	0
2678	0	156754#18	0
2678	0	156754#3	0
2678	0	2806606#1	0
2678	0	2806606#2	0
2678	0	3411299#77	1
2678	0	3411299#78	0
2678	0	380413#4	1
2678	0	380413#5	0
2678	0	380413#9	0
2678	0	517097#12	0
2683	0	2617#9	0
2683	0	468958#5	0
2683	0	5149#0	1
2683	0	5149#12	1
2683	0	5149#42	1
2683	0	677049#1	1
2683	0	677049#7	1
2683	0	707900#0	0
2683	0	707900#10	0
2683	0	707900#6	1
2714	0	1094524#1	1
2714	0	1103309#9	0
2714	0	1421#50	1
2714	0	1532168#12	1
2714	0	1650772#0	0
2714	0	2536119#12	0
2714	0	2536119#7	0
2714	0	2546419#1	0
2714	0	2546419#2	0
2714	0	3142740#3	0
2714	0	3579336#1	1
2747	0	1087227#3	0
2747	0	1110950#24	0
2747	0	27971#22	0
2747	0	401486#10	0
2747	0	401486#7	0
2747	0	401486#8	1
2747	0	668467#18	0
2747	0	672237#6	1
2747	0	716070#8	0
2747	0	893957#2	0
275	0	1562468#6	0
275	0	26913#0	0
275	0	26913#10	0
275	0	26913#18	0
275	0	26913#2	1
275	0	26913#8	0
275	0	2765603#5	0
275	0	2765603#6	0
275	0	774362#26	0
275	0	962703#2	0
2780	0	120654#2	0
2780	0	15874#30	0
2780	0	77190#2	0
2780	0	77190#27	0
2780	0	77190#29	1
2780	0	77190#3	0
2780	0	77190#6	0
2780	0	77190#7	1
2780	0	77190#8	0
2780	0	77190#9	0
2790	0	1206983#30	1
2790	0	3411993#0	0
2790	0	3411993#1	0
2790	0	592473#0	1
2790	0	592473#1	0
2790	0	592473#2	1
2790	0	592473#3	0
2790	0	592473#4	0
2790	0	592473#8	0
2790	0	592473#9	0
2793	0	10308#1	1
2793	0	10308#11	0
2793	0	10308#15	0
2793	0	10308#2	0
2793	0	10308#20	0
2793	0	10308#29	0
2793	0	10308#31	0
2793	0	10308#8	0
2793	0	10308#9	1
2793	0	459175#5	0
2802	0	1064#10	0
2802	0	11527#38	1
2802	0	11527#40	1
2802	0	150136#0	0
2802	0	397735#3	0
2802	0	848342#0	0
2802	0	97157#0	1
2802	0	97157#1	0
2802	0	97157#2	1
2802	0	97157#3	1
2802	0	97157#4	0
2802	0	97157#5	1
2855	0	104410#0	1
2855	0	104410#2	1
2855	0	1167358#0	0
2855	0	1167358#1	0
2855	0	1167358#4	0
2855	0	1167358#5	0
2855	0	1452910#0	0
2855	0	1882295#0	0
2855	0	1930761#0	0
2855	0	3010500#1	0
2855	0	3630047#1	0
2857	0	1256642#6	1
2857	0	1933648#42	0
2857	0	2350723#3	0
2857	0	2540520#2	0
2857	0	2543536#11	0
2857	0	2554134#0	0
2857	0	2554134#2	1
2857	0	2802377#1	0
2857	0	2809579#6	0
2857	0	3505699#7	0
2859	0	1209044#0	0
2859	0	1413123#0	0
2859	0	1445204#9	0
2859	0	1658372#0	0
2859	0	2832959#0	0
2859	0	2832959#4	1
2859	0	2835426#0	0
2859	0	2836259#0	0
2859	0	2842263#0	0
2859	0	2848051#0	0
2859	0	2848119#0	0
288	0	2943627#4	0
288	0	639656#37	1
288	0	639656#4	0
288	0	639656#5	1
288	0	639656#7	0
288	0	639702#10	0
288	0	639702#23	0
288	0	639702#24	0
288	0	639702#6	0
288	0	802588#5	0
2898	0	1536441#2	0
2898	0	3737356#3	0
2898	0	871#0	0
2898	0	871#12	0
2898	0	871#13	0
2898	0	871#14	0
2898	0	871#2	0
2898	0	871#22	0
2898	0	871#23	0
2898	0	871#4	1
2898	0	871#7	0
2909	0	1449666#2	0
2909	0	169037#28	0
2909	0	1889026#55	0
2909	0	2120321#1	0
2909	0	2291752#13	0
2909	0	34168#3	0
2909	0	34170#1	1
2909	0	34170#5	0
2909	0	642132#79	0
2909	0	82970#0	0
2947	0	1271133#1	0
2947	0	2371256#0	1
2947	0	2712779#0	0
2947	0	2712779#2	0
2947	0	58383#31	0
2947	0	71175#0	1
2947	0	71175#1	0
2947	0	71175#3	1
2947	0	71175#4	0
2947	0	71175#6	0
2951	0	1477119#0	0
2951	0	18508#82	0
2951	0	2427338#36	0
2951	0	243079#0	1
2951	0	243079#14	0
2951	0	243079#17	0
2951	0	243079#19	0
2951	0	243079#5	0
2951	0	2569427#20	0
2951	0	74624#33	0
2954	0	1190415#1	0
2954	0	1274458#1	0
2954	0	140910#9	0
2954	0	1480473#6	0
2954	0	1762541#3	0
2954	0	231252#20	0
2954	0	231252#5	1
2954	0	231252#8	0
2954	0	3043730#4	0
2954	0	333615#3	0
2959	0	2209382#34	0
2959	0	23719#28	0
2959	0	2380277#17	0
2959	0	33626#2	1
2959	0	39629#31	0
2959	0	41842#12	1
2959	0	42895#24	0
2959	0	42895#6	0
2959	0	547381#22	1
2959	0	75100#15	0
2959	0	765017#30	0
296	0	1224983#0	1
296	0	161944#0	1
296	0	161957#0	1
296	0	167238#1	0
296	0	1698859#0	1
296	0	1964167#1	1
296	0	451963#9	1
296	0	517550#0	1
296	0	668480#0	0
296	0	9467#0	1
2971	0	1389224#3	0
2971	0	1410736#3	0
2971	0	1745253#55	0
2971	0	1754573#4	1
2971	0	191105#2	0
2971	0	257043#12	1
2971	0	257043#16	1
2971	0	309067#5	1
2971	0	44220#13	0
2971	0	89085#10	0
2975	0	1237871#0	0
2975	0	1237871#10	0
2975	0	1237871#3	1
2975	0	1237871#4	0
2975	0	1237871#7	0
2975	0	13916#40	0
2975	0	1534642#3	0
2975	0	36975#6	1
2975	0	45857#120	0
2975	0	66260#6	0
2981	0	134834#32	1
2981	0	140277#24	1
2981	0	19199#3	1
2981	0	264289#0	0
2981	0	264289#12	0
2981	0	264289#15	0
2981	0	264289#3	0
2981	0	264289#5	0
2981	0	264289#6	0
2981	0	3421574#11	0
3000	0	104957#1	1
3000	0	1425777#10	0
3000	0	1432797#2	0
3000	0	14816#32	0
3000	0	1652#37	0
3000	0	21603#12	0
3000	0	2322251#1	0
3000	0	3800488#0	0
3000	0	421671#3	0
3000	0	505088#2	0
302	0	3877385#11	0
302	0	3877385#19	0
302	0	3877385#2	1
302	0	3877385#20	0
302	0	3877385#24	1
302	0	3877385#26	1
302	0	3877385#28	1
302	0	3877385#35	0
302	0	3877385#6	1
302	0	3877385#7	0
306	0	2488204#9	1
306	0	58676#0	1
306	0	58676#12	1
306	0	58676#14	1
306	0	58676#15	0
306	0	58676#21	1
306	0	58676#22	1
306	0	58676#24	0
306	0	58676#4	1
306	0	58676#8	0
306	0	61109#27	0
3065	0	1317148#9	0
3065	0	1530588#19	0
3065	0	1762757#10	0
3065	0	2129043#0	0
3065	0	2129043#14	0
3065	0	2129043#16	1
3065	0	2998249#33	0
3065	0	3052007#38	0
3065	0	3539831#13	0
3065	0	3819350#10	0
3070	0	1066335#2	0
3070	0	117756#16	1
3070	0	117756#27	1
3070	0	117756#31	0
3070	0	117756#34	0
3070	0	1976663#2	0
3070	0	3075881#2	0
3070	0	3075881#23	1
3070	0	3075881#27	1
3070	0	3075881#28	1
3070	0	3075881#29	0
3086	0	113176#4	0
3086	0	113176#50	0
3086	0	113176#6	1
3086	0	113176#7	0
3086	0	1226462#3	0
3086	0	1556672#51	0
3086	0	1682530#56	0
3086	0	2152317#17	0
3086	0	2154714#16	0
3086	0	74660#4	0
3086	0	842898#5	0
3093	0	1174831#0	0
3093	0	1174831#2	0
3093	0	1423611#1	0
3093	0	1846208#6	0
3093	0	3461016#0	0
3093	0	3863113#1	0
3093	0	602813#1	0
3093	0	603771#0	0
3093	0	603771#1	1
3093	0	603771#20	0
3103	0	1782827#1	0
3103	0	178450#3	0
3103	0	44301#21	0
3103	0	741078#2	1
3103	0	84154#0	1
3103	0	84154#10	0
3103	0	84154#8	0
3103	0	84154#9	0
3103	0	84181#0	0
3103	0	84181#30	0
3110	0	2448#22	0
3110	0	5157#0	1
3110	0	5157#16	0
3110	0	5157#29	1
3110	0	5157#35	0
3110	0	5157#43	0
3110	0	5157#72	0
3110	0	5157#74	0
3110	0	5157#75	0
3110	0	562803#18	0
3117	0	2229480#23	1
3117	0	3520554#1	0
3117	0	695864#0	0
3117	0	695864#1	0
3117	0	695864#15	0
3117	0	695864#16	0
3117	0	695864#17	0
3117	0	695864#18	0
3117	0	695864#19	0
3117	0	695864#6	0
3117	0	695864#7	0
3121	0	1574874#0	0
3121	0	1574897#2	0
3121	0	2007729#2	0
3121	0	2008551#0	0
3121	0	223095#17	0
3121	0	303463#5	0
3121	0	3204867#5	0
3121	0	3427234#4	0
3121	0	3506132#7	0
3121	0	792472#0	1
3121	0	999020#3	0
3130	0	1362131#0	0
3130	0	1362131#1	1
3130	0	1362131#12	0
3130	0	1362131#14	0
3130	0	1362131#19	0
3130	0	1362131#2	0
3130	0	1362131#21	0
3130	0	1362131#3	0
3130	0	1362131#4	0
3130	0	1362131#5	0
3139	0	1013895#0	1
3139	0	137802#3	1
3139	0	1435941#105	1
3139	0	1812201#24	0
3139	0	1812201#3	0
3139	0	1812201#4	0
3139	0	1812201#9	0
3139	0	3374#5	1
3139	0	57098#5	1
3139	0	63872#19	1
3139	0	65689#30	0
3172	0	100148#2	0
3172	0	106136#0	1
3172	0	106136#1	0
3172	0	106136#13	0
3172	0	106136#2	0
3172	0	1501400#1	1
3172	0	1512163#5	0
3172	0	669713#6	0
3172	0	81233#7	1
3172	0	912080#7	0
3185	0	183691#0	1
3185	0	2728270#4	0
3185	0	2872940#1	0
3185	0	3185516#2	0
3185	0	3284750#5	0
3185	0	3358994#1	0
3185	0	3468761#0	0
3185	0	3468761#1	0
3185	0	3473865#4	0
3185	0	45946#6	1
3201	0	1329225#1	1
3201	0	136209#2	0
3201	0	1420117#1	0
3201	0	1638061#10	0
3201	0	1638061#6	1
3201	0	2596974#1	0
3201	0	277615#7	1
3201	0	3012110#2	0
3201	0	378602#1	1
3201	0	424543#6	1
3201	0	968992#1	0
3213	0	10160#1	0
3213	0	1455056#2	0
3213	0	155788#0	1
3213	0	155788#7	0
3213	0	16389#2	0
3213	0	16389#3	0
3213	0	2306042#6	0
3213	0	3551923#9	0
3213	0	3636974#3	0
3213	0	956471#13	0
3228	0	1102892#4	1
3228	0	1338745#0	1
3228	0	1338745#1	0
3228	0	1338745#2	0
3228	0	1338745#3	0
3228	0	1338745#5	0
3228	0	2754026#13	0
3228	0	2754026#14	0
3228	0	3335459#7	0
3228	0	3529750#4	0
3228	0	3732230#4	0
3247	0	1222099#12	0
3247	0	1222099#3	0
3247	0	1231582#0	0
3247	0	1231582#11	0
3247	0	1231582#12	0
3247	0	1231582#3	0
3247	0	1231582#4	0
3247	0	1231582#5	1
3247	0	1231582#6	0
3247	0	156945#3	0
3257	0	2038231#0	0
3257	0	2038231#1	1
3257	0	2038231#14	0
3257	0	2038231#15	0
3257	0	2038231#18	0
3257	0	2038231#20	0
3257	0	2038231#22	0
3257	0	2038231#24	0
3257	0	2038231#25	0
3257	0	2038231#26	0
3257	0	2038231#38	0
3257	0	2038231#4	0
3257	0	2038231#42	0
3257	0	2038231#8	0
3265	0	14484#1	0
3265	0	1794163#0	0
3265	0	2048361#1	0
3265	0	2048361#2	0
3265	0	33752#0	0
3265	0	67933#0	1
3265	0	67933#1	0
3265	0	67933#2	0
3265	0	67933#3	0
3265	0	67933#5	0
3271	0	216213#19	1
3271	0	216213#2	1
3271	0	216213#23	1
3271	0	216213#26	0
3271	0	216213#6	1
3271	0	2632570#1	1
3271	0	2632570#2	1
3271	0	2632570#3	1
3271	0	2697410#1	1
3271	0	2822548#5	0
3314	0	1743395#1	0
3314	0	192649#0	0
3314	0	192649#1	1
3314	0	192649#15	1
3314	0	192649#16	1
3314	0	192649#17	1
3314	0	192649#18	1
3314	0	192649#19	0
3314	0	192649#20	0
3314	0	192649#5	1
3314	0	192649#8	0
3315	0	1206027#4	0
3315	0	122546#4	0
3315	0	122687#0	1
3315	0	122687#1	1
3315	0	122687#18	0
3315	0	1453097#13	0
3315	0	148395#6	0
3315	0	1665070#5	0
3315	0	2318512#0	0
3315	0	2765773#4	1
3315	0	3363756#0	0
3315	0	74381#4	0
3316	0	13713#79	0
3316	0	2331103#0	0
3316	0	2331103#1	1
3316	0	2331103#13	0
3316	0	2331103#148	0
3316	0	2331103#158	0
3316	0	2331103#85	0
3316	0	2637370#1	0
3316	0	32#36	0
3316	0	650081#4	0
3316	0	725095#107	0
3349	0	166087#0	1
3349	0	166087#11	0
3349	0	166087#15	0
3349	0	166087#17	0
3349	0	166087#18	0
3349	0	166087#2	0
3349	0	166087#4	0
3349	0	166087#9	0
3349	0	597674#0	0
3349	0	597674#1	0
3356	0	1204125#0	0
3356	0	1204125#12	0
3356	0	1204125#30	0
3356	0	1204125#5	0
3356	0	1204125#6	1
3356	0	1204125#7	0
3356	0	1204125#9	0
3356	0	3567259#0	0
3356	0	3567259#3	0
3356	0	396440#12	0
3398	0	1005047#9	0
3398	0	1276064#2	0
3398	0	1369564#0	0
3398	0	215213#38	0
3398	0	2838101#14	0
3398	0	42#16	1
3398	0	6471#0	0
3398	0	6471#1	0
3398	0	6471#15	1
3398	0	6471#59	0
3405	0	1698826#49	1
3405	0	1815426#0	1
3405	0	2468668#2	1
3405	0	3074067#2	1
3405	0	3074067#28	1
3405	0	3333573#13	1
3405	0	3347365#5	1
3405	0	3805224#3	1
3405	0	3846353#0	1
3405	0	3846353#2	1
3405	0	55201#30	1
343	0	13823#10	1
343	0	1497112#6	0
343	0	1747778#1	1
343	0	2025134#11	0
343	0	2025134#5	0
343	0	2025134#7	0
343	0	2025134#92	0
343	0	25194#0	1
343	0	25194#8	0
343	0	25194#9	1
3431	0	1137512#101	0
3431	0	1137512#21	0
3431	0	1137512#26	0
3431	0	1137512#27	0
3431	0	1137512#6	0
3431	0	1137512#80	0
3431	0	1137512#82	0
3431	0	1492756#1	1
3431	0	1492756#13	1
3431	0	1492756#14	0
3440	0	1080512#1	1
3440	0	1191218#7	0
3440	0	1436167#75	0
3440	0	2448861#12	0
3440	0	3095795#1	0
3440	0	3308645#1	0
3440	0	59423#19	0
3440	0	59423#3	0
3440	0	860957#1	0
3440	0	8745#0	1
3440	0	8745#14	0
3462	0	3641692#3	1
3462	0	448509#0	0
3462	0	448509#10	0
3462	0	448509#16	0
3462	0	448509#17	0
3462	0	448509#18	0
3462	0	448509#3	1
3462	0	448509#72	0
3462	0	448509#9	0
3462	0	683508#10	0
3462	0	683508#12	0
3466	0	2116#0	1
3466	0	2116#27	0
3466	0	2116#7	0
3466	0	2116#8	0
3466	0	34956#5	0
3466	0	3521816#0	1
3466	0	849460#34	0
3466	0	850344#5	0
3466	0	850374#4	0
3466	0	935923#1	1
3467	0	1406173#26	1
3467	0	335643#0	1
3467	0	335643#12	1
3467	0	335643#17	0
3467	0	335643#19	0
3467	0	335643#20	0
3467	0	335643#3	0
3467	0	335643#30	0
3467	0	335643#4	0
3467	0	335643#71	0
3489	0	166687#2	0
3489	0	2626064#0	0
3489	0	2943383#3	0
3489	0	3001765#0	0
3489	0	3099676#1	1
3489	0	3147542#1	0
3489	0	3617107#0	0
3489	0	964835#7	0
3489	0	97785#0	0
3489	0	97785#2	1
351	0	1408174#19	0
351	0	224669#15	0
351	0	2743397#3	0
351	0	3076314#3	0
351	0	3076314#6	0
351	0	3082744#0	1
351	0	3082744#1	0
351	0	36907#0	0
351	0	36907#2	1
351	0	36907#4	0
3511	0	1636310#0	1
3511	0	1698826#83	1
3511	0	233228#2	1
3511	0	28506#14	1
3511	0	3081457#4	0
3511	0	3124796#5	0
3511	0	3128714#6	0
3511	0	69604#0	1
3511	0	9332#16	0
3511	0	94202#14	1
3515	0	128027#7	0
3515	0	1470312#0	0
3515	0	2193313#0	0
3515	0	2332973#12	0
3515	0	2483954#0	1
3515	0	2734284#0	0
3515	0	3723812#0	0
3515	0	554637#15	0
3515	0	56360#14	0
3515	0	795428#6	0
3520	0	396941#0	1
3520	0	396941#1	0
3520	0	396941#10	0
3520	0	396941#15	0
3520	0	396941#16	0
3520	0	396941#2	0
3520	0	396941#27	0
3520	0	396941#43	0
3520	0	396941#7	0
3520	0	396941#9	0
3532	0	13282#3	0
3532	0	13282#5	1
3532	0	1884909#3	0
3532	0	2299375#5	0
3532	0	2318427#2	0
3532	0	2463151#2	0
3532	0	2558026#3	0
3532	0	453369#25	0
3532	0	744820#31	0
3532	0	948826#14	1
3557	0	1342615#4	0
3557	0	1972680#0	0
3557	0	2324165#2	1
3557	0	2544639#3	0
3557	0	272962#21	0
3557	0	272962#43	0
3557	0	272962#61	0
3557	0	272962#68	0
3557	0	47243#2	0
3557	0	84288#2	0
359	0	1185408#0	1
359	0	1185408#3	0
359	0	3420855#0	0
359	0	3420855#1	1
359	0	3420855#13	0
359	0	3420855#23	0
359	0	3420855#24	0
359	0	3420855#25	0
359	0	3420855#28	0
359	0	3420855#36	0
359	0	3420855#37	0
3615	0	1503276#1	0
3615	0	2069882#6	0
3615	0	2078587#0	1
3615	0	2078587#2	0
3615	0	2078594#2	0
3615	0	2078610#4	0
3615	0	2078610#5	0
3615	0	2541276#6	0
3615	0	2721151#9	0
3615	0	457533#3	0
3615	0	457533#4	0
3647	0	1473899#1	0
3647	0	1754968#2	0
3647	0	187490#0	0
3647	0	187490#1	1
3647	0	187490#10	0
3647	0	187490#4	0
3647	0	187490#5	0
3647	0	187490#9	0
3647	0	3543388#2	0
3647	0	367909#0	0
3668	0	2876785#0	0
3668	0	2876785#1	1
3668	0	2876785#15	0
3668	0	2876785#17	0
3668	0	2876785#18	0
3668	0	2876785#2	0
3668	0	2876785#20	0
3668	0	2876785#4	0
3668	0	2876785#6	0
3668	0	2876785#7	0
3668	0	2876785#8	0
3693	0	1130829#17	0
3693	0	1130829#3	0
3693	0	1130829#6	0
3693	0	303584#15	0
3693	0	414887#4	0
3693	0	876196#2	0
3693	0	896224#0	0
3693	0	896224#16	0
3693	0	896224#2	1
3693	0	896224#3	0
3693	0	896224#7	0
3701	0	1040206#1	0
3701	0	1057403#2	0
3701	0	1231185#1	0
3701	0	3018478#11	0
3701	0	3096309#3	0
3701	0	3694898#4	0
3701	0	74195#3	0
3701	0	78463#6	0
3701	0	78463#7	0
3701	0	819339#0	1
3701	0	819339#1	0
3703	0	142967#11	0
3703	0	201249#6	0
3703	0	2804510#1	0
3703	0	3359574#37	0
3703	0	500406#74	0
3703	0	63330#0	0
3703	0	63330#33	0
3703	0	63330#44	0
3703	0	63330#9	1
3703	0	901856#20	0
3714	0	11737#134	0
3714	0	198887#28	0
3714	0	2107941#5	1
3714	0	294930#2	0
3714	0	312600#4	0
3714	0	350662#21	0
3714	0	59611#11	0
3714	0	59613#1	1
3714	0	59613#6	0
3714	0	59613#9	0
3729	0	3219516#10	0
3729	0	3219516#12	1
3729	0	3219516#15	0
3729	0	3219516#17	1
3729	0	3219516#3	0
3729	0	3219516#5	1
3729	0	3219516#6	1
3729	0	3219516#7	1
3729	0	3219516#9	0
3729	0	3238057#16	1
3730	0	144296#0	0
3730	0	144296#19	0
3730	0	144296#21	0
3730	0	144296#23	0
3730	0	144296#34	0
3730	0	144296#35	0
3730	0	144296#41	0
3730	0	144296#44	0
3730	0	144296#46	0
3730	0	144296#50	0
3730	0	25384#7	1
3734	0	108269#1	0
3734	0	133504#1	0
3734	0	2835565#0	0
3734	0	29237#0	1
3734	0	29237#12	0
3734	0	29237#24	0
3734	0	29237#25	0
3734	0	3324581#0	0
3734	0	3765604#0	0
3734	0	859600#1	0
3741	0	1132816#0	0
3741	0	2111332#0	1
3741	0	2411416#0	0
3741	0	2601671#0	0
3741	0	2785302#0	0
3741	0	314948#0	0
3741	0	3318112#0	0
3741	0	3318112#13	0
3741	0	3563944#0	1
3741	0	53241#0	1
3751	0	1003733#4	0
3751	0	10157#14	0
3751	0	10157#2	1
3751	0	10157#4	0
3751	0	1682530#5	1
3751	0	1682530#9	0
3751	0	181277#0	0
3751	0	1970258#7	0
3751	0	1970258#8	0
3751	0	233071#0	1
3751	0	52926#31	0
3757	0	1076269#11	0
3757	0	1229920#3	0
3757	0	1390380#5	1
3757	0	186002#7	0
3757	0	227185#36	1
3757	0	3496285#2	0
3757	0	3865178#1	0
3757	0	576454#10	0
3757	0	576454#3	0
3757	0	576454#6	0
3757	0	576454#8	0
384	0	1310876#4	0
384	0	199315#1	0
384	0	2582689#4	0
384	0	3737072#0	0
384	0	3737072#2	1
384	0	3737072#3	0
384	0	3737072#4	1
384	0	3737072#9	0
384	0	51108#29	0
384	0	61737#34	0
384	0	61742#34	0
3867	0	1666772#3	0
3867	0	2654756#3	0
3867	0	272639#14	0
3867	0	272639#5	0
3867	0	307511#4	0
3867	0	3844778#0	0
3867	0	70301#0	0
3867	0	70301#11	1
3867	0	70301#28	0
3867	0	70301#9	0
3876	0	101671#16	0
3876	0	1017686#4	0
3876	0	116380#1	1
3876	0	147530#1	0
3876	0	2130645#11	0
3876	0	321717#5	0
3876	0	3499035#3	0
3876	0	67824#6	1
3876	0	859445#37	0
3876	0	96129#16	1
3877	0	1702975#0	0
3877	0	170612#22	0
3877	0	194450#4	0
3877	0	2680878#5	0
3877	0	332424#0	0
3877	0	3516678#0	0
3877	0	44338#9	0
3877	0	464783#0	1
3877	0	464783#1	0
3877	0	464783#2	0
389	0	1227516#36	0
389	0	3862713#0	1
389	0	3862713#1	0
389	0	3862713#20	0
389	0	3862713#22	0
389	0	3862713#23	0
389	0	3862713#27	0
389	0	3862713#3	0
389	0	536383#0	1
389	0	6355#48	0
3891	0	414342#23	0
3891	0	426827#0	0
3891	0	426827#101	0
3891	0	426827#105	1
3891	0	426827#106	1
3891	0	426827#107	1
3891	0	426827#16	1
3891	0	426827#2	0
3891	0	426827#5	1
3891	0	426827#59	0
3891	0	426827#6	0
3891	0	426827#7	1
3891	0	443040#2	1
3898	0	3220327#1	0
3898	0	48637#0	1
3898	0	48637#13	0
3898	0	48637#18	0
3898	0	48637#4	0
3898	0	48637#40	0
3898	0	48637#44	0
3898	0	48637#46	0
3898	0	781712#6	0
3898	0	799455#1	0
3905	0	111147#1	0
3905	0	1131911#14	1
3905	0	1356707#0	0
3905	0	2602464#1	0
3905	0	268964#1	0
3905	0	270867#0	0
3905	0	2956757#1	0
3905	0	370784#0	1
3905	0	41725#10	0
3905	0	800376#1	0
3905	0	892851#2	0
3955	0	2894847#1	0
3955	0	335490#3	0
3955	0	335490#4	0
3955	0	483588#2	0
3955	0	86882#0	0
3955	0	86882#1	0
3955	0	86882#11	0
3955	0	86882#17	0
3955	0	86882#3	1
3955	0	86882#4	0
3966	0	1167746#1	1
3966	0	1167746#13	0
3966	0	1276336#30	0
3966	0	1829879#18	0
3966	0	2726443#11	0
3966	0	3327171#4	0
3966	0	37508#29	0
3966	0	400855#13	0
3966	0	414432#11	0
3966	0	46024#10	0
3966	0	532953#37	0
3966	0	603397#43	0
3967	0	111351#1	0
3967	0	1225364#109	0
3967	0	1225364#117	0
3967	0	1225364#123	0
3967	0	1225364#6	1
3967	0	2741286#2	0
3967	0	3863113#1	0
3967	0	423981#1	0
3967	0	602813#1	0
3967	0	946876#1	0
3971	0	2671452#3	1
3971	0	2737305#1	0
3971	0	287134#35	0
3971	0	3074199#16	0
3971	0	3207633#0	0
3971	0	73205#0	0
3971	0	73205#3	1
3971	0	821897#27	0
3971	0	92546#95	0
3971	0	92546#97	0
4003	0	1453965#2	0
4003	0	174046#2	0
4003	0	1761334#1	0
4003	0	1761334#3	1
4003	0	1761334#6	0
4003	0	1954650#1	0
4003	0	34552#2	0
4003	0	35430#4	1
4003	0	484944#3	0
4003	0	534873#2	0
4003	0	975055#2	0
4012	0	151282#0	0
4012	0	151282#13	0
4012	0	151282#16	0
4012	0	151282#3	1
4012	0	151282#35	1
4012	0	151282#37	0
4012	0	151282#39	0
4012	0	151282#45	0
4012	0	151282#6	1
4012	0	151282#7	0
4053	0	125083#3	0
4053	0	1607814#2	0
4053	0	2561577#0	0
4053	0	2561577#1	0
4053	0	2561577#12	0
4053	0	2561577#3	1
4053	0	2561577#32	0
4053	0	2561577#5	0
4053	0	2561577#6	0
4053	0	798030#21	0
4057	0	1100366#114	0
4057	0	2743272#0	1
4057	0	2743272#1	0
4057	0	2743272#2	0
4057	0	2743272#24	0
4057	0	2743272#33	0
4057	0	2743272#36	0
4057	0	2743272#37	0
4057	0	2743272#39	1
4057	0	2743272#4	0
4061	0	1952#11	0
4061	0	1952#33	0
4061	0	1952#4	1
4061	0	1952#6	0
4061	0	1952#7	0
4061	0	1952#9	0
4061	0	3204832#6	0
4061	0	411011#4	0
4061	0	437438#2	0
4061	0	65558#15	0
4061	0	864891#21	0
409	0	20476#10	0
409	0	20476#11	0
409	0	20476#12	0
409	0	20476#13	0
409	0	20476#14	0
409	0	20476#2	0
409	0	20476#6	0
409	0	20476#8	0
409	0	2597595#9	0
409	0	2662793#126	0
409	0	327773#0	1
4100	0	1056209#0	0
4100	0	1138384#11	0
4100	0	1138384#13	0
4100	0	1657340#12	0
4100	0	1847075#23	0
4100	0	1847075#30	0
4100	0	25668#17	0
4100	0	279208#4	1
4100	0	354020#5	0
4100	0	772781#5	0
4100	0	84170#5	0
411	0	1040114#0	1
411	0	1040114#2	0
411	0	1139450#0	1
411	0	1139450#1	0
411	0	1139450#11	0
411	0	1139450#2	0
411	0	1139450#3	0
411	0	1139450#4	0
411	0	1139450#5	0
411	0	1139450#6	0
4165	0	102529#4	0
4165	0	1268549#2	0
4165	0	229#1	1
4165	0	229#6	0
4165	0	229#7	0
4165	0	2831146#4	0
4165	0	313911#2	0
4165	0	336303#2	0
4165	0	347110#1	0
4165	0	473079#0	1
4196	0	11260#2	1
4196	0	11260#24	0
4196	0	11260#26	0
4196	0	142103#5	0
4196	0	1939594#6	1
4196	0	2369726#0	0
4196	0	3015250#51	0
4196	0	3578906#35	0
4196	0	743367#60	0
4196	0	743367#67	0
4196	0	801123#3	0
4215	0	122441#1	1
4215	0	122441#28	0
4215	0	122441#8	0
4215	0	1772652#1	0
4215	0	3146817#26	0
4215	0	3612637#9	0
4215	0	540486#0	0
4215	0	758629#0	0
4215	0	758629#10	0
4215	0	758629#13	0
4215	0	758629#14	0
4217	0	1326102#0	0
4217	0	1326102#1	0
4217	0	1326102#19	0
4217	0	1326102#2	0
4217	0	1326102#3	1
4217	0	1326102#4	0
4217	0	1326102#6	0
4217	0	1326102#7	0
4217	0	1326102#8	0
4217	0	1326102#9	0
4227	0	1948076#4	0
4227	0	2809687#0	0
4227	0	2809687#11	0
4227	0	2809687#14	1
4227	0	2809687#3	0
4227	0	2839196#1	0
4227	0	2865616#14	0
4227	0	3250676#0	0
4227	0	3481817#0	0
4227	0	453305#2	0
4233	0	2313895#1	0
4233	0	2387366#38	0
4233	0	2607002#10	0
4233	0	2935009#2	0
4233	0	3026562#0	0
4233	0	3026562#23	0
4233	0	3026562#4	0
4233	0	3026562#6	1
4233	0	3519065#23	0
4233	0	3779272#20	0
4233	0	828233#4	0
4239	0	170973#1	0
4239	0	170973#10	0
4239	0	170973#11	0
4239	0	170973#16	0
4239	0	170973#6	1
4239	0	170973#8	0
4239	0	2352799#11	0
4239	0	3764018#2	0
4239	0	589506#5	0
4239	0	835971#11	0
4261	0	1078986#5	0
4261	0	163217#0	0
4261	0	163217#5	0
4261	0	163217#7	0
4261	0	1874206#3	0
4261	0	2051541#0	0
4261	0	22824#3	0
4261	0	2301772#0	0
4261	0	2388235#79	0
4261	0	607541#0	0
4261	0	99389#4	1
4268	0	1042794#2	0
4268	0	109#67	0
4268	0	1521693#0	0
4268	0	1639187#0	1
4268	0	181325#3	0
4268	0	195097#0	0
4268	0	252535#0	0
4268	0	59446#5	0
4268	0	65008#0	0
4268	0	80609#9	0
4272	0	17602#129	0
4272	0	17905#122	1
4272	0	18747#4	0
4272	0	255205#1	0
4272	0	3747#4	0
4272	0	3747#7	1
4272	0	432747#1	1
4272	0	55431#9	1
4272	0	747898#11	0
4272	0	86074#1	0
4272	0	86074#59	0
4280	0	2395722#0	0
4280	0	3533380#0	1
4280	0	3533380#13	0
4280	0	3533380#15	0
4280	0	3533380#16	1
4280	0	3533380#2	0
4280	0	3533380#3	0
4280	0	3533380#5	0
4280	0	3533380#7	0
4280	0	3533380#8	0
4285	0	1322333#2	0
4285	0	1498144#0	0
4285	0	1532526#2	0
4285	0	3044147#0	1
4285	0	3334409#4	0
4285	0	3394207#1	0
4285	0	3394207#5	0
4285	0	870743#1	1
4285	0	870743#43	0
4285	0	870743#8	0
4285	0	870743#9	0
4322	0	460865#0	0
4322	0	460865#16	0
4322	0	460865#24	1
4322	0	460865#33	0
4322	0	460865#48	0
4322	0	460865#6	1
4322	0	460865#64	0
4322	0	460865#69	0
4322	0	460865#7	0
4322	0	460865#70	0
4361	0	568042#4	0
4361	0	570930#0	0
4361	0	570930#1	0
4361	0	570930#7	0
4361	0	570930#8	0
4361	0	571748#0	0
4361	0	571748#3	1
4361	0	571748#4	0
4361	0	571748#5	0
4361	0	8575#45	0
4374	0	13029#0	0
4374	0	15531#26	0
4374	0	21603#18	0
4374	0	21603#21	0
4374	0	21603#22	0
4374	0	72371#11	0
4374	0	72371#15	0
4374	0	72371#2	0
4374	0	72371#3	1
4374	0	72371#6	0
4393	0	1516335#23	0
4393	0	1516335#31	0
4393	0	1516335#8	0
4393	0	319401#15	0
4393	0	319401#17	0
4393	0	319401#23	1
4393	0	319401#29	0
4393	0	319401#4	0
4393	0	319401#5	0
4393	0	319401#8	0
4393	0	66628#39	0
4423	0	1616609#2	0
4423	0	2681890#0	1
4423	0	2719275#1	0
4423	0	2734673#1	0
4423	0	2908849#5	0
4423	0	3324376#1	0
4423	0	3552558#0	0
4423	0	365023#4	0
4423	0	3805797#3	0
4423	0	3894438#0	0
4446	0	1505424#1	0
4446	0	3790576#8	1
4446	0	473286#128	0
4446	0	59611#11	1
4446	0	59611#12	1
4446	0	59611#15	0
4446	0	59611#8	0
4446	0	649800#0	0
4446	0	649800#2	1
4446	0	97887#8	1
4458	0	105582#15	0
4458	0	109130#3	1
4458	0	1583943#7	0
4458	0	1635337#3	0
4458	0	1728940#3	0
4458	0	334099#1	0
4458	0	334099#4	0
4458	0	334099#6	1
4458	0	723487#1	0
4458	0	987636#5	0
4472	0	2454992#0	0
4472	0	2454992#15	0
4472	0	2454992#16	0
4472	0	2454992#18	0
4472	0	2454992#20	1
4472	0	2454992#21	0
4472	0	2454992#24	0
4472	0	2454992#27	0
4472	0	2454992#3	0
4472	0	2454992#6	0
4472	0	2454992#8	0
4478	0	2696297#3	0
4478	0	4033#7	0
4478	0	881483#0	0
4478	0	881483#1	0
4478	0	881483#10	0
4478	0	881483#15	0
4478	0	881483#2	1
4478	0	881483#3	0
4478	0	881483#5	0
4478	0	881483#6	0
4484	0	2410947#0	1
4484	0	2410947#1	1
4484	0	2410947#11	0
4484	0	2410947#12	0
4484	0	2410947#14	1
4484	0	2410947#16	0
4484	0	2410947#23	0
4484	0	2410947#24	1
4484	0	2410947#3	1
4484	0	2410947#4	0
4484	0	2410952#8	0
4490	0	15965#6	1
4490	0	2805771#0	0
4490	0	2805771#13	0
4490	0	2805771#14	0
4490	0	2805771#15	0
4490	0	2805771#17	0
4490	0	2805771#2	1
4490	0	2805771#22	0
4490	0	2805771#23	0
4490	0	2805771#5	0
4490	0	3044616#1	0
4490	0	63334#6	1
4497	0	188282#0	0
4497	0	21044#13	0
4497	0	21044#15	0
4497	0	2615653#0	0
4497	0	2615653#1	0
4497	0	2615654#28	0
4497	0	2615654#3	0
4497	0	2615654#4	0
4497	0	382006#161	0
4497	0	8205#26	0
4497	0	958578#43	1
4500	0	1336917#0	0
4500	0	191577#0	1
4500	0	191577#1	1
4500	0	191577#18	0
4500	0	191577#6	0
4500	0	191577#80	0
4500	0	2157996#0	0
4500	0	2157996#1	0
4500	0	254437#0	0
4500	0	2734751#1	0
4505	0	253754#2	0
4505	0	358790#5	0
4505	0	363828#0	1
4505	0	363828#1	1
4505	0	363828#11	0
4505	0	363828#16	0
4505	0	363828#17	0
4505	0	363828#18	0
4505	0	366760#3	0
4505	0	3839020#0	0
4567	0	102812#0	1
4567	0	102812#1	0
4567	0	102812#2	0
4567	0	1102020#22	0
4567	0	1102020#23	0
4567	0	1102020#24	0
4567	0	1102020#25	0
4567	0	28651#62	0
4567	0	823990#0	0
4567	0	96367#9	0
4579	0	1287218#1	0
4579	0	1888921#1	0
4579	0	201477#6	0
4579	0	22900#0	0
4579	0	3307985#0	0
4579	0	402161#0	0
4579	0	438087#1	0
4579	0	724200#0	0
4579	0	724200#1	1
4579	0	75849#1	0
4589	0	1776#1	1
4589	0	1776#11	0
4589	0	1776#13	0
4589	0	1776#14	0
4589	0	1776#15	0
4589	0	1776#6	0
4589	0	1776#9	0
4589	0	32735#8	0
4589	0	3897223#23	0
4589	0	5743#44	0
460	0	1578058#5	1
460	0	277966#3	1
460	0	277966#4	0
460	0	2861423#2	0
460	0	94138#49	1
460	0	94138#5	0
460	0	94140#17	0
460	0	94140#18	1
460	0	94140#31	0
460	0	94140#50	0
4615	0	1028883#0	0
4615	0	1028883#12	0
4615	0	1028883#23	0
4615	0	1028883#24	0
4615	0	1028883#29	0
4615	0	1028883#30	0
4615	0	1028883#39	0
4615	0	1028883#4	1
4615	0	1028883#44	0
4615	0	1028883#5	0
4615	0	1068096#26	0
462	0	1618828#0	1
462	0	1618828#1	0
462	0	1618828#5	0
462	0	1649367#5	0
462	0	271877#1	0
462	0	3118869#1	0
462	0	3371047#0	0
462	0	3862#21	0
462	0	3875125#12	0
462	0	744764#1	0
4625	0	1338535#0	0
4625	0	1548518#1	0
4625	0	1944243#60	0
4625	0	2022792#6	0
4625	0	2133934#0	0
4625	0	2133934#1	0
4625	0	2905965#4	0
4625	0	639566#8	0
4625	0	941153#0	1
4625	0	941153#140	0
465	0	2017788#0	1
465	0	277241#4	0
465	0	3311453#0	0
465	0	3311453#11	0
465	0	3311453#15	0
465	0	3334613#0	0
465	0	3334613#10	0
465	0	350132#1	0
465	0	658133#0	0
465	0	658133#8	0
49	0	1365745#1	0
49	0	1645594#2	0
49	0	1764652#0	0
49	0	1764652#2	0
49	0	1764652#9	0
49	0	2282793#6	0
49	0	2282793#7	0
49	0	3792990#1	0
49	0	57206#1	1
49	0	57206#15	0
49	0	57206#4	0
490	0	113877#33	0
490	0	1362566#20	0
490	0	302674#14	0
490	0	33177#11	0
490	0	559771#14	0
490	0	559771#21	0
490	0	559771#9	1
490	0	971876#37	0
490	0	972395#14	0
490	0	972395#25	0
493	0	22237#11	0
493	0	234278#0	0
493	0	234278#1	1
493	0	234278#12	0
493	0	234278#2	0
493	0	234278#21	0
493	0	234278#3	0
493	0	234278#4	0
493	0	234278#5	0
493	0	234278#6	0
496	0	151733#9	0
496	0	2387091#0	0
496	0	2387091#2	0
496	0	2680356#17	0
496	0	3567636#1	0
496	0	3626371#2	0
496	0	3626371#6	0
496	0	44307#2	0
496	0	72451#0	1
496	0	72451#1	0
496	0	83952#1	0
497	0	1429200#3	0
497	0	1618763#5	0
497	0	16751#0	1
497	0	16751#10	0
497	0	16751#5	0
497	0	1698893#0	1
497	0	1698893#30	1
497	0	1698893#6	0
497	0	1779001#0	1
497	0	1929594#0	1
497	0	1929594#7	0
497	0	259279#0	0
5	0	11152#10	0
5	0	11152#23	0
5	0	11152#30	0
5	0	11152#4	1
5	0	11677#15	0
5	0	1629982#15	0
5	0	1629982#5	0
5	0	17099#11	0
5	0	20854#19	0
5	0	2669571#7	0
524	0	1860589#10	0
524	0	1921303#2	0
524	0	231786#0	0
524	0	252256#2	0
524	0	252256#3	1
524	0	252256#7	0
524	0	313499#25	0
524	0	45544#4	0
524	0	59700#3	0
524	0	734020#8	0
534	0	1327#0	0
534	0	1327#12	0
534	0	1327#13	0
534	0	1327#2	1
534	0	1327#7	0
534	0	1327#8	0
534	0	28737#1	0
534	0	3085282#1	0
534	0	37310#4	0
534	0	37310#5	0
551	0	148232#7	0
551	0	1682530#50	1
551	0	212057#1	0
551	0	31896#5	1
551	0	4001#18	1
551	0	547381#13	0
551	0	547381#14	0
551	0	547381#16	0
551	0	547381#35	0
551	0	547381#6	0
551	0	576554#8	0
578	0	127002#27	0
578	0	170037#1	0
578	0	1739463#0	1
578	0	2029126#1	0
578	0	21131#1	0
578	0	2695454#2	0
578	0	3476215#1	0
578	0	3689933#1	0
578	0	3733009#0	0
578	0	67180#2	0
593	0	1889026#55	0
593	0	1889549#1	0
593	0	1948833#1	0
593	0	34168#3	0
593	0	34170#1	1
593	0	34170#5	0
593	0	3533#47	0
593	0	3817212#3	0
593	0	79136#2	0
593	0	841620#4	0
618	0	1345257#2	1
620	0	941494#0	1
621	0	450059#3	1
625	0	1297035#7	1
649	0	1923379#2	1
661	0	609316#0	1
663	0	4999#0	1
67	0	2548803#3	1
670	0	990202#0	1
674	0	114384#1	1
677	0	332229#0	1
718	0	864396#7	1
747	0	36643#3	1
755	0	36547#4	1
764	0	3534#1	1
794	0	1028883#22	0
794	0	1062921#27	0
794	0	1073150#20	0
794	0	1073150#40	0
794	0	1373991#30	0
794	0	1373991#32	0
794	0	3589004#1	0
794	0	3589004#12	0
794	0	3589004#7	1
794	0	3589004#8	0
794	0	3589004#9	0
80	0	102671#0	0
80	0	236287#0	0
80	0	30403#10	0
80	0	30403#28	0
80	0	30403#3	1
80	0	30403#4	0
80	0	30403#8	0
80	0	3326858#9	0
80	0	371041#68	0
80	0	49929#4	0
80	0	85987#1	0
802	0	117733#1	1
802	0	20252#0	1
802	0	2446193#19	1
802	0	3747#0	0
802	0	3747#4	1
802	0	3747#62	0
802	0	517695#3	0
802	0	697096#1	0
802	0	801000#29	1
802	0	86074#0	0
802	0	86074#1	0
820	0	1061589#11	0
820	0	2439267#1	0
820	0	44961#0	0
820	0	44961#1	1
820	0	44961#10	0
820	0	44961#11	0
820	0	44961#16	0
820	0	44961#18	0
820	0	44961#3	0
820	0	821807#6	0
831	0	1003826#14	0
831	0	1003846#5	0
831	0	140680#4	1
831	0	15878#69	0
831	0	2194#22	1
831	0	31466#15	0
831	0	31466#30	0
831	0	3843#5	1
831	0	46515#73	0
831	0	981783#2	1
833	0	124711#1	0
833	0	124711#2	1
833	0	1294308#0	0
833	0	1428284#2	0
833	0	1808300#15	1
833	0	2148588#1	1
833	0	2563253#0	0
833	0	378227#1	0
833	0	719514#9	1
833	0	987397#1	0
90	0	102838#0	0
90	0	102838#11	0
90	0	102838#15	1
90	0	102838#26	0
90	0	102838#28	0
90	0	102838#3	0
90	0	102838#32	0
90	0	102838#33	0
90	0	102838#35	0
90	0	102838#38	0
90	0	102838#4	0
91	0	1816462#20	0
91	0	1835832#5	0
91	0	517739#0	0
91	0	517739#1	0
91	0	517739#10	0
91	0	517739#14	0
91	0	517739#2	0
91	0	517739#3	0
91	0	517739#6	0
91	0	517739#8	1
91	0	803633#0	0
925	0	18539#29	0
925	0	1954134#2	0
925	0	314243#9	1
925	0	425991#0	1
925	0	425991#1	0
925	0	563049#1	1
925	0	563049#29	1
925	0	563049#30	0
925	0	563049#5	0
925	0	563049#8	1
926	0	12187#0	0
926	0	12187#7	0
926	0	1458874#24	0
926	0	18072#4	0
926	0	18072#5	0
926	0	2067606#1	0
926	0	34566#1	0
926	0	60599#6	0
926	0	7558#1	1
926	0	7558#27	0
990	0	1067117#3	0
990	0	205135#3	0
990	0	2399884#4	0
990	0	3503327#0	0
990	0	3816164#0	0
990	0	3897222#0	0
990	0	413683#3	0
990	0	524442#0	0
990	0	524442#1	0
990	0	524442#2	1
990	0	568278#1	0
