0	“ダン” ダニエル・ジャドソン・キャラハンの出身はどこ
101	日本で最古の民間保険会社は何？
102	アメリカ合衆国で禁酒法が行われていた時期はいつですか？
1059	京都帝国大学は京都大学の前身？
1060	アメリカのメイン州の州都はどこ
1068	フランスの首都はどこ
1080	アンドラ公国の首都はどこですか？
1119	スコットランドに神話はありますか？
1120	北川 民次は何歳で日本に帰国した？
1156	大韓航空8509便墜落事故による死者数は？
1158	『ガンダムシリーズ』のジオン共和国の主要産業は何
1163	情報番組の起源はいつ
1173	東洋バスが創設されたのはいつ
1190	阪神淡路大震災による被害者の数は？
1199	小説『ユリシーズ』が出版されたのはいつ
1201	地上デジタル放送が始まったのはいつ
1205	孟子の出身はどこ？
1226	人工ダイヤモンドの作成が初めて成功したのはいつ
1228	ブリュッセルの面積は？
1250	シンガポールの戦いで日本軍は戦車を用いた？
1253	ボイコットとはなんですか？
1260	東北大学はいつ設立した？
1296	ベルトルト・コンラート・ヘルマン・アルベルト・シュペーアはいつ死去した
1310	アメリカ合衆国はいつ設立された？
1316	アーリア人の発祥はどこ
1337	ヒュー・グラスはいつ生まれた？
1345	太田プロダクションの社長はだれですか？
1348	法隆寺はいつ建てられた？
1366	オーストラリア大陸の面積は？
1377	ウガンダはいつ建国した
1394	マーガレット・ヒギンズ・サンガーに子どもはいる？
14	水蒸気自動車が初めて開発されたのはいつ
1406	永野 修身はどこの出身？
1418	ダニエル・ジョセフ・リチャルドは何歳でモータースポーツを始めた？
1424	桶川ストーカー殺人事件の主犯に対する刑罰は何？
1427	トニー賞の授賞式はどこで行われますか？
1483	第一回ワールド・ベースボール・クラシックの優勝国はどこ
1487	ハノーファーは以前独立した国でしたか？
1492	ヴィム・ホフはギネス記録を更新したことがある？
1507	フェルナンド・モリエンテスが最初に所属したチームは何？
1525	郵便局では生命保険を扱っていますか？
1528	バス車両の「バス」の語源は何？
1533	成人の大脳の重さは？
1536	オスカー・ワイルドはいつ生まれた
1551	スペインでは宮廷画家が存在した？
1568	南米には何か国ありますか？
1591	銀河にあるダーク・マターとは何ですか？
1600	若松城の初代城主は誰
162	田村 駒治郎の父親の職業は何
1621	スペインは大統領制？
1646	日本最古の図書館は何？
1651	ウルグアイで最も多い人種は何？
1654	占星術の発祥はどこ
1661	ジョージ・F・ケナンの出身はどこ
1690	ウジェーヌ・ローズ・ド・ボアルネの出身はどこ
1727	ドローレス・イバルリ・ゴメスはいつ生まれた？
1743	エドワード・トンプソン・"ネッド"・ブレシットはいつ生まれた？
1747	UDトラックスはトラックの製造に特化した会社？
1779	岐阜県高山市の広さは？
1781	台湾の首都はどこ？
1795	マリリン・モンローの出身はどこ
1813	マヤグエース号事件により死者は出た？
1829	イーライ・ホイットニーはいつ生まれた？
1832	オットー・カリウスの出身はどこ？
1845	コーラ・パールの出身はどこ
1848	国立病院は医療法人？
1852	アーネスト・シャクルトンが率いた帝国南極横断探検隊は、何帝国の探検隊ですか？
1857	アルフレッド・アドラーはいつ生まれた
1861	パンセクシュアルの性的指向は？
1862	要塞とは何ですか？
187	サバトの起源はいつ
1910	アルバート・アイラーはグループで活動した？
1922	長野電鉄2000系電車には何車両ある？
1936	日本で原子力発電がはじまったのはいつ
1957	ゲームに依存性はある？
1977	太陽誘電はいつ設立した？
1985	ヤン・マテイコはいつ生まれた？
1989	民間信仰とは何ですか？
2006	ニュージーランドに白人が入植したのはいつ
2017	新谷かおるの性別は？
2037	サイイド・ムハンマド・アブドゥラー・ハッサンの宗教は何
2042	スプラッター映画の先駆者は誰
2064	沖縄はいつ日本に返還されましたか？
2072	阪神淡路大震災はいつ発生した？
2096	きゅうそキャンプの創始者は誰？
2123	プラモデルの起源はいつ
213	日本帝国軍の階級で最高階級は何だった？
2163	自治州とは何ですか？
2186	ベネディクト・アーノルド5世はどこで生まれた？
22	スポーツにおけるドーピング検査が始まったのはいつ
2203	日墨学院はいつ設立した？
2209	レオニード・イリイチ・ブレジネフは共産主義者？
2219	空気浮上式鉄道は完成した？
2252	フランシウムは何から発見された？
2265	中華思想はいつ発生した
2269	ジョージ・ビードルの出身はどこ
2297	涙の道でなくなったチェロキー族の最も多くの死因は？
2312	ＳＵＢＡＲＵの創始者は誰？
2313	日本で 人工降雪機の生産が始まったのはいつ
2318	外国人と日本人のハーフの子はどこで生まれても日本国籍を取得する権利がある？
2324	Blueholeはいつ設立した？
2334	ガウスは数学者ですか？
2338	ジョージ・オーウェルのデビュー作は何
234	アメリカン・エキスプレスはいつ設立した？
235	ヘーラルト・トホーフトはノーベル賞を受賞した？
2358	ジョゼフ・エリオット・ジラルディの主な守備位置は
2398	クライスラーの創始者は誰
2403	マイソール王国は現在のどこの国にあった？
2405	五大湖で最も大きい湖は何？
2424	正規雇用とは、アルバイト、契約社員も含まれますか？
2472	リフティングボディを採用した初めての航空機は何
2481	ローバー・グループ が最初に販売した自動車は何
249	目屋ダムはいつ建設された？
2497	大トルコ戦争が起きたきっかけは何
2500	ターハー・ヤースィーン・ラマダーン・アッ＝ジズラーウィーの所属政党は？
2535	森上亜希子の効き手は？
2546	『昆虫記』は何年に発表されましたか？
2561	ヘンリー・ムーアはいつ生まれた？
2592	日本の教育で体罰が禁止されるようになったのはいつ
26	パメラ・コールマン・スミスはいつ生まれた？
2604	英語は何語から派生した？
2612	オルゴールの発祥はどこ？
262	綿繰り機はいつ発明された？
2622	アリは一つの巣に複数の女王アリがいることはある？
2627	イギリス保守党が結成したのはいつ
2645	ジェイソン・"ジェイ"・グールドはいつ生まれた？
2650	バルトーク・ベーラはいつ生まれた
2660	ニッポン放送はいつ設立された？
2671	漫画『ファイブスター物語』はＳＦ作品？
2676	ポルトガルはいつから航海を始めた
2678	日本で初めて写真を撮った人は誰？
2683	富士山は活火山？
2714	日本人ではじめてオリンピック・マラソンに参加したのは誰ですか？
2747	日本航空機の機長が逆噴射をした事件当時の機長は精神病があった？
275	三宅島にはいくつの火山がある？
2780	秋田県立野球場でプロ野球の試合が行われたことはある？
2790	ジョゼ・マヌエル・ドゥラン・バローゾの出身はどこ
2793	『ICO』のストーリーはどのようなものですか？
2802	日本のプロ野球選手の労働組合は存在する？
2855	ウディ・アレン監督の出身はどこ？
2857	三連祭壇画は折り畳みができますか？
2859	CSS/USS アトランタの名称の由来は何
288	花形 満はストーリーの中でどの高校出身ですか？
2898	新谷かおるの処女作は何？
2909	ロッキード社はの創立は何年ですか？
2947	「シチリアの晩祷」とはなんですか？
2951	1755年のリスボン地震の震源地はどこ？
2954	O・J・シンプソンの最初に所属したプロのアメフトチームは何
2959	特急形車両がさいしょに運航したのはいつ？
296	スウェーデンの首都はどこ？
2971	ソーラーカーの最高時速は何キロメートルですか？
2975	きちがいは差別用語？
2981	津軽三味線の皮は何の皮で作られていた？
3000	日本IBMはいつ設立した
302	家事は無給労働か？
306	サイエントロジーは宗教団体？
3065	ペータースハーゲンが合併したのは何年ですか？
3070	グレーシャー国立公園に野生動物はいる？
3086	ディーゼル自動車はいつ開発された？
3093	トーマス・ジョン・ワトソン・シニアの出身はどこ
3103	第二次上海事変はいつ起きた？
3110	ヤマト王権を興したのは誰？
3117	北方四島交流事業はいつ開始した？
3121	マリヤ・フョードロヴナはいつ亡くなりましたか？
3130	ネブラ・ディスクの大きさは？
3139	イタリア王国はいつ建国した
3172	西ゴート王国は現在のどこの国に位置した？
3185	オリンピック陸上競技で初めて優勝したエチオピア人ランナーは誰？
3201	オーストラリアのプロサッカーリーグはいつ設立した？
3213	太陽誘電の創始者は誰
3228	ヤリ＝マティ・ラトバラは何歳で世界ラリー選手権に優勝した？
3247	イスパノ・スイザ社はいつ設立した？
3257	飛騨川流域一貫開発計画は施行された？
3265	恩賜上野動物園は国立動物園？
3271	育児休業を男性が取得することは可能？
3314	フィニッシングスクールは日本に存在した？
3315	北海道に原子力発電所はある？
3316	中世ヨーロッパにおける最大の宗教は何
3349	カーネギーメロン大学はどこにありますか？
3356	セントポールの面積は？
3398	タンパク質には何種類ありますか？
3405	スペインには首相がいますか？
343	神戸港が開港したのはいつ
3431	尾原ダムは多目的ダム？
3440	麻雀の発祥はどこ
3462	サジェストペディア を提唱したのは誰
3466	ロボットアニメ『鉄腕アトム』の著者は誰ですか？
3467	日本で国勢調査が行われる頻度は？
3489	オンタリオ湖の大きさは？
351	フロリダ州の州都はどこ
3511	バスク人とは民族ですか？
3515	ポルリンの性別は？
3520	脱法ドラッグとは、法律で規制されていない薬物？
3532	日本で初めて建てられた盲学校は何？
3557	モータースポーツの起源はいつ
359	ミャンマーの正式名称は何？
3615	宮城県仙台市の初代市長は誰？
3647	氷室冴子の処女作は何？
3668	上野動物園クロヒョウ脱走事件のクロヒョウはどこの国から来た？
3693	潜水艦スレッシャー の初代船長は誰
3701	ジョン・バダムはいつ生まれた？
3703	植物は解糖系を持つ？
3714	日本で人間の鳥葬は合法ですか？
3729	テンプラニーリョでワインはできる？
3730	ミンミンゼミは日本古来の種？
3734	歌舞伎座は、どこにありますか？
3741	アメリカ合衆国ウィスコンシン州の州都はどこ
3751	蒸気機関を発明したのは誰
3757	東洋工業の創業者は誰
384	袁犀が流亡したのは何故？
3867	TOTOの創始者は誰？
3876	日本最初の保険会社は何
3877	ケネス1世の没年はいつですか？
389	ソビエト連邦がポーランドに侵攻を始めたのはいつ
3891	国土交通省直轄ダム以外のダムもありますか？
3898	アル・カポネはいつ生まれた？
3905	日本最古の株式会社は何？
3955	渡辺 美智雄の政治家になる前の職業は何？
3966	ＭＬＢの投手の最高急速記録はなに？
3967	トマス・ジェファーソンの出身はどこ
3971	スペイン料理のパエリアのお米が黄色にしている材料はなんですか？
4003	イオングループはいつ設立された？
4012	サービス残業は労働基準法に反する？
4053	ノヴィ・ベオグラードの面積は？
4057	近江天保一揆で死者は出た？
4061	デジタルカメラはいつ開発された？
409	ドミートリイ・ショスタコーヴィチの最期の作品は何？
4100	日本には歴史上、山賊はいますか？
411	ワーク・ライフ・バランスの意味は何ですか？
4165	高橋留美子のデビュー作は何
4196	ラグビーの発症はどこ
4215	イギリス海軍の「ドレッドノート」の名前の由来は何
4217	最初のザナドゥ・ハウスはどこに建てられた？
4227	『ワンス・アポン・ア・タイム』は日本で放送された？
4233	エドワード・トンプソン・"ネッド"・ブレシットに息子はいる？
4239	世界で始めてソフトウェア特許を受けたのは何ですか？
4261	オフローダーとは何ですか？
4268	ロシア最南端の都市は？
4272	京阪神急行電鉄はいつ設立した
4280	ブランドン・ティーナの生まれの性別は何？
4285	Googleの本社はどこにある？
4322	ナッシュビル・サウンズのオーナーは？
4361	アルフレッド・コージブスキーは一般意味論に関する本を出版した？
4374	NEC Vシリーズの発売が始まったのはいつ
4393	ゴーンが日産の取締役になったのはいつ
4423	サー・ジョシュア・ロウリーはいつ生まれた？
4446	日本では死体を火葬するのが法律で定められていますか？
4458	パリ・コレクションが始まったのはいつ
4472	ユナイテッド・ニュージャージー鉄道運河はいつ設立された
4478	ワーキングメモリという概念はいつ誕生した？
4484	環境決定論の提唱者は誰
4490	『アンドレイ・ルブリョフ』は映画の賞を受賞しましたか？
4497	韓国には古来の宗教が存在する？
4500	ベルトルト・コンラート・ヘルマン・アルベルト・シュペーアの出身はどこ
4505	Pファンクはいつ結成した？
4567	台湾に国営放送はある？
4579	押川雲太朗の出身はどこ
4589	ミュージカル映画の起源はいつ
460	「AK-47」の銃弾の大きさは？
4615	マーベル・コミックのジュビリーは人間？
462	エンターテイニング・コミックスの創業者は誰？
4625	MMORPG「ラグナロクオンライン」をつくった会社は何？
465	レキシントンの面積は何㎢ですか？
49	ハンガリー王国は何年続いた？
490	阪急バスに バス代行は存在する？
493	組体操の起源はいつ
496	CBS放送はいつ設立された？
497	ウェールズはどこの国に属する？
5	相模原線が開通したのはいつ
524	日本赤軍はいつ設立された？
534	和月伸宏のデビュー作は何
551	電車が初めて開発されたのはいつ
578	オーウェン・D・ヤングの出身はどこ
593	ロッキードはいつ設立した？
618	ミニエー銃は連射が可能か？
620	カルメル山はどこにある山？
621	賭博は日本で合法ですか？
625	日本でナンバープレートはいつから使用されていますか？
649	ニコラス・ヒリアードの出身はどこ？
661	ニコライ・アンドレーヴィチ・ロスラヴェッツの出身はどこ
663	トールキンの『指輪物語』は何年に書かれましたか？
67	『メイベリー110番』の監督は誰？
670	K・エリック・ドレクスラーの出身はどこ
674	米国空軍はいつ誕生した
677	「ジェンキンスの耳の戦争」の名前の由来は何？
718	阪神1001形電車の大きさは？
747	日本初の文庫は何？
755	アウトバーンの全長は？
764	占星術が発祥したのはどこ？
794	マーベル・コミックのミュータントは特殊能力を持つ？
80	木曽川の全長は？
802	阪急電鉄の創始者はだれ
820	マカロニ・ウェスタン という名称を作ったのは誰？
831	日本でカラーテレビが普及したのはいつ
833	ブリティッシュ・レイランドはいつ設立した
90	JPモルガン・チェースが最初に行った事業は何
91	The KLFのデビュー曲は何
925	ふぐ料理をする料理人には資格が必要ですか？
926	埼玉で最大の鉄道駅は何？
990	ドラマ『あなただけ見えない』で主演を務めたのは誰
