10163#0	0	10162#31	1
10163#0	0	10163#0	0
10163#0	0	10997#11	0
10163#0	0	252725#4	0
10163#0	0	2549416#2	0
10163#0	0	25874#2	1
10163#0	0	29787#11	1
10163#0	0	5352636#11	0
10163#0	0	783933#4	0
10163#0	0	783933#9	0
1056705#0	0	1530515#1	0
1056705#0	0	1586452#1	0
1056705#0	0	1597169#2	0
1056705#0	0	1611405#0	0
1056705#0	0	1611405#1	0
1056705#0	0	1611405#3	0
1056705#0	0	2102592#1	0
1056705#0	0	2260#13	0
1056705#0	0	2260#2	0
1056705#0	0	340460#1	1
1056946#0	0	1206494#0	0
1056946#0	0	1206494#2	0
1056946#0	0	1206494#4	0
1056946#0	0	145001#0	0
1056946#0	0	1544219#0	0
1056946#0	0	1544219#1	0
1056946#0	0	174340#8	0
1056946#0	0	2960#0	1
1056946#0	0	2960#5	0
1056946#0	0	2960#8	0
1068537#0	0	1323#19	0
1068537#0	0	303976#3	0
1068537#0	0	3874#36	0
1068537#0	0	39047#3	0
1068537#0	0	419003#14	0
1068537#0	0	442120#2	1
1068537#0	0	5259691#2	0
1068537#0	0	6369#37	0
1068537#0	0	867714#7	0
1068537#0	0	899#10	0
1114277#0	0	163137#0	0
1114277#0	0	2824#0	1
1114277#0	0	302619#3	0
1114277#0	0	5296741#0	0
1114277#0	0	5447183#1	0
1114277#0	0	5447183#2	0
1114277#0	0	58430#0	1
1114277#0	0	58430#11	0
1114277#0	0	58430#13	0
1114277#0	0	58430#2	0
1114307#0	0	12484#0	1
1114307#0	0	1261537#7	1
1114307#0	0	166390#18	0
1114307#0	0	174659#41	0
1114307#0	0	3226854#3	0
1114307#0	0	3923430#1	1
1114307#0	0	4793896#6	0
1114307#0	0	4869852#1	1
1114307#0	0	5908287#10	0
1114307#0	0	5908287#17	1
112130#0	0	1776213#1	1
112130#0	0	2824#0	1
112130#0	0	286380#3	0
112130#0	0	396163#0	0
112130#0	0	58430#0	1
112130#0	0	58430#12	0
112130#0	0	58430#13	0
112130#0	0	58430#14	0
112130#0	0	58430#2	0
112130#0	0	659752#0	0
1142403#0	0	19683#17	0
1142403#0	0	2416082#41	0
1142403#0	0	316063#11	0
1142403#0	0	316063#12	0
1142403#0	0	316063#13	0
1142403#0	0	316063#3	1
1142403#0	0	4070973#1	0
1142403#0	0	421846#2	0
1142403#0	0	49136#26	0
1142403#0	0	5878667#1	0
117672#0	0	116932#1	0
117672#0	0	3754871#0	0
117672#0	0	3841683#3	0
117672#0	0	40961#1	1
117672#0	0	4582004#2	0
117672#0	0	5049178#0	0
117672#0	0	514596#11	0
117672#0	0	514596#15	0
117672#0	0	619316#1	0
117672#0	0	791164#31	0
1220715#0	0	11964#0	0
1220715#0	0	288949#0	0
1220715#0	0	337569#0	0
1220715#0	0	437935#0	0
1220715#0	0	4976045#1	0
1220715#0	0	8094#0	0
1220715#0	0	8094#26	0
1220715#0	0	9770#0	0
1220715#0	0	9930#0	1
1220715#0	0	9935#0	0
12447#0	0	15885#0	0
12447#0	0	15885#14	0
12447#0	0	15885#2	1
12447#0	0	15885#21	0
12447#0	0	15885#3	1
12447#0	0	15885#34	0
12447#0	0	15885#5	0
12447#0	0	15885#6	0
12447#0	0	4750055#1	1
12447#0	0	5916134#1	0
1257108#0	0	1257108#0	1
1257108#0	0	1257108#11	0
1257108#0	0	1257108#12	0
1257108#0	0	1257108#3	0
1257108#0	0	1257108#4	0
1257108#0	0	1257108#5	0
1257108#0	0	1257108#8	0
1257108#0	0	2578245#0	0
1257108#0	0	2578245#28	0
1257108#0	0	55601#22	0
1268458#0	0	1265914#0	1
1268458#0	0	1265914#1	0
1268458#0	0	1265914#13	0
1268458#0	0	1265914#20	0
1268458#0	0	1265914#5	0
1268458#0	0	1265914#7	1
1268458#0	0	1265914#9	0
1268458#0	0	1269073#0	0
1268458#0	0	3379404#0	0
1268458#0	0	5166454#0	0
138113#0	0	11332#8	1
138113#0	0	154471#0	0
138113#0	0	154471#2	1
138113#0	0	154471#4	0
138113#0	0	154471#5	0
138113#0	0	154471#6	0
138113#0	0	3386588#3	0
138113#0	0	662180#0	0
138113#0	0	664972#0	0
138113#0	0	665064#0	0
1408#0	0	1334#0	1
1408#0	0	1409#0	0
1408#0	0	24339#12	0
1408#0	0	24339#23	0
1408#0	0	30906#0	0
1408#0	0	50942#19	0
1408#0	0	5676737#9	0
1408#0	0	6522#259	0
1408#0	0	702680#1	0
1408#0	0	702680#42	0
141152#0	0	1289879#16	0
141152#0	0	13037#2	1
141152#0	0	13037#31	0
141152#0	0	16668#0	0
141152#0	0	16668#23	0
141152#0	0	2926#2	1
141152#0	0	2926#8	0
141152#0	0	406353#4	1
141152#0	0	844075#0	0
141152#0	0	894791#4	0
146698#0	0	113031#0	0
146698#0	0	16344#0	0
146698#0	0	179398#6	0
146698#0	0	44511#0	0
146698#0	0	448459#8	0
146698#0	0	4565716#0	0
146698#0	0	52276#0	0
146698#0	0	540710#0	0
146698#0	0	540710#1	1
146698#0	0	919186#0	0
1482513#0	0	11077#16	0
1482513#0	0	11077#25	0
1482513#0	0	11077#9	0
1482513#0	0	13209#0	0
1482513#0	0	13209#1	1
1482513#0	0	13209#8	0
1482513#0	0	1486228#1	0
1482513#0	0	172691#7	0
1482513#0	0	54361#1	0
1482513#0	0	54361#2	0
1513643#0	0	3734089#0	1
1513643#0	0	3734089#1	1
1513643#0	0	3865765#1	0
1513643#0	0	387837#0	0
1513643#0	0	407919#1	0
1513643#0	0	4954565#1	1
1513643#0	0	5182378#0	0
1513643#0	0	620145#0	1
1513643#0	0	620145#6	1
1513643#0	0	716512#3	0
1522253#0	0	185934#1	0
1522253#0	0	185934#3	0
1522253#0	0	21213#4	0
1522253#0	0	2421#15	0
1522253#0	0	2421#2	0
1522253#0	0	2421#47	0
1522253#0	0	265871#1	0
1522253#0	0	290909#2	1
1522253#0	0	290909#3	0
1522253#0	0	351066#5	0
1522253#0	0	35861#4	0
1522253#0	0	3654#6	0
1522253#0	0	5136511#2	0
1522253#0	0	5758240#16	0
1522253#0	0	5819301#0	0
1522350#0	0	145373#2	0
1522350#0	0	145606#0	0
1522350#0	0	2050730#1	0
1522350#0	0	2467656#1	0
1522350#0	0	3289428#1	0
1522350#0	0	393217#0	1
1522350#0	0	3937128#1	0
1522350#0	0	5313300#0	0
1522350#0	0	655256#0	0
1522350#0	0	904584#1	0
1559236#0	0	1887515#1	0
1559236#0	0	2206608#2	0
1559236#0	0	264927#4	0
1559236#0	0	289522#2	0
1559236#0	0	316981#3	0
1559236#0	0	356810#0	0
1559236#0	0	3772023#8	1
1559236#0	0	3799722#1	0
1559236#0	0	391691#1	0
1559236#0	0	391691#2	0
1562117#0	0	1064591#1	0
1562117#0	0	1243273#0	0
1562117#0	0	1585277#1	0
1562117#0	0	1600834#1	0
1562117#0	0	1604891#1	0
1562117#0	0	1605731#0	0
1562117#0	0	1610776#0	1
1562117#0	0	173455#2	0
1562117#0	0	516881#1	0
1574651#0	0	1492290#0	0
1574651#0	0	1492290#1	0
1574651#0	0	1575369#1	0
1574651#0	0	1587617#1	0
1574651#0	0	1596675#1	0
1574651#0	0	252305#0	0
1574651#0	0	2637512#1	0
1574651#0	0	286370#0	0
1574651#0	0	390060#0	1
1574651#0	0	665677#0	0
1575889#0	0	13525#4	1
1575889#0	0	14425#0	0
1575889#0	0	14425#9	1
1575889#0	0	291154#44	0
1575889#0	0	322759#10	1
1575889#0	0	41004#0	1
1575889#0	0	5064594#13	1
1575889#0	0	55065#45	1
1575889#0	0	5742125#1	0
1575889#0	0	756220#2	1
1581638#0	0	38450#19	0
1581638#0	0	4061682#0	1
1581638#0	0	4896#15	0
1581638#0	0	4907#0	0
1581638#0	0	4907#5	0
1581638#0	0	491602#3	0
1581638#0	0	50971#0	0
1581638#0	0	5481393#5	0
1581638#0	0	5914873#0	0
1581638#0	0	739332#9	0
1600606#0	0	13435#0	1
1600606#0	0	13435#1	0
1600606#0	0	141017#0	0
1600606#0	0	14367#0	1
1600606#0	0	1609542#0	0
1600606#0	0	172290#0	0
1600606#0	0	2050194#0	1
1600606#0	0	2050202#0	1
1600606#0	0	2050203#0	0
1600606#0	0	3318773#0	1
1608360#0	0	1064591#1	0
1608360#0	0	1243273#0	0
1608360#0	0	1585277#1	0
1608360#0	0	1600834#1	0
1608360#0	0	1604891#1	0
1608360#0	0	1605731#0	0
1608360#0	0	1610776#0	1
1608360#0	0	1610776#1	0
1608360#0	0	173455#2	0
1608360#0	0	516881#1	0
1611152#0	0	1565452#4	0
1611152#0	0	1578271#1	0
1611152#0	0	1581215#2	1
1611152#0	0	1602213#2	0
1611152#0	0	1611151#0	0
1611152#0	0	2313452#0	0
1611152#0	0	243048#1	0
1611152#0	0	3704381#8	0
1611152#0	0	858810#1	0
1611152#0	0	90112#3	0
162871#0	0	10660#0	1
162871#0	0	1286999#0	0
162871#0	0	1873930#0	0
162871#0	0	18863#0	0
162871#0	0	3455923#0	0
162871#0	0	357876#0	0
162871#0	0	3881515#1	0
162871#0	0	4074399#0	0
162871#0	0	5859960#1	0
162871#0	0	628210#0	0
164850#0	0	13164#0	0
164850#0	0	1580922#1	0
164850#0	0	1594169#1	0
164850#0	0	1600042#0	0
164850#0	0	1600042#1	0
164850#0	0	2052704#0	1
164850#0	0	3454546#0	0
164850#0	0	385937#1	0
164850#0	0	3947778#0	0
164850#0	0	484705#1	0
164881#0	0	115248#0	0
164881#0	0	1159138#0	0
164881#0	0	1170421#0	0
164881#0	0	1492665#0	1
164881#0	0	1556712#1	0
164881#0	0	1587211#0	0
164881#0	0	1587211#3	0
164881#0	0	329399#1	0
164881#0	0	409192#0	0
164881#0	0	487599#1	0
1649915#0	0	1480836#17	0
1649915#0	0	167786#53	0
1649915#0	0	2318994#5	0
1649915#0	0	2567011#1	0
1649915#0	0	2567011#5	0
1649915#0	0	4838#18	1
1649915#0	0	4840#12	1
1649915#0	0	4964230#3	0
1649915#0	0	540605#3	0
1649915#0	0	5716724#32	0
172665#0	0	2706#0	1
172665#0	0	2706#25	0
172665#0	0	2706#44	0
172665#0	0	2706#45	0
172665#0	0	2706#47	0
172665#0	0	2706#56	0
172665#0	0	2706#70	0
172665#0	0	3364680#0	0
172665#0	0	5448500#0	0
172665#0	0	9375#8	0
17311#0	0	314241#9	1
17311#0	0	3637729#1	0
17311#0	0	40036#0	0
17311#0	0	40036#1	0
17311#0	0	40036#10	0
17311#0	0	40036#6	0
17311#0	0	40036#7	0
17311#0	0	40036#8	0
17311#0	0	448773#1	0
17311#0	0	8094#64	0
173383#0	0	169662#0	0
173383#0	0	173383#0	1
173383#0	0	173383#1	0
173383#0	0	173383#2	0
173383#0	0	173383#6	0
173383#0	0	296281#2	0
173383#0	0	4301843#2	0
173383#0	0	622678#0	0
173383#0	0	622678#19	0
173383#0	0	658120#0	0
1790668#0	0	182176#2	1
1790668#0	0	210832#0	0
1790668#0	0	4070086#0	0
1790668#0	0	4071249#0	0
1790668#0	0	4410901#1	0
1790668#0	0	4702957#0	1
1790668#0	0	4702957#7	0
1790668#0	0	5849210#0	0
1790668#0	0	5860357#0	0
1790668#0	0	934665#0	0
1796234#0	0	1445228#0	0
1796234#0	0	149402#0	0
1796234#0	0	149402#21	0
1796234#0	0	149402#22	0
1796234#0	0	149402#24	1
1796234#0	0	2337211#0	0
1796234#0	0	55287#4	0
1796234#0	0	5833029#0	1
1796234#0	0	5833029#1	1
1796234#0	0	940164#0	0
1843048#0	0	1372698#14	0
1843048#0	0	1485515#4	1
1843048#0	0	170725#9	0
1843048#0	0	181330#1	0
1843048#0	0	2043758#4	0
1843048#0	0	265033#7	0
1843048#0	0	328425#5	0
1843048#0	0	3368844#8	0
1843048#0	0	4361385#1	0
1843048#0	0	4940638#4	0
1843048#0	0	50983#30	0
1843048#0	0	5183029#0	0
1843048#0	0	5332700#53	0
1843048#0	0	622298#4	0
1843048#0	0	632952#6	0
1843048#0	0	6772#44	0
1846675#0	0	1097713#2	0
1846675#0	0	14452#8	0
1846675#0	0	160324#8	0
1846675#0	0	176916#7	0
1846675#0	0	180909#4	0
1846675#0	0	1846675#0	0
1846675#0	0	2000537#5	0
1846675#0	0	3223120#1	0
1846675#0	0	3716401#2	0
1846675#0	0	3822524#4	1
1846675#0	0	396521#2	0
1846675#0	0	5241092#11	0
1846675#0	0	5898358#12	0
1846675#0	0	625453#2	0
184925#0	0	1482424#5	0
184925#0	0	1482424#9	0
184925#0	0	22172#53	1
184925#0	0	23508#5	1
184925#0	0	3696346#45	0
184925#0	0	3696346#47	0
184925#0	0	3827659#35	0
184925#0	0	5109545#3	1
184925#0	0	5158768#9	1
184925#0	0	5194092#15	0
1877477#0	0	22814#0	0
1877477#0	0	22814#11	0
1877477#0	0	22814#12	0
1877477#0	0	22814#16	0
1877477#0	0	22814#19	1
1877477#0	0	22814#34	0
1877477#0	0	22814#4	0
1877477#0	0	22814#65	0
1877477#0	0	22814#7	0
1877477#0	0	22814#82	0
1881132#0	0	1065483#2	0
1881132#0	0	2247#17	0
1881132#0	0	2247#2	0
1881132#0	0	2247#20	0
1881132#0	0	249582#0	0
1881132#0	0	445309#2	0
1881132#0	0	5257445#1	0
1881132#0	0	5277097#1	0
1881132#0	0	5277097#2	0
1881132#0	0	619316#7	1
1885460#0	0	3511018#0	0
1885460#0	0	3837013#1	0
1885460#0	0	3837013#2	0
1885460#0	0	4748#0	1
1885460#0	0	4748#19	0
1885460#0	0	4748#2	0
1885460#0	0	4748#25	0
1885460#0	0	4748#29	0
1885460#0	0	4748#31	0
1885460#0	0	5275339#0	0
19263#0	0	19650#58	0
19263#0	0	19650#65	0
19263#0	0	2079414#16	0
19263#0	0	2706#25	0
19263#0	0	2706#41	0
19263#0	0	2706#53	0
19263#0	0	2706#79	0
19263#0	0	3838238#0	1
19263#0	0	5329396#0	1
19263#0	0	5543717#23	0
203775#0	0	184884#3	1
203775#0	0	21181#19	1
203775#0	0	21183#0	1
203775#0	0	21183#1	0
203775#0	0	21183#2	0
203775#0	0	4697313#0	1
203775#0	0	4774344#0	0
203775#0	0	5759597#1	0
203775#0	0	5924474#0	1
203775#0	0	5924474#3	1
205703#0	0	346361#1	1
205703#0	0	346361#10	1
205703#0	0	346361#2	0
205703#0	0	346361#3	0
205703#0	0	346361#6	0
205703#0	0	346361#7	0
205703#0	0	346361#9	0
205703#0	0	7703#14	0
205703#0	0	7703#6	0
205703#0	0	7703#8	0
2077692#0	0	10017#6	1
2077692#0	0	10038#0	1
2077692#0	0	10038#3	1
2077692#0	0	1097713#2	0
2077692#0	0	21604#2	0
2077692#0	0	262551#2	0
2077692#0	0	3675805#4	0
2077692#0	0	387986#1	0
2077692#0	0	445289#4	0
2077692#0	0	56508#8	0
209682#0	0	1528809#0	0
209682#0	0	1528809#1	0
209682#0	0	1559220#2	0
209682#0	0	157484#6	0
209682#0	0	1642#73	1
209682#0	0	1642#75	0
209682#0	0	20943#0	1
209682#0	0	20943#3	1
209682#0	0	5865836#1	1
209682#0	0	927219#0	1
2100866#0	0	10464#3	0
2100866#0	0	121792#10	0
2100866#0	0	1887853#9	0
2100866#0	0	2169#30	0
2100866#0	0	2531943#3	0
2100866#0	0	3219793#29	0
2100866#0	0	3219793#40	1
2100866#0	0	4796138#11	0
2100866#0	0	64710#7	0
2100866#0	0	92138#6	1
2101368#0	0	156813#0	0
2101368#0	0	156813#1	1
2101368#0	0	156813#11	0
2101368#0	0	156813#13	1
2101368#0	0	156813#14	0
2101368#0	0	156813#15	1
2101368#0	0	156813#16	0
2101368#0	0	156813#18	0
2101368#0	0	156813#19	1
2101368#0	0	156813#5	0
2106690#0	0	113779#3	0
2106690#0	0	113779#37	0
2106690#0	0	147970#127	0
2106690#0	0	147970#45	1
2106690#0	0	147970#73	0
2106690#0	0	1833865#3	0
2106690#0	0	2629988#20	0
2106690#0	0	3588475#21	0
2106690#0	0	3588475#24	0
2106690#0	0	3733270#0	1
21071#0	0	1622139#11	1
21071#0	0	1622139#12	0
21071#0	0	16650#0	0
21071#0	0	16650#6	0
21071#0	0	203036#0	1
21071#0	0	2084338#4	1
21071#0	0	35352#0	0
21071#0	0	5005278#2	0
21071#0	0	5890812#27	0
21071#0	0	654178#1	0
2125140#0	0	114704#0	0
2125140#0	0	248628#6	0
2125140#0	0	2535134#0	0
2125140#0	0	3231396#2	0
2125140#0	0	3385356#13	0
2125140#0	0	38883#0	0
2125140#0	0	4772674#1	0
2125140#0	0	481353#0	1
2125140#0	0	481353#1	0
2125140#0	0	5715208#9	0
2148321#0	0	1084775#0	1
2148321#0	0	1084775#5	0
2148321#0	0	1084775#7	0
2148321#0	0	1261533#1	0
2148321#0	0	158614#19	0
2148321#0	0	17806#3	0
2148321#0	0	181366#5	0
2148321#0	0	3505126#2	0
2148321#0	0	3664727#0	0
2148321#0	0	443318#0	0
2148321#0	0	58098#64	0
2148321#0	0	5891768#3	0
2148321#0	0	5891768#4	0
2148321#0	0	68369#7	0
2148321#0	0	68369#9	0
2156069#0	0	112847#0	1
2156069#0	0	112847#19	0
2156069#0	0	112847#20	0
2156069#0	0	112847#21	0
2156069#0	0	112847#3	1
2156069#0	0	112847#4	0
2156069#0	0	112847#5	1
2156069#0	0	112847#6	1
2156069#0	0	112848#7	0
2156069#0	0	1280166#7	0
2156069#0	0	251493#3	0
2156069#0	0	2567363#0	0
2156069#0	0	32833#10	0
2156069#0	0	348229#1	0
2156069#0	0	424091#7	0
2156069#0	0	50871#12	0
2156069#0	0	509519#0	0
2156069#0	0	537554#11	0
2156069#0	0	5449999#1	0
2156069#0	0	6188#29	0
2230950#0	0	12408#22	0
2230950#0	0	13107#2	1
2230950#0	0	13107#6	1
2230950#0	0	2045093#4	0
2230950#0	0	226023#2	0
2230950#0	0	313225#8	0
2230950#0	0	4720#8	1
2230950#0	0	5534243#1	0
2230950#0	0	5738525#1	0
2230950#0	0	891212#1	0
231061#0	0	17929#1	0
231061#0	0	231061#0	0
231061#0	0	2390550#1	0
231061#0	0	307301#0	0
231061#0	0	307301#3	0
231061#0	0	440845#0	1
231061#0	0	5537748#1	0
231061#0	0	5537748#3	0
231061#0	0	5732635#0	0
231061#0	0	5824537#0	0
2325515#0	0	139803#6	0
2325515#0	0	2325515#2	1
2325515#0	0	2325515#3	1
2325515#0	0	5176856#13	0
2325515#0	0	5176856#21	0
2325515#0	0	5176856#9	0
2325515#0	0	5333477#0	1
2325515#0	0	5347159#6	0
2325515#0	0	5758126#1	0
2325515#0	0	5758126#11	0
2325660#0	0	1027#11	0
2325660#0	0	1027#4	0
2325660#0	0	1027#74	1
2325660#0	0	1027#75	1
2325660#0	0	1483207#15	0
2325660#0	0	210887#9	0
2325660#0	0	2328474#0	0
2325660#0	0	282198#1	1
2325660#0	0	533724#31	1
2325660#0	0	5489386#0	0
2325774#0	0	1454481#1	0
2325774#0	0	1537174#0	0
2325774#0	0	2325774#0	1
2325774#0	0	3473294#37	0
2325774#0	0	3724716#1	0
2325774#0	0	3732233#15	0
2325774#0	0	4022045#0	0
2325774#0	0	5098478#23	0
2325774#0	0	5107322#7	0
2325774#0	0	5526645#20	0
2337115#0	0	1068995#7	0
2337115#0	0	12209#5	0
2337115#0	0	1255524#2	0
2337115#0	0	152088#1	0
2337115#0	0	152088#2	1
2337115#0	0	25806#3	0
2337115#0	0	287278#3	0
2337115#0	0	321970#3	0
2337115#0	0	326871#4	0
2337115#0	0	5913418#11	0
2367597#0	0	140075#6	0
2367597#0	0	14258#19	0
2367597#0	0	1794643#0	0
2367597#0	0	4125151#0	1
2367597#0	0	4125151#1	0
2367597#0	0	4125151#4	0
2367597#0	0	5134503#0	0
2367597#0	0	5465789#0	0
2367597#0	0	5518737#0	0
2367597#0	0	731352#0	0
236780#0	0	13118#3	1
236780#0	0	13118#7	1
236780#0	0	25635#0	1
236780#0	0	25635#1	0
236780#0	0	302524#7	0
236780#0	0	32469#26	0
236780#0	0	3998613#1	1
236780#0	0	3998613#9	1
236780#0	0	4347617#4	1
236780#0	0	93508#41	0
2383949#0	0	1083661#0	0
2383949#0	0	21047#0	1
2383949#0	0	2324799#0	0
2383949#0	0	2324799#1	1
2383949#0	0	250700#3	0
2383949#0	0	37264#2	0
2383949#0	0	4331297#2	0
2383949#0	0	4749891#2	0
2383949#0	0	4999725#0	0
2383949#0	0	90471#14	0
2389269#0	0	2323735#0	0
2389269#0	0	2323735#3	0
2389269#0	0	2323735#4	0
2389269#0	0	2389269#0	1
2389269#0	0	2389269#1	0
2389269#0	0	2389269#3	0
2389269#0	0	294026#9	0
2389269#0	0	4061433#0	0
2389269#0	0	4957686#0	0
2389269#0	0	5530352#0	0
240258#0	0	240258#0	1
240258#0	0	24626#1	0
240258#0	0	3813476#6	0
240258#0	0	4946853#2	0
240258#0	0	4975570#0	0
240258#0	0	4975570#10	0
240258#0	0	4975570#15	0
240258#0	0	4975570#3	0
240258#0	0	4975570#5	0
240258#0	0	5877945#5	0
2451729#0	0	1790942#0	0
2451729#0	0	2421353#1	0
2451729#0	0	261009#1	0
2451729#0	0	2673156#4	0
2451729#0	0	3253345#53	0
2451729#0	0	3325193#2	0
2451729#0	0	4489992#6	0
2451729#0	0	4974665#3	0
2451729#0	0	5161663#1	0
2451729#0	0	651363#0	1
2465961#0	0	1470#2	0
2465961#0	0	1470#3	1
2465961#0	0	1470#4	1
2465961#0	0	171317#4	0
2465961#0	0	171317#5	0
2465961#0	0	171317#6	1
2465961#0	0	171317#7	1
2465961#0	0	717079#1	0
2465961#0	0	729743#3	1
2465961#0	0	9601#13	0
252987#0	0	141015#6	0
252987#0	0	252170#0	1
252987#0	0	252262#0	1
252987#0	0	252753#0	1
252987#0	0	327093#2	1
252987#0	0	4936879#0	1
252987#0	0	6233#24	0
252987#0	0	7775#40	1
252987#0	0	7775#41	0
252987#0	0	7775#44	1
2531375#0	0	3781376#0	0
2531375#0	0	389812#0	1
2531375#0	0	418173#15	1
2531375#0	0	418173#16	1
2531375#0	0	418173#3	0
2531375#0	0	418173#4	1
2531375#0	0	4770999#3	0
2531375#0	0	5632706#0	0
2531375#0	0	760749#8	0
2531375#0	0	78048#19	1
253945#0	0	1288567#1	0
253945#0	0	1798953#5	0
253945#0	0	2053249#4	0
253945#0	0	267578#0	1
253945#0	0	267578#1	0
253945#0	0	3598470#0	0
253945#0	0	5386929#44	1
253945#0	0	729144#0	0
253945#0	0	99327#8	0
253945#0	0	99379#18	0
254734#0	0	110073#4	1
254734#0	0	2176#1	0
254734#0	0	2176#11	0
254734#0	0	2176#12	0
254734#0	0	2176#14	0
254734#0	0	2176#15	0
254734#0	0	2176#2	0
254734#0	0	2176#25	0
254734#0	0	2176#4	0
254734#0	0	451293#0	0
2584448#0	0	13378#0	1
2584448#0	0	13378#3	1
2584448#0	0	142287#0	0
2584448#0	0	14681#0	0
2584448#0	0	167550#1	0
2584448#0	0	3421862#5	0
2584448#0	0	3775884#0	0
2584448#0	0	3971833#0	0
2584448#0	0	5907834#0	0
2584448#0	0	899198#13	0
2612109#0	0	121787#0	0
2612109#0	0	2824#0	0
2612109#0	0	2824#1	1
2612109#0	0	4292364#0	0
2612109#0	0	58430#0	1
2612109#0	0	58430#10	1
2612109#0	0	58430#11	0
2612109#0	0	58430#12	1
2612109#0	0	58430#13	0
2612109#0	0	58430#8	1
264663#0	0	1169813#113	0
264663#0	0	2504429#0	1
264663#0	0	2504429#15	0
264663#0	0	2504429#24	0
264663#0	0	2504429#71	0
264663#0	0	2504429#74	0
264663#0	0	341447#231	0
264663#0	0	412274#12	0
264663#0	0	412274#4	0
264663#0	0	5931564#6	0
2681625#0	0	11801#26	0
2681625#0	0	2019728#0	0
2681625#0	0	22754#2	0
2681625#0	0	2352854#1	0
2681625#0	0	399600#19	0
2681625#0	0	4805158#0	0
2681625#0	0	5103407#0	0
2681625#0	0	5103407#6	0
2681625#0	0	540260#0	1
2681625#0	0	758914#0	0
2690049#0	0	2346013#5	0
2690049#0	0	2431684#0	0
2690049#0	0	2530327#0	0
2690049#0	0	2540228#5	0
2690049#0	0	2622052#0	0
2690049#0	0	26403#10	1
2690049#0	0	5362926#0	0
2690049#0	0	5363104#0	0
2690049#0	0	694032#19	0
2690049#0	0	694032#4	0
27653#0	0	152698#7	0
27653#0	0	2117928#0	1
27653#0	0	2117928#1	0
27653#0	0	2117928#4	0
27653#0	0	2117928#5	0
27653#0	0	229717#2	0
27653#0	0	249383#7	0
27653#0	0	2589683#1	0
27653#0	0	390254#1	0
27653#0	0	5865608#0	0
2780015#0	0	1273858#0	0
2780015#0	0	156406#0	0
2780015#0	0	3545000#0	0
2780015#0	0	4069548#1	0
2780015#0	0	416964#0	1
2780015#0	0	416964#11	1
2780015#0	0	416964#13	0
2780015#0	0	4801580#0	0
2780015#0	0	5284300#0	0
2780015#0	0	5727522#0	0
2816429#0	0	1252895#4	0
2816429#0	0	2039435#4	0
2816429#0	0	261931#0	1
2816429#0	0	261931#11	0
2816429#0	0	261931#30	0
2816429#0	0	261931#35	0
2816429#0	0	2816429#1	0
2816429#0	0	284438#6	0
2816429#0	0	352970#5	0
2816429#0	0	5348743#7	1
284571#0	0	1468924#1	0
284571#0	0	14832#0	0
284571#0	0	20831#12	1
284571#0	0	20831#2	0
284571#0	0	430272#3	0
284571#0	0	4933016#0	0
284571#0	0	5009741#6	0
284571#0	0	5013588#1	0
284571#0	0	646#45	0
284571#0	0	646#48	0
286264#0	0	23167#0	1
286264#0	0	23167#23	0
286264#0	0	23167#24	0
286264#0	0	23167#5	1
286264#0	0	23167#6	0
286264#0	0	250305#5	0
286264#0	0	250305#6	0
286264#0	0	4077605#1	1
286264#0	0	5671012#19	0
286264#0	0	5671012#3	0
286739#0	0	145001#0	0
286739#0	0	1544219#1	1
286739#0	0	1557370#1	0
286739#0	0	2960#10	0
286739#0	0	2960#41	0
286739#0	0	2960#5	0
286739#0	0	2960#6	0
286739#0	0	2960#8	0
286739#0	0	488938#1	0
286739#0	0	5659929#1	0
301262#0	0	12511#0	1
301262#0	0	12511#1	0
301262#0	0	12511#2	0
301262#0	0	12511#3	0
301262#0	0	12511#8	0
301262#0	0	12511#9	0
301262#0	0	301262#0	0
301262#0	0	3251861#0	0
301262#0	0	340057#0	0
301262#0	0	4289671#7	0
303668#0	0	142167#0	0
303668#0	0	142167#2	0
303668#0	0	142167#4	1
303668#0	0	1559680#0	0
303668#0	0	1559680#1	0
303668#0	0	2052174#0	1
303668#0	0	282368#0	1
303668#0	0	282368#1	0
303668#0	0	3412022#0	1
303668#0	0	3412022#1	0
30644#0	0	100182#0	1
30644#0	0	100182#1	0
30644#0	0	100182#13	0
30644#0	0	100182#3	0
30644#0	0	110251#15	1
30644#0	0	220840#6	0
30644#0	0	284940#41	0
30644#0	0	345496#0	0
30644#0	0	3666#31	0
30644#0	0	656372#1	0
312577#0	0	1056814#0	0
312577#0	0	1556931#0	0
312577#0	0	1556931#1	0
312577#0	0	1563451#1	0
312577#0	0	1587017#1	0
312577#0	0	1594878#0	1
312577#0	0	1594878#1	0
312577#0	0	1598376#1	0
312577#0	0	1601087#1	0
312577#0	0	282134#0	0
312577#0	0	286887#0	0
312577#0	0	302962#0	0
312577#0	0	307787#0	0
312577#0	0	312520#1	0
312577#0	0	348636#0	0
312577#0	0	499430#0	0
312577#0	0	516936#1	0
31633#0	0	139880#1	0
31633#0	0	139880#14	0
31633#0	0	139880#15	0
31633#0	0	139880#19	0
31633#0	0	139880#20	0
31633#0	0	139880#35	1
31633#0	0	139880#6	0
31633#0	0	139880#7	0
31633#0	0	1481079#8	0
31633#0	0	5000582#2	1
3191042#0	0	318778#0	1
3191042#0	0	3230961#36	0
3191042#0	0	3637172#0	1
3191042#0	0	4291534#68	1
3191042#0	0	4303121#0	1
3191042#0	0	5063077#0	1
3191042#0	0	5194963#0	1
3191042#0	0	67910#1	1
3191042#0	0	67910#43	0
3191042#0	0	67910#54	1
3219399#0	0	1495653#1	0
3219399#0	0	286879#5	0
3219399#0	0	359348#2	0
3219399#0	0	4337#16	0
3219399#0	0	4406#0	1
3219399#0	0	4406#15	0
3219399#0	0	49659#18	0
3219399#0	0	5893581#0	0
3219399#0	0	62089#9	1
3219399#0	0	903229#0	0
3238533#0	0	13142#1	0
3238533#0	0	4968469#14	0
3238533#0	0	4968469#18	0
3238533#0	0	4968469#31	0
3238533#0	0	4968469#7	0
3238533#0	0	5142585#7	1
3238533#0	0	5907787#10	0
3238533#0	0	5907787#8	0
3238533#0	0	5907787#9	0
3238533#0	0	5908465#4	0
329514#0	0	1179758#2	0
329514#0	0	1584960#0	0
329514#0	0	2074270#3	1
329514#0	0	2499038#0	0
329514#0	0	264993#13	0
329514#0	0	3999610#1	0
329514#0	0	4730990#2	0
329514#0	0	5056999#1	0
329514#0	0	640283#0	0
329514#0	0	990528#1	0
3387117#0	0	1272150#4	0
3387117#0	0	143253#2	0
3387117#0	0	147970#122	0
3387117#0	0	162918#4	0
3387117#0	0	2113189#1	1
3387117#0	0	2113189#4	0
3387117#0	0	3488583#0	0
3387117#0	0	417041#9	0
3387117#0	0	5155100#1	0
3387117#0	0	915476#5	0
3387791#0	0	15211#0	1
3387791#0	0	15211#1	1
3387791#0	0	15211#10	1
3387791#0	0	15211#17	1
3387791#0	0	15211#18	1
3387791#0	0	15211#24	0
3387791#0	0	15211#8	1
3387791#0	0	4741055#38	1
3387791#0	0	4741055#39	1
3387791#0	0	48838#0	0
3388829#0	0	1189370#0	0
3388829#0	0	2498006#0	1
3388829#0	0	2498006#4	0
3388829#0	0	2506060#0	0
3388829#0	0	2597431#0	0
3388829#0	0	3337860#0	0
3388829#0	0	3377264#0	0
3388829#0	0	484244#1	0
3388829#0	0	5510032#1	0
3388829#0	0	5910504#3	0
340157#0	0	110875#15	0
340157#0	0	1260590#13	0
340157#0	0	1772183#1	0
340157#0	0	340157#0	0
340157#0	0	340157#2	1
340157#0	0	340157#3	0
340157#0	0	3906419#3	0
340157#0	0	4664085#0	0
340157#0	0	4664085#1	0
340157#0	0	5213404#26	0
3411387#0	0	159399#24	1
3411387#0	0	1835314#0	0
3411387#0	0	2793836#2	0
3411387#0	0	29955#0	1
3411387#0	0	29955#1	0
3411387#0	0	29955#11	0
3411387#0	0	29955#3	0
3411387#0	0	319473#0	0
3411387#0	0	3552684#1	0
3411387#0	0	3780427#1	0
3416280#0	0	116041#61	0
3416280#0	0	146677#12	0
3416280#0	0	2059747#10	0
3416280#0	0	2315398#3	0
3416280#0	0	2777745#8	0
3416280#0	0	4739559#0	0
3416280#0	0	5338225#0	1
3416280#0	0	5338225#9	1
3416280#0	0	61674#4	0
3421142#0	0	11939#2	0
3421142#0	0	24039#1	1
3421142#0	0	24039#2	0
3421142#0	0	3359#16	0
3421142#0	0	3666030#1	0
3421142#0	0	635166#0	0
3421142#0	0	635166#18	0
3421142#0	0	635166#2	0
3421142#0	0	6930#13	0
3421142#0	0	782998#0	0
3434888#0	0	1027#47	1
3434888#0	0	1027#48	0
3434888#0	0	3361572#0	0
3434888#0	0	5167427#1	0
3434888#0	0	5167428#1	0
3434888#0	0	5169083#1	0
3434888#0	0	5170693#1	0
3434888#0	0	5170766#1	0
3434888#0	0	5636760#4	0
3434888#0	0	620166#0	0
3439132#0	0	1138144#10	0
3439132#0	0	1520226#0	1
3439132#0	0	186641#0	1
3439132#0	0	186641#3	0
3439132#0	0	2040548#0	1
3439132#0	0	3382108#0	0
3439132#0	0	4719307#0	0
3439132#0	0	5248882#0	1
3439132#0	0	5248906#0	1
3439132#0	0	5742282#83	0
3452066#0	0	2389338#0	0
3452066#0	0	2389338#2	1
3452066#0	0	2389338#4	0
3452066#0	0	3377128#0	0
3452066#0	0	351849#1	1
3452066#0	0	5013364#2	0
3452066#0	0	5103342#1	0
3452066#0	0	5895218#0	0
3452066#0	0	5895218#2	1
3452066#0	0	625745#3	0
3452111#0	0	1224571#0	0
3452111#0	0	1372698#13	0
3452111#0	0	2059909#2	1
3452111#0	0	2059909#4	1
3452111#0	0	799169#16	0
3452111#0	0	799169#28	0
3452111#0	0	799169#6	0
3452111#0	0	799169#8	0
3452111#0	0	799195#0	1
3452111#0	0	858508#7	1
3463570#0	0	1596011#2	0
3463570#0	0	1596011#4	0
3463570#0	0	21631#0	1
3463570#0	0	21631#1	1
3463570#0	0	21631#2	0
3463570#0	0	21631#3	0
3463570#0	0	21631#4	0
3463570#0	0	3522855#1	0
3463570#0	0	4724379#0	1
3463570#0	0	5166254#0	0
3478329#0	0	112586#0	0
3478329#0	0	150772#32	0
3478329#0	0	150772#35	1
3478329#0	0	150772#60	1
3478329#0	0	2549388#0	0
3478329#0	0	2569623#0	0
3478329#0	0	2755401#0	0
3478329#0	0	3352451#1	0
3478329#0	0	4761200#0	1
3478329#0	0	4960881#0	0
3487468#0	0	1115876#0	0
3487468#0	0	2464062#0	0
3487468#0	0	3279158#0	0
3487468#0	0	3378571#0	0
3487468#0	0	3378572#0	0
3487468#0	0	3518825#0	1
3487468#0	0	3581961#0	0
3487468#0	0	4066205#0	0
3487468#0	0	5168258#0	0
3487468#0	0	5332308#0	0
3491788#0	0	203342#0	0
3491788#0	0	203342#2	0
3491788#0	0	203342#7	0
3491788#0	0	3704121#4	0
3491788#0	0	5907149#0	1
3491788#0	0	5907149#1	1
3491788#0	0	5907149#13	0
3491788#0	0	5907149#2	0
3491788#0	0	5907149#4	0
3491788#0	0	5907149#5	0
3493656#0	0	152365#10	1
3493656#0	0	289027#5	0
3493656#0	0	300822#4	0
3493656#0	0	3152185#2	1
3493656#0	0	3584697#2	0
3493656#0	0	3838#0	1
3493656#0	0	3838#2	1
3493656#0	0	3838#3	1
3493656#0	0	4620534#3	1
3493656#0	0	5017496#2	0
3508381#0	0	1593446#2	0
3508381#0	0	33929#0	1
3508381#0	0	33929#2	1
3508381#0	0	33929#3	1
3508381#0	0	4846092#0	0
3508381#0	0	4846092#1	0
3508381#0	0	4846092#2	0
3508381#0	0	4846092#3	0
3508381#0	0	4846092#4	0
3508381#0	0	5790807#3	0
3517192#0	0	202010#17	1
3517192#0	0	208535#7	0
3517192#0	0	227139#0	0
3517192#0	0	227139#2	0
3517192#0	0	264377#1	0
3517192#0	0	31948#21	0
3517192#0	0	437941#2	1
3517192#0	0	6699#1	1
3517192#0	0	6703#4	1
3517192#0	0	889650#9	0
352133#0	0	1518509#10	0
352133#0	0	38381#39	0
352133#0	0	38381#40	0
352133#0	0	395916#4	1
352133#0	0	420378#98	0
352133#0	0	4989207#105	0
352133#0	0	4989207#89	0
352133#0	0	5032310#1	0
352133#0	0	53480#20	0
352133#0	0	5907263#31	0
352728#0	0	205563#0	0
352728#0	0	217224#1	0
352728#0	0	235099#0	0
352728#0	0	260942#3	1
352728#0	0	4529617#5	0
352728#0	0	4727464#26	0
352728#0	0	4909227#0	0
352728#0	0	4909227#5	0
352728#0	0	518668#0	0
352728#0	0	5224531#11	0
352728#0	0	5228906#0	0
352728#0	0	5454528#2	0
352728#0	0	5485757#0	0
352728#0	0	5619343#0	0
352728#0	0	5869701#1	0
352728#0	0	733941#1	0
352728#0	0	737560#1	0
352728#0	0	766154#1	0
352728#0	0	766156#1	0
352728#0	0	776499#1	0
3534696#0	0	2502492#7	0
3534696#0	0	3526282#20	1
3534696#0	0	3526282#4	0
3534696#0	0	3526282#6	0
3534696#0	0	3534690#1	0
3534696#0	0	3534690#11	0
3534696#0	0	3534690#2	1
3534696#0	0	3534690#5	0
3534696#0	0	3534696#0	0
3534696#0	0	3534696#1	1
3559180#0	0	2040933#0	0
3559180#0	0	217935#0	0
3559180#0	0	217935#14	0
3559180#0	0	217935#16	1
3559180#0	0	217935#17	0
3559180#0	0	217935#7	0
3559180#0	0	2796539#2	0
3559180#0	0	2798634#0	0
3559180#0	0	3546671#0	0
3559180#0	0	3559180#0	0
359153#0	0	11569#0	1
359153#0	0	11569#1	0
359153#0	0	11569#2	0
359153#0	0	11575#13	0
359153#0	0	11575#16	0
359153#0	0	11575#5	0
359153#0	0	11575#7	0
359153#0	0	144882#0	0
359153#0	0	2314172#0	0
359153#0	0	5401106#0	1
3601794#0	0	2018854#4	0
3601794#0	0	2774870#0	0
3601794#0	0	2795378#0	0
3601794#0	0	3601794#0	1
3601794#0	0	3762230#3	0
3601794#0	0	3782830#0	0
3601794#0	0	439597#2	0
3601794#0	0	492032#4	0
3601794#0	0	5631349#1	0
3601794#0	0	5785752#1	0
3605830#0	0	150074#2	0
3605830#0	0	150090#2	1
3605830#0	0	2079599#0	0
3605830#0	0	22278#2	0
3605830#0	0	3235918#9	0
3605830#0	0	3666#8	0
3605830#0	0	42507#2	0
3605830#0	0	4870722#1	0
3605830#0	0	7432#1	0
3605830#0	0	7774#0	0
3610231#0	0	1823313#7	0
3610231#0	0	1835046#16	0
3610231#0	0	1835046#17	0
3610231#0	0	309347#1	0
3610231#0	0	3450099#8	0
3610231#0	0	4033890#1	0
3610231#0	0	40939#0	1
3610231#0	0	4342995#2	0
3610231#0	0	4954780#0	0
3610231#0	0	5894617#1	0
361814#0	0	1254525#5	0
361814#0	0	242262#0	1
361814#0	0	362017#1	0
361814#0	0	362017#4	1
361814#0	0	362017#40	0
361814#0	0	3900148#5	0
361814#0	0	4059522#2	0
361814#0	0	4953752#0	0
361814#0	0	4953752#1	0
361814#0	0	946888#0	0
3643748#0	0	2151945#0	0
3643748#0	0	2151945#2	0
3643748#0	0	3643748#0	0
3643748#0	0	3643748#1	0
3643748#0	0	3643748#5	0
3643748#0	0	3643748#6	0
3643748#0	0	3643748#7	0
3643748#0	0	5005329#5	0
3643748#0	0	507662#0	0
3643748#0	0	517903#2	1
3654387#0	0	2658373#0	1
3654387#0	0	2658373#1	0
3654387#0	0	2658373#10	0
3654387#0	0	2658373#11	0
3654387#0	0	2658373#14	0
3654387#0	0	2658373#18	0
3654387#0	0	2658373#21	0
3654387#0	0	2658373#6	0
3654387#0	0	4200628#1	0
3654387#0	0	4347075#1	0
367874#0	0	1269889#0	0
367874#0	0	1567#44	1
367874#0	0	2417#28	0
367874#0	0	397454#0	0
367874#0	0	397454#1	1
367874#0	0	52905#0	1
367874#0	0	5293526#0	0
367874#0	0	5310#29	0
367874#0	0	5448143#2	0
367874#0	0	7166#0	0
3685346#0	0	1526593#0	0
3685346#0	0	1768095#0	1
3685346#0	0	215493#2	1
3685346#0	0	227579#1	0
3685346#0	0	252598#0	0
3685346#0	0	348194#2	0
3685346#0	0	363007#7	0
3685346#0	0	4945303#0	0
3685346#0	0	918195#1	0
3685346#0	0	918195#7	0
3695538#0	0	20951#1	0
3695538#0	0	310250#0	0
3695538#0	0	3174176#1	0
3695538#0	0	3535008#0	1
3695538#0	0	3695538#0	0
3695538#0	0	5239045#0	0
3695538#0	0	5599866#0	0
3695538#0	0	5918568#12	0
3695538#0	0	913450#2	0
3695538#0	0	913450#3	0
3730308#0	0	1292#0	0
3730308#0	0	1292#2	1
3730308#0	0	3424274#32	0
3730308#0	0	3424274#33	0
3730308#0	0	3473529#2	1
3730308#0	0	4069541#0	0
3730308#0	0	4625740#8	0
3730308#0	0	50915#2	0
3730308#0	0	778#0	0
3730308#0	0	778#51	0
3730679#0	0	1521408#1	0
3730679#0	0	2125545#0	1
3730679#0	0	2125545#1	1
3730679#0	0	2125545#6	0
3730679#0	0	2125545#8	0
3730679#0	0	2125545#9	0
3730679#0	0	2789743#1	0
3730679#0	0	3590369#0	0
3730679#0	0	4799005#0	0
3730679#0	0	490344#13	0
3750998#0	0	1088890#0	0
3750998#0	0	140121#0	0
3750998#0	0	154730#0	0
3750998#0	0	154730#1	0
3750998#0	0	25155#0	0
3750998#0	0	2622533#1	0
3750998#0	0	27303#0	0
3750998#0	0	303613#0	0
3750998#0	0	3750976#0	0
3750998#0	0	3750998#0	1
3750998#0	0	414508#3	0
3750998#0	0	421858#1	0
3750998#0	0	5115029#12	1
3750998#0	0	5699254#2	0
3750998#0	0	68486#0	1
3750998#0	0	68486#1	0
3763435#0	0	1685089#0	0
3763435#0	0	2044112#1	0
3763435#0	0	3723112#0	0
3763435#0	0	3851647#0	0
3763435#0	0	403948#0	0
3763435#0	0	403956#2	1
3763435#0	0	404347#28	1
3763435#0	0	4694052#0	0
3763435#0	0	5408144#0	0
3763435#0	0	5408151#0	0
3765731#0	0	123524#13	0
3765731#0	0	493141#0	1
3765731#0	0	493141#1	0
3765731#0	0	493141#3	0
3765731#0	0	493141#4	0
3765731#0	0	493141#6	0
3765731#0	0	493141#7	0
3765731#0	0	5443604#0	0
3765731#0	0	6957#17	0
3765731#0	0	7548#9	0
3806042#0	0	10990#2	0
3806042#0	0	123451#24	0
3806042#0	0	141416#7	0
3806042#0	0	182679#19	0
3806042#0	0	2412594#0	0
3806042#0	0	2550610#2	0
3806042#0	0	2787763#0	1
3806042#0	0	2787763#1	0
3806042#0	0	2787763#2	1
3806042#0	0	3890659#2	0
3814436#0	0	28369#0	0
3814436#0	0	28369#1	0
3814436#0	0	28369#11	0
3814436#0	0	28369#13	0
3814436#0	0	28369#2	0
3814436#0	0	28369#3	0
3814436#0	0	28369#4	0
3814436#0	0	28369#5	1
3814436#0	0	294782#0	0
3814436#0	0	294782#3	0
3814436#0	0	3488394#0	0
3814436#0	0	3785867#1	0
3814436#0	0	3867630#0	0
3814436#0	0	521045#0	0
3815874#0	0	110685#20	0
3815874#0	0	11920#0	0
3815874#0	0	157037#3	0
3815874#0	0	2219#48	0
3815874#0	0	261300#6	0
3815874#0	0	287598#3	0
3815874#0	0	3252#2	0
3815874#0	0	3252#21	1
3815874#0	0	5435286#9	0
3815874#0	0	7642#1	0
3834329#0	0	1482871#5	0
3834329#0	0	312455#5	0
3834329#0	0	3376750#1	0
3834329#0	0	3833393#1	0
3834329#0	0	3833393#13	0
3834329#0	0	4029678#3	0
3834329#0	0	4360828#0	1
3834329#0	0	4484863#2	0
3834329#0	0	4623061#2	0
3834329#0	0	5115577#0	0
3837283#0	0	1245587#11	0
3837283#0	0	1511772#4	0
3837283#0	0	1580266#3	0
3837283#0	0	246384#2	1
3837283#0	0	348238#15	0
3837283#0	0	5252928#10	0
3837283#0	0	5468722#1	0
3837283#0	0	5579669#0	0
3837283#0	0	63907#6	0
3837283#0	0	91353#20	0
3855737#0	0	1135377#1	0
3855737#0	0	1239#16	0
3855737#0	0	1239#20	0
3855737#0	0	146485#41	0
3855737#0	0	151637#27	1
3855737#0	0	172843#12	0
3855737#0	0	210880#1	0
3855737#0	0	301531#6	0
3855737#0	0	3427317#3	0
3855737#0	0	4004791#7	0
3855737#0	0	508152#6	1
3855737#0	0	5322797#10	0
3863583#0	0	304229#10	1
3863583#0	0	304401#0	1
3863583#0	0	304401#23	0
3863583#0	0	304401#24	0
3863583#0	0	35861#15	0
3863583#0	0	49560#15	1
3863583#0	0	509314#1	1
3863583#0	0	5532649#3	0
3863583#0	0	5724727#0	0
3863583#0	0	6522#185	1
38716#0	0	167034#18	0
38716#0	0	203141#15	0
38716#0	0	203141#17	0
38716#0	0	203141#2	0
38716#0	0	203141#21	0
38716#0	0	203141#24	1
38716#0	0	5305492#0	0
38716#0	0	5305492#14	0
38716#0	0	5305492#20	0
38716#0	0	5305492#6	0
3891092#0	0	1032#78	1
3891092#0	0	3891092#1	0
3891092#0	0	3891092#10	0
3891092#0	0	3891092#18	0
3891092#0	0	3891092#2	0
3891092#0	0	3891092#3	0
3891092#0	0	3891092#35	0
3891092#0	0	3891092#4	0
3891092#0	0	3891092#5	0
3891092#0	0	3891092#7	0
3974216#0	0	166791#1	1
3974216#0	0	166791#11	1
3974216#0	0	166791#35	1
3974216#0	0	2526845#11	0
3974216#0	0	2526845#27	0
3974216#0	0	2526845#29	1
3974216#0	0	2526845#3	1
3974216#0	0	2526845#41	1
3974216#0	0	2526845#64	1
3974216#0	0	5107322#5	1
39849#0	0	29085#1	1
39849#0	0	345110#6	0
39849#0	0	4000167#20	0
39849#0	0	4370993#22	0
39849#0	0	4556#8	0
39849#0	0	5450372#23	0
39849#0	0	5450372#7	0
39849#0	0	5597941#1	0
39849#0	0	5666539#1	0
39849#0	0	57391#1	0
3985144#0	0	126251#2	0
3985144#0	0	20697#1	0
3985144#0	0	20697#2	0
3985144#0	0	20697#8	0
3985144#0	0	4076644#7	0
3985144#0	0	4760#13	0
3985144#0	0	754048#1	0
3985144#0	0	791241#18	0
3985144#0	0	844#10	1
3985144#0	0	844#7	0
399125#0	0	2318994#5	0
399125#0	0	3886367#6	0
399125#0	0	3886367#7	0
399125#0	0	436196#1	0
399125#0	0	436197#1	0
399125#0	0	4838#18	0
399125#0	0	4840#12	1
399125#0	0	4964230#3	0
399125#0	0	5282979#0	0
399125#0	0	863127#0	1
4006435#0	0	1113475#12	0
4006435#0	0	187220#0	0
4006435#0	0	28225#7	0
4006435#0	0	28275#10	0
4006435#0	0	28275#18	0
4006435#0	0	350288#2	0
4006435#0	0	363704#2	1
4006435#0	0	366711#1	0
4006435#0	0	432126#1	0
4006435#0	0	99534#8	0
401749#0	0	1786101#14	1
401749#0	0	26279#29	0
401749#0	0	2745823#2	0
401749#0	0	326559#0	0
401749#0	0	3421904#6	0
401749#0	0	3438749#3	0
401749#0	0	3457995#2	0
401749#0	0	3822591#0	1
401749#0	0	3885025#0	0
401749#0	0	5895992#0	0
405457#0	0	154463#0	1
405457#0	0	154463#1	0
405457#0	0	154463#6	0
405457#0	0	154463#7	0
405457#0	0	200588#4	0
405457#0	0	2114827#0	0
405457#0	0	2569629#26	0
405457#0	0	2611881#0	0
405457#0	0	3521934#44	0
405457#0	0	656202#11	0
4055419#0	0	14080#4	0
4055419#0	0	220425#0	1
4055419#0	0	220425#11	0
4055419#0	0	220425#12	0
4055419#0	0	220425#13	0
4055419#0	0	220425#6	0
4055419#0	0	410831#0	0
4055419#0	0	5024624#0	0
4055419#0	0	5081232#1	0
4055419#0	0	509244#0	0
4055419#0	0	509244#1	0
4055419#0	0	5201848#0	0
4060003#0	0	1582913#1	0
4060003#0	0	1590751#1	0
4060003#0	0	1594235#1	0
4060003#0	0	1595488#0	0
4060003#0	0	1595488#1	0
4060003#0	0	1597319#1	0
4060003#0	0	1604549#1	0
4060003#0	0	4706533#1	1
4060003#0	0	5605037#1	0
4060003#0	0	89638#0	0
409179#0	0	1242237#4	0
409179#0	0	2032555#1	0
409179#0	0	22668#0	1
409179#0	0	22668#1	0
409179#0	0	22668#2	0
409179#0	0	316646#1	0
409179#0	0	409179#0	0
409179#0	0	4314560#1	0
409179#0	0	492569#3	0
409179#0	0	5571075#2	0
4106300#0	0	203342#30	0
4106300#0	0	2560923#0	1
4106300#0	0	263524#22	0
4106300#0	0	309570#6	0
4106300#0	0	4799989#1	0
4106300#0	0	4839560#28	0
4106300#0	0	5115482#3	0
4106300#0	0	5282452#0	0
4106300#0	0	5808353#0	0
4106300#0	0	5898398#17	0
4106549#0	0	2043007#3	0
4106549#0	0	2695459#6	0
4106549#0	0	4106549#0	1
4106549#0	0	4106549#1	0
4106549#0	0	4106559#0	0
4106549#0	0	4106559#1	0
4106549#0	0	4106559#2	1
4106549#0	0	4106559#3	0
4106549#0	0	5180289#6	0
4106549#0	0	5389658#1	0
411236#0	0	27405#9	1
411236#0	0	27507#0	1
411236#0	0	27507#8	0
411236#0	0	27507#9	0
411236#0	0	3228037#0	0
411236#0	0	3270753#0	1
411236#0	0	3364857#0	1
411236#0	0	3364858#0	1
411236#0	0	4948223#2	0
411236#0	0	56824#0	0
411300#0	0	3811309#1	1
411300#0	0	3811309#2	0
411300#0	0	4003266#3	0
411300#0	0	5032556#2	0
411300#0	0	891741#4	0
411300#0	0	89334#0	0
411300#0	0	89334#1	0
411300#0	0	89334#3	1
411300#0	0	89334#5	0
411300#0	0	934023#0	0
4151567#0	0	1855315#2	1
4151567#0	0	20428#0	0
4151567#0	0	301291#1	0
4151567#0	0	3750448#1	0
4151567#0	0	3981135#1	0
4151567#0	0	4888095#3	0
4151567#0	0	537799#1	0
4151567#0	0	5561914#0	0
4151567#0	0	737951#1	1
4151567#0	0	8747#2	0
418752#0	0	181054#0	0
418752#0	0	203776#29	0
418752#0	0	203776#42	0
418752#0	0	2670#26	0
418752#0	0	288400#20	1
418752#0	0	3227192#4	0
418752#0	0	440777#14	0
418752#0	0	4495859#10	0
418752#0	0	893905#5	0
418752#0	0	901932#1	0
42087#0	0	140542#0	0
42087#0	0	1573816#0	1
42087#0	0	1573816#17	0
42087#0	0	1573816#18	0
42087#0	0	158963#2	0
42087#0	0	1670#10	0
42087#0	0	2051989#0	0
42087#0	0	283493#0	1
42087#0	0	348684#0	0
42087#0	0	7628#0	1
4271310#0	0	2790324#0	0
4271310#0	0	2790324#1	0
4271310#0	0	4086499#1	0
4271310#0	0	4086499#2	0
4271310#0	0	4859377#0	1
4271310#0	0	4859377#1	0
4271310#0	0	5200692#0	0
4271310#0	0	5200692#1	0
4271310#0	0	5200692#2	0
4271310#0	0	5501517#3	0
4289615#0	0	1070486#1	0
4289615#0	0	2067059#2	0
4289615#0	0	3598449#0	0
4289615#0	0	3598449#4	0
4289615#0	0	3786931#0	1
4289615#0	0	3786931#1	0
4289615#0	0	4064734#0	0
4289615#0	0	4065656#3	0
4289615#0	0	5877196#3	0
4289615#0	0	647975#0	0
4295321#0	0	354236#4	0
4295321#0	0	55562#0	0
4295321#0	0	5749388#0	1
4295321#0	0	5749388#1	0
4295321#0	0	5749388#2	0
4295321#0	0	5749388#3	0
4295321#0	0	5749388#4	0
4295321#0	0	5749388#5	0
4295321#0	0	5749388#7	0
4295321#0	0	5749388#8	0
4295492#0	0	28731#0	0
4295492#0	0	3519416#0	0
4295492#0	0	3976906#0	1
4295492#0	0	3976906#1	1
4295492#0	0	3976906#2	0
4295492#0	0	4311552#1	1
4295492#0	0	4833338#0	0
4295492#0	0	5223226#0	0
4295492#0	0	5463333#1	0
4295492#0	0	5730688#0	1
4298926#0	0	174710#29	0
4298926#0	0	174710#31	0
4298926#0	0	261853#6	0
4298926#0	0	6836#42	1
4298926#0	0	7138#29	0
4298926#0	0	7188#29	1
4298926#0	0	7276#26	1
4298926#0	0	7279#15	1
4298926#0	0	7284#19	1
4298926#0	0	7348#33	1
4303692#0	0	1115619#0	0
4303692#0	0	1659824#0	1
4303692#0	0	1659824#1	0
4303692#0	0	1659824#4	0
4303692#0	0	313225#4	0
4303692#0	0	4303692#1	0
4303692#0	0	519227#0	0
4303692#0	0	5204661#12	0
4303692#0	0	5528771#0	0
4303692#0	0	642119#1	0
4334835#0	0	43261#18	1
4334835#0	0	4334835#0	0
4334835#0	0	4803503#0	0
4334835#0	0	4997898#2	0
4334835#0	0	5125785#5	0
4334835#0	0	520499#1	0
4334835#0	0	5639462#5	0
4334835#0	0	6728#1	0
4334835#0	0	69005#36	0
4334835#0	0	918587#10	0
434744#0	0	1272832#1	0
434744#0	0	1597132#19	0
434744#0	0	21388#0	1
434744#0	0	21388#1	1
434744#0	0	21388#16	0
434744#0	0	21388#2	0
434744#0	0	408221#2	1
434744#0	0	434744#0	0
434744#0	0	6052#0	0
434744#0	0	657693#1	1
4351133#0	0	24556#10	0
4351133#0	0	24556#14	0
4351133#0	0	24556#16	0
4351133#0	0	24556#17	0
4351133#0	0	24556#19	0
4351133#0	0	24556#26	0
4351133#0	0	24556#34	0
4351133#0	0	24556#36	1
4351133#0	0	24556#4	0
4351133#0	0	5500688#18	1
4352605#0	0	13110#31	1
4352605#0	0	1388694#7	1
4352605#0	0	2349186#9	0
4352605#0	0	250463#7	1
4352605#0	0	2588793#4	1
4352605#0	0	32548#4	0
4352605#0	0	3339330#2	1
4352605#0	0	346687#13	0
4352605#0	0	364811#1	0
4352605#0	0	4863009#3	0
4354143#0	0	11565#2	0
4354143#0	0	12883#15	0
4354143#0	0	207791#0	0
4354143#0	0	29502#6	0
4354143#0	0	306414#0	1
4354143#0	0	3840714#3	0
4354143#0	0	4750055#13	0
4354143#0	0	4774713#9	0
4354143#0	0	5285518#0	0
4354143#0	0	921642#4	0
4363220#0	0	148387#4	0
4363220#0	0	2040416#1	0
4363220#0	0	3228214#30	0
4363220#0	0	4510346#3	0
4363220#0	0	4566053#3	0
4363220#0	0	4599606#5	1
4363220#0	0	521649#0	0
4363220#0	0	5492099#6	0
4363220#0	0	5891022#8	0
4363220#0	0	761270#8	0
4409452#0	0	139714#36	0
4409452#0	0	139714#45	1
4409452#0	0	2219485#0	1
4409452#0	0	2219485#1	0
4409452#0	0	3709157#3	1
4409452#0	0	501558#23	0
4409452#0	0	5114971#6	0
4409452#0	0	5114971#7	0
4409452#0	0	5114971#8	0
4409452#0	0	5114971#9	0
4426550#0	0	3373981#35	1
4426550#0	0	4426550#1	0
4426550#0	0	4426550#10	0
4426550#0	0	4426550#11	0
4426550#0	0	4426550#12	0
4426550#0	0	4426550#13	0
4426550#0	0	4426550#14	0
4426550#0	0	4426550#3	0
4426550#0	0	4426550#5	1
4426550#0	0	4426550#7	0
4497083#0	0	3672551#14	0
4497083#0	0	3712171#2	0
4497083#0	0	3994330#16	0
4497083#0	0	3994330#5	0
4497083#0	0	4712545#0	1
4497083#0	0	5020187#6	0
4497083#0	0	5307532#4	0
4497083#0	0	5893130#11	0
4497083#0	0	5895242#7	0
4497083#0	0	916#34	0
450965#0	0	135558#11	1
450965#0	0	5312616#0	0
450965#0	0	53331#16	0
450965#0	0	53331#2	1
450965#0	0	53331#33	1
450965#0	0	53331#34	1
450965#0	0	53331#35	1
450965#0	0	53331#40	0
450965#0	0	53331#52	0
450965#0	0	53331#65	1
4519475#0	0	1071960#0	0
4519475#0	0	3591865#1	1
4519475#0	0	3965456#0	0
4519475#0	0	3969928#0	0
4519475#0	0	3969928#1	0
4519475#0	0	3988090#0	0
4519475#0	0	4067497#1	0
4519475#0	0	4163082#0	0
4519475#0	0	4519475#0	0
4519475#0	0	4519475#7	0
4540742#0	0	155541#0	0
4540742#0	0	1661182#7	0
4540742#0	0	177221#4	0
4540742#0	0	1825498#0	0
4540742#0	0	1825498#1	0
4540742#0	0	2072746#1	0
4540742#0	0	208500#0	0
4540742#0	0	25459#31	0
4540742#0	0	2656394#4	0
4540742#0	0	301203#7	0
4540742#0	0	354376#1	0
4540742#0	0	3832803#1	0
4540742#0	0	420772#0	0
4540742#0	0	4540742#0	1
4540742#0	0	4953517#11	0
4540742#0	0	5012148#0	0
4555154#0	0	13730#6	0
4555154#0	0	211104#0	0
4555154#0	0	211104#1	1
4555154#0	0	221080#0	0
4555154#0	0	254467#0	0
4555154#0	0	254467#17	0
4555154#0	0	254467#21	0
4555154#0	0	254467#25	0
4555154#0	0	4378531#13	0
4555154#0	0	5885282#0	0
4727482#0	0	1480949#0	0
4727482#0	0	1516789#0	1
4727482#0	0	2085289#0	0
4727482#0	0	27661#0	0
4727482#0	0	3478820#2	0
4727482#0	0	3847152#2	0
4727482#0	0	389786#0	0
4727482#0	0	4718128#3	0
4727482#0	0	4719583#0	0
4727482#0	0	508435#1	0
4727789#0	0	2230341#1	1
4727789#0	0	2230341#14	0
4727789#0	0	2230341#6	1
4727789#0	0	2230341#9	0
4727789#0	0	3428171#0	1
4727789#0	0	3428171#2	0
4727789#0	0	3428171#4	1
4727789#0	0	3533556#21	1
4727789#0	0	3533556#28	0
4727789#0	0	654426#2	1
4729997#0	0	11112#2	1
4729997#0	0	11162#0	0
4729997#0	0	11162#1	0
4729997#0	0	11162#26	0
4729997#0	0	114612#6	1
4729997#0	0	20203#0	1
4729997#0	0	2141184#0	1
4729997#0	0	3692269#0	0
4729997#0	0	4007307#0	1
4729997#0	0	58526#0	1
4773158#0	0	113675#13	0
4773158#0	0	113951#11	0
4773158#0	0	307940#51	1
4773158#0	0	307940#56	0
4773158#0	0	307940#59	0
4773158#0	0	317191#8	0
4773158#0	0	4003123#12	0
4773158#0	0	4003123#14	0
4773158#0	0	4730842#14	0
4773158#0	0	92220#29	1
4773242#0	0	152730#1	0
4773242#0	0	176028#1	1
4773242#0	0	182966#4	0
4773242#0	0	2232467#1	0
4773242#0	0	241856#12	0
4773242#0	0	25762#43	0
4773242#0	0	3801603#1	0
4773242#0	0	38452#33	0
4773242#0	0	661452#3	0
4773242#0	0	661452#4	0
4777693#0	0	110670#4	0
4777693#0	0	176922#1	0
4777693#0	0	176922#17	1
4777693#0	0	1792784#0	0
4777693#0	0	2331484#8	0
4777693#0	0	300738#8	0
4777693#0	0	4573#1	0
4777693#0	0	4573#28	0
4777693#0	0	5056176#10	0
4777693#0	0	736991#2	1
4803487#0	0	4675798#2	0
4803487#0	0	521443#23	0
4803487#0	0	5317701#8	1
4803487#0	0	5317701#9	0
4803487#0	0	7319#0	1
4803487#0	0	7319#1	0
4803487#0	0	7319#10	0
4803487#0	0	7319#12	0
4803487#0	0	7319#4	0
4803487#0	0	7319#7	0
4806885#0	0	1329906#0	0
4806885#0	0	1570209#0	0
4806885#0	0	157435#0	0
4806885#0	0	165649#0	0
4806885#0	0	2332#28	0
4806885#0	0	2332#31	0
4806885#0	0	249898#0	0
4806885#0	0	44739#0	1
4806885#0	0	765075#0	0
4806885#0	0	906298#0	0
4809078#0	0	219837#14	1
4809078#0	0	4743#29	0
4809078#0	0	4743#43	1
4809078#0	0	4791430#3	0
4809078#0	0	4839841#6	0
4809078#0	0	4855650#8	1
4809078#0	0	538858#7	0
4809078#0	0	5641236#5	1
4809078#0	0	5821933#16	0
4809078#0	0	5904299#17	0
482086#0	0	1031#94	0
482086#0	0	11375#10	0
482086#0	0	1462066#2	0
482086#0	0	209620#4	0
482086#0	0	2331833#6	0
482086#0	0	288577#10	1
482086#0	0	288577#13	0
482086#0	0	31005#3	0
482086#0	0	514290#10	0
482086#0	0	5618318#15	0
484424#0	0	10195#0	1
484424#0	0	10195#11	0
484424#0	0	159770#10	0
484424#0	0	163880#0	0
484424#0	0	163880#2	0
484424#0	0	163880#3	0
484424#0	0	2314665#1	1
484424#0	0	35712#3	0
484424#0	0	36072#5	0
484424#0	0	36072#6	0
484424#0	0	393392#2	0
484424#0	0	426610#32	0
484424#0	0	536782#1	0
484424#0	0	5525269#9	0
484424#0	0	5612409#12	0
484424#0	0	5897487#0	0
484424#0	0	69316#21	0
484424#0	0	728678#1	0
484424#0	0	778#89	0
4860306#0	0	110231#11	0
4860306#0	0	3187790#1	0
4860306#0	0	4839560#36	0
4860306#0	0	4860306#0	1
4860306#0	0	4860306#1	0
4860306#0	0	4860306#11	0
4860306#0	0	4860306#2	1
4860306#0	0	4860306#5	0
4860306#0	0	5530381#1	0
4860306#0	0	5907626#37	1
4888487#0	0	359310#0	0
4888487#0	0	359310#1	1
4888487#0	0	4888487#0	0
4888487#0	0	4891479#0	1
4888487#0	0	5027508#2	1
4888487#0	0	5027508#3	0
4888487#0	0	5027508#4	0
4888487#0	0	7315#28	0
4888487#0	0	7315#29	0
4888487#0	0	7315#30	0
4894965#0	0	1132732#0	0
4894965#0	0	114989#0	1
4894965#0	0	2042815#0	0
4894965#0	0	23994#2	0
4894965#0	0	5510289#0	0
4894965#0	0	657467#0	0
4894965#0	0	659453#0	0
4894965#0	0	672220#0	0
4894965#0	0	673370#0	0
4894965#0	0	677214#0	0
4915545#0	0	4915545#0	1
4915545#0	0	4915545#1	0
4915545#0	0	4915545#10	1
4915545#0	0	4915545#11	0
4915545#0	0	4915545#16	0
4915545#0	0	4915545#2	0
4915545#0	0	4915545#29	0
4915545#0	0	4915545#5	0
4915545#0	0	4915545#6	1
4915545#0	0	4915545#9	0
4984444#0	0	304325#4	0
4984444#0	0	5066758#0	1
4984444#0	0	5066758#1	0
4984444#0	0	5066758#2	0
4984444#0	0	96168#3	0
4984444#0	0	96168#35	0
4984444#0	0	96168#66	0
4984444#0	0	96168#68	1
4984444#0	0	96168#79	0
4984444#0	0	96168#83	0
499186#0	0	1422417#0	0
499186#0	0	1465868#0	0
499186#0	0	1492104#0	0
499186#0	0	1691948#0	0
499186#0	0	179065#0	0
499186#0	0	179065#4	0
499186#0	0	18530#0	0
499186#0	0	18530#1	0
499186#0	0	18530#2	1
499186#0	0	486453#0	0
5001620#0	0	2390555#58	0
5001620#0	0	257400#0	0
5001620#0	0	3567171#0	1
5001620#0	0	3567171#28	0
5001620#0	0	3574197#0	1
5001620#0	0	46206#0	0
5001620#0	0	4743409#1	0
5001620#0	0	5212256#3	0
5001620#0	0	534898#0	0
5001620#0	0	8928#17	0
5008774#0	0	1541412#0	1
5008774#0	0	1541412#1	0
5008774#0	0	1541412#23	0
5008774#0	0	1541412#27	0
5008774#0	0	1541412#31	0
5008774#0	0	1541412#32	0
5008774#0	0	1541412#33	0
5008774#0	0	4007397#5	1
5008774#0	0	4070566#1	0
5008774#0	0	4720219#2	0
5034177#0	0	11721#14	0
5034177#0	0	27451#35	0
5034177#0	0	3552819#21	0
5034177#0	0	3552819#23	0
5034177#0	0	4671#47	0
5034177#0	0	484433#1	0
5034177#0	0	4989207#10	0
5034177#0	0	4989207#5	1
5034177#0	0	5650532#0	0
5034177#0	0	5907263#76	0
5077032#0	0	169295#0	0
5077032#0	0	169295#19	0
5077032#0	0	169295#25	0
5077032#0	0	169295#26	0
5077032#0	0	169295#8	0
5077032#0	0	2509899#0	1
5077032#0	0	2774853#0	0
5077032#0	0	3556095#2	0
5077032#0	0	5909678#3	0
5077032#0	0	5909678#6	0
5099500#0	0	2845885#69	0
5099500#0	0	5612410#6	1
5099500#0	0	62009#15	0
5099500#0	0	62009#20	1
5099500#0	0	62009#23	0
5099500#0	0	62009#24	1
5099500#0	0	62009#30	0
5099500#0	0	62009#34	0
5099500#0	0	62009#37	1
5099500#0	0	62009#56	0
5133840#0	0	184231#47	0
5133840#0	0	1962397#6	0
5133840#0	0	289753#14	0
5133840#0	0	4283073#2	0
5133840#0	0	4864580#1	0
5133840#0	0	4989207#108	1
5133840#0	0	5762860#15	0
5133840#0	0	941896#5	0
5133840#0	0	948763#6	0
5133840#0	0	958373#1	0
5147644#0	0	110161#27	0
5147644#0	0	110301#2	1
5147644#0	0	1194061#9	0
5147644#0	0	2318680#1	0
5147644#0	0	2430128#12	0
5147644#0	0	2540511#8	0
5147644#0	0	32868#21	0
5147644#0	0	4838913#58	0
5147644#0	0	5124727#2	0
5147644#0	0	922654#2	0
5174269#0	0	222961#0	0
5174269#0	0	2799492#1	0
5174269#0	0	306160#0	0
5174269#0	0	3594943#6	0
5174269#0	0	3657888#1	0
5174269#0	0	3657906#1	0
5174269#0	0	3658578#0	0
5174269#0	0	3658578#1	1
5174269#0	0	3783534#1	0
5174269#0	0	5174269#0	0
5174269#0	0	5174269#1	0
5174269#0	0	5174269#3	0
5174269#0	0	5174269#5	0
5174269#0	0	5174269#7	0
5174269#0	0	5174269#8	0
5174269#0	0	5207881#0	0
5174269#0	0	928240#6	0
5174269#0	0	939988#4	0
5176096#0	0	368157#21	0
5176096#0	0	368157#24	0
5176096#0	0	368157#5	0
5176096#0	0	368157#8	0
5176096#0	0	4955310#0	1
5176096#0	0	4955310#1	0
5176096#0	0	5069096#0	0
5176096#0	0	5568133#0	0
5176096#0	0	6417#12	0
5176096#0	0	6417#24	0
5197813#0	0	5197813#0	0
5197813#0	0	5197813#1	0
5197813#0	0	5197813#10	0
5197813#0	0	5197813#11	0
5197813#0	0	5197813#12	0
5197813#0	0	5197813#15	0
5197813#0	0	5197813#18	1
5197813#0	0	5197813#19	0
5197813#0	0	5197813#2	0
5197813#0	0	5197813#9	0
5199812#0	0	3985596#0	1
5199812#0	0	3985596#1	0
5199812#0	0	3985596#3	0
5199812#0	0	3985596#8	0
5199812#0	0	418173#1	0
5199812#0	0	418173#27	1
5199812#0	0	418173#28	0
5199812#0	0	5201504#0	0
5199812#0	0	5332700#0	0
5199812#0	0	5332700#31	0
523853#0	0	12408#30	0
523853#0	0	12408#6	0
523853#0	0	227068#3	0
523853#0	0	2504913#3	0
523853#0	0	254392#0	0
523853#0	0	2628#11	0
523853#0	0	4005683#14	0
523853#0	0	4335559#3	0
523853#0	0	446245#7	0
523853#0	0	523644#0	0
523853#0	0	533878#1	1
523853#0	0	533878#3	0
523853#0	0	5349858#1	0
523853#0	0	5406605#3	0
523853#0	0	5878275#14	0
5260286#0	0	146111#0	1
5260286#0	0	146111#3	0
5260286#0	0	146111#4	0
5260286#0	0	146116#0	0
5260286#0	0	146116#6	0
5260286#0	0	1607256#0	0
5260286#0	0	327150#0	0
5260286#0	0	5214622#0	0
5260286#0	0	5879804#0	0
5260286#0	0	915003#0	0
5264716#0	0	316447#1	1
5264716#0	0	36751#5	1
5264716#0	0	543829#0	1
5264716#0	0	543829#14	0
5264716#0	0	543829#24	0
5264716#0	0	543829#3	0
5264716#0	0	543829#4	0
5264716#0	0	543829#9	0
5264716#0	0	653787#6	0
5264716#0	0	912922#43	0
5307259#0	0	3651129#24	0
5307259#0	0	389812#0	0
5307259#0	0	389812#3	1
5307259#0	0	389812#4	0
5307259#0	0	389812#5	0
5307259#0	0	389812#7	0
5307259#0	0	389812#8	0
5307259#0	0	4786143#8	0
5307259#0	0	5612960#13	0
5307259#0	0	5612960#14	0
5313369#0	0	16241#10	0
5313369#0	0	16241#23	0
5313369#0	0	16241#25	0
5313369#0	0	16241#30	0
5313369#0	0	16241#31	0
5313369#0	0	2162198#0	0
5313369#0	0	628966#1	1
5313369#0	0	628966#2	0
5313369#0	0	754112#0	0
5313369#0	0	942359#0	0
5314240#0	0	13604#10	0
5314240#0	0	13604#11	1
5314240#0	0	13604#15	0
5314240#0	0	14005#2	0
5314240#0	0	3690786#2	0
5314240#0	0	411677#6	1
5314240#0	0	4605181#1	0
5314240#0	0	4647644#0	0
5314240#0	0	5895453#0	0
5314240#0	0	653270#5	0
5318992#0	0	1603#22	0
5318992#0	0	1603#8	0
5318992#0	0	1634#3	0
5318992#0	0	1634#30	0
5318992#0	0	20238#2	0
5318992#0	0	20238#4	0
5318992#0	0	21297#18	0
5318992#0	0	2350060#2	0
5318992#0	0	2647#0	0
5318992#0	0	2699035#1	0
5318992#0	0	3406#6	1
5318992#0	0	3816596#3	0
5318992#0	0	4173760#0	0
5318992#0	0	5027873#1	0
5318992#0	0	53578#29	0
5318992#0	0	57790#73	0
5318992#0	0	6702#1	0
5318992#0	0	994449#4	0
5319675#0	0	5319675#0	1
5319675#0	0	5319675#1	0
5319675#0	0	5319675#10	0
5319675#0	0	5319675#11	0
5319675#0	0	5319675#12	0
5319675#0	0	5319675#13	0
5319675#0	0	5319675#14	0
5319675#0	0	5319675#4	0
5319675#0	0	5319675#8	0
5319675#0	0	5319675#9	0
5340247#0	0	4291937#0	0
5340247#0	0	5340247#0	0
5340247#0	0	5340247#1	0
5340247#0	0	5340247#11	0
5340247#0	0	5340247#12	0
5340247#0	0	5340247#2	0
5340247#0	0	5340247#24	0
5340247#0	0	5340247#3	1
5340247#0	0	5340247#5	0
5340247#0	0	5861463#6	0
5344217#0	0	10494#4	1
5344217#0	0	2314356#0	0
5344217#0	0	364053#39	0
5344217#0	0	3862057#0	1
5344217#0	0	4671#0	1
5344217#0	0	4671#26	0
5344217#0	0	4671#47	1
5344217#0	0	4989207#1	0
5344217#0	0	4989207#8	0
5344217#0	0	7204#23	0
53591#0	0	1842617#76	0
53591#0	0	2587969#0	0
53591#0	0	368375#3	0
53591#0	0	38104#2	0
53591#0	0	4424010#0	0
53591#0	0	53591#0	0
53591#0	0	5896417#6	0
53591#0	0	622370#1	0
53591#0	0	7179#24	0
53591#0	0	8919#4	1
5363359#0	0	2608012#0	1
5363359#0	0	2608012#1	1
5363359#0	0	326643#0	1
5363359#0	0	326643#1	1
5363359#0	0	326643#19	0
5363359#0	0	326643#5	0
5363359#0	0	428908#7	1
5363359#0	0	5843677#0	0
5363359#0	0	5843677#1	1
5363359#0	0	5843677#2	0
5365558#0	0	13523#17	0
5365558#0	0	13523#21	0
5365558#0	0	13523#6	0
5365558#0	0	174710#48	1
5365558#0	0	283502#18	0
5365558#0	0	290601#9	0
5365558#0	0	3377#5	0
5365558#0	0	422378#5	0
5365558#0	0	4952926#4	1
5365558#0	0	4982133#45	0
5365558#0	0	4996713#2	0
5365558#0	0	518153#15	0
5365558#0	0	5699182#5	0
5365558#0	0	5868040#1	0
5365558#0	0	959055#9	0
5369520#0	0	2109664#4	0
5369520#0	0	2109664#7	0
5369520#0	0	3891092#10	0
5369520#0	0	5358974#2	0
5369520#0	0	5359613#1	1
5369520#0	0	5380750#1	0
5369520#0	0	540421#12	0
5369520#0	0	543071#17	0
5369520#0	0	889228#6	1
5369520#0	0	91488#0	1
537800#0	0	2426#0	1
537800#0	0	2426#5	1
537800#0	0	2470#0	0
537800#0	0	3411456#0	1
537800#0	0	3415460#0	1
537800#0	0	362551#0	1
537800#0	0	3911#10	0
537800#0	0	5352513#1	0
537800#0	0	5501759#0	1
537800#0	0	902774#0	0
5389064#0	0	1117209#0	0
5389064#0	0	1222515#3	0
5389064#0	0	1241559#0	0
5389064#0	0	1252187#2	0
5389064#0	0	1525206#0	0
5389064#0	0	1525206#2	0
5389064#0	0	2037165#0	0
5389064#0	0	2327967#0	0
5389064#0	0	2366#0	0
5389064#0	0	2366#13	1
5389064#0	0	2366#4	0
5389064#0	0	2366#72	0
5389064#0	0	533831#0	0
5389064#0	0	632120#19	0
5389064#0	0	632120#21	0
5389064#0	0	937268#0	1
5405765#0	0	115533#14	0
5405765#0	0	2115380#7	0
5405765#0	0	216480#0	1
5405765#0	0	216480#1	1
5405765#0	0	22940#4	1
5405765#0	0	476967#2	0
5405765#0	0	4823417#23	0
5405765#0	0	6973#32	0
5405765#0	0	7943#16	0
5405765#0	0	896910#1	0
5410728#0	0	1511711#8	0
5410728#0	0	3258916#0	0
5410728#0	0	3258916#2	0
5410728#0	0	4072790#11	0
5410728#0	0	4272638#0	0
5410728#0	0	4818184#0	0
5410728#0	0	4841667#2	0
5410728#0	0	493696#0	1
5410728#0	0	493696#1	0
5410728#0	0	493696#5	0
5411212#0	0	3382009#0	0
5411212#0	0	4916268#0	0
5411212#0	0	51664#0	0
5411212#0	0	51664#1	1
5411212#0	0	51664#15	0
5411212#0	0	51664#4	0
5411212#0	0	51664#6	0
5411212#0	0	5407680#0	0
5411212#0	0	803135#0	0
5411212#0	0	941930#0	0
5439948#0	0	11869#117	1
5439948#0	0	141719#19	0
5439948#0	0	1596647#12	1
5439948#0	0	18306#34	0
5439948#0	0	1853205#0	0
5439948#0	0	2016121#102	0
5439948#0	0	2016121#70	0
5439948#0	0	2320436#48	0
5439948#0	0	3678930#2	0
5439948#0	0	4385632#14	0
5443332#0	0	142570#9	0
5443332#0	0	2069783#0	0
5443332#0	0	2165651#3	0
5443332#0	0	352280#5	0
5443332#0	0	4002259#12	1
5443332#0	0	428558#4	0
5443332#0	0	429969#46	0
5443332#0	0	4943575#2	0
5443332#0	0	5443332#0	0
5443332#0	0	718479#1	0
5450408#0	0	1114631#0	0
5450408#0	0	211206#23	1
5450408#0	0	251666#6	0
5450408#0	0	2658373#0	1
5450408#0	0	2658373#12	0
5450408#0	0	2658373#18	0
5450408#0	0	2658373#20	1
5450408#0	0	2658373#22	0
5450408#0	0	2658373#8	1
5450408#0	0	2658373#9	1
5493146#0	0	122686#23	0
5493146#0	0	122686#24	1
5493146#0	0	123116#54	0
5493146#0	0	251849#7	0
5493146#0	0	2701#10	0
5493146#0	0	3219499#8	0
5493146#0	0	3219499#9	0
5493146#0	0	401119#4	0
5493146#0	0	5404780#3	0
5493146#0	0	93290#17	1
5503494#0	0	12937#76	0
5503494#0	0	182484#0	0
5503494#0	0	29017#0	0
5503494#0	0	30906#21	0
5503494#0	0	357961#2	0
5503494#0	0	394882#1	0
5503494#0	0	394882#3	0
5503494#0	0	4784469#4	0
5503494#0	0	4912202#0	0
5503494#0	0	5032341#5	0
5503494#0	0	5409823#1	0
5503494#0	0	5435087#2	0
5503494#0	0	5450372#31	0
5503494#0	0	5503494#0	0
5503494#0	0	5503494#1	1
5503494#0	0	5551395#1	0
5503494#0	0	5551395#2	0
5503494#0	0	5730304#3	0
5538420#0	0	2155313#2	0
5538420#0	0	2469122#10	0
5538420#0	0	2509629#20	0
5538420#0	0	2555926#9	0
5538420#0	0	3814736#0	1
5538420#0	0	386536#3	0
5538420#0	0	5413102#3	0
5538420#0	0	5413102#4	0
5538420#0	0	5540337#4	0
5538420#0	0	5658578#1	0
5563035#0	0	151880#7	1
5563035#0	0	2073756#4	0
5563035#0	0	23470#15	1
5563035#0	0	3838032#1	0
5563035#0	0	3942762#0	1
5563035#0	0	3964882#1	1
5563035#0	0	5210694#1	1
5563035#0	0	5333851#1	1
5563035#0	0	5844114#1	1
5563035#0	0	5887021#0	1
55816#0	0	14069#1	0
55816#0	0	1535448#3	0
55816#0	0	174798#2	0
55816#0	0	387801#3	0
55816#0	0	388082#3	0
55816#0	0	38885#1	1
55816#0	0	5236#31	0
55816#0	0	56975#3	0
55816#0	0	9627#18	0
558636#0	0	1514409#0	0
558636#0	0	1796#40	1
558636#0	0	27458#23	0
558636#0	0	27458#61	1
558636#0	0	760404#9	0
558636#0	0	852376#0	0
558636#0	0	852639#0	0
558636#0	0	853406#6	0
558636#0	0	858869#0	0
558636#0	0	859261#6	0
5599959#0	0	1480836#1	0
5599959#0	0	1598110#1	0
5599959#0	0	221561#1	0
5599959#0	0	227616#2	0
5599959#0	0	2695085#3	0
5599959#0	0	408199#4	0
5599959#0	0	436189#3	0
5599959#0	0	436196#1	1
5599959#0	0	5282979#0	1
5599959#0	0	633785#0	0
5628681#0	0	215298#23	0
5628681#0	0	2446887#1	0
5628681#0	0	25363#18	0
5628681#0	0	260020#16	0
5628681#0	0	260020#2	0
5628681#0	0	3609828#5	0
5628681#0	0	5422598#9	0
5628681#0	0	5860358#0	0
5628681#0	0	8207#10	1
5628681#0	0	9959#1	0
5661621#0	0	1864805#4	0
5661621#0	0	1903652#1	0
5661621#0	0	2147576#0	0
5661621#0	0	3468253#0	0
5661621#0	0	3525043#16	0
5661621#0	0	3525043#21	0
5661621#0	0	363732#0	0
5661621#0	0	3705207#1	0
5661621#0	0	4274335#1	0
5661621#0	0	6810#11	1
5667520#0	0	1263148#0	0
5667520#0	0	158149#0	0
5667520#0	0	158149#2	1
5667520#0	0	158149#4	0
5667520#0	0	158149#5	1
5667520#0	0	158149#7	1
5667520#0	0	158149#9	0
5667520#0	0	5139853#1	1
5667520#0	0	5139853#11	0
5667520#0	0	916#39	0
5689979#0	0	1341524#7	0
5689979#0	0	2219444#79	0
5689979#0	0	4007804#20	0
5689979#0	0	4343716#1	0
5689979#0	0	4343716#2	0
5689979#0	0	4781888#1	0
5689979#0	0	4781888#2	0
5689979#0	0	5234619#0	1
5689979#0	0	5234619#1	0
5689979#0	0	5553568#2	0
5698870#0	0	123116#30	0
5698870#0	0	2450564#12	0
5698870#0	0	302603#12	0
5698870#0	0	3256375#2	0
5698870#0	0	359302#1	1
5698870#0	0	4057895#6	0
5698870#0	0	534073#12	0
5698870#0	0	630682#2	1
5698870#0	0	645531#8	0
5698870#0	0	862821#48	0
5704400#0	0	143827#1	1
5704400#0	0	215694#0	0
5704400#0	0	215694#41	0
5704400#0	0	492137#1	0
5704400#0	0	5268446#1	0
5704400#0	0	5669750#0	1
5704400#0	0	5683016#1	0
5704400#0	0	5689930#0	1
5704400#0	0	5689939#0	1
5704400#0	0	5689939#2	1
5714386#0	0	161630#5	0
5714386#0	0	215618#11	0
5714386#0	0	297407#21	0
5714386#0	0	3578613#3	0
5714386#0	0	3587218#4	0
5714386#0	0	4531667#1	0
5714386#0	0	479532#3	0
5714386#0	0	4815023#3	1
5714386#0	0	505893#5	0
5714386#0	0	964431#2	1
5721699#0	0	2658373#0	1
5721699#0	0	2658373#1	0
5721699#0	0	2658373#10	0
5721699#0	0	2658373#11	1
5721699#0	0	2658373#14	0
5721699#0	0	2658373#15	0
5721699#0	0	2658373#2	0
5721699#0	0	4200628#1	0
5721699#0	0	4200628#3	0
5721699#0	0	4347075#2	0
5729506#0	0	1529224#2	1
5729506#0	0	3609131#1	0
5729506#0	0	4225764#18	0
5729506#0	0	4298094#0	0
5729506#0	0	4709140#0	0
5729506#0	0	502377#0	0
5729506#0	0	502377#3	0
5729506#0	0	5319648#0	0
5729506#0	0	8765#1	1
5729506#0	0	8765#6	0
5743949#0	0	12408#6	0
5743949#0	0	1615606#7	0
5743949#0	0	179384#0	1
5743949#0	0	3608643#0	0
5743949#0	0	405533#7	0
5743949#0	0	4835308#3	0
5743949#0	0	5078158#0	0
5743949#0	0	5078158#1	0
5743949#0	0	5078158#11	0
5743949#0	0	895241#8	0
5767808#0	0	19951#0	0
5767808#0	0	19951#1	0
5767808#0	0	19951#15	0
5767808#0	0	2650809#0	0
5767808#0	0	2654827#0	0
5767808#0	0	327409#0	1
5767808#0	0	3475432#0	0
5767808#0	0	3475433#0	0
5767808#0	0	3587190#0	0
5767808#0	0	90105#0	0
5813446#0	0	1261897#10	0
5813446#0	0	3894#32	0
5813446#0	0	3894#59	0
5813446#0	0	3894#60	0
5813446#0	0	3894#67	0
5813446#0	0	3894#68	0
5813446#0	0	3894#69	1
5813446#0	0	3894#76	0
5813446#0	0	3894#93	0
5813446#0	0	417156#5	0
5822230#0	0	239161#16	0
5822230#0	0	259007#1	1
5822230#0	0	325781#1	0
5822230#0	0	410436#2	0
5822230#0	0	4393634#0	0
5822230#0	0	44000#0	1
5822230#0	0	44000#7	0
5822230#0	0	48593#0	0
5822230#0	0	48593#2	0
5822230#0	0	668088#11	0
5823127#0	0	2603667#0	0
5823127#0	0	2630958#1	0
5823127#0	0	739248#0	0
5823127#0	0	739248#1	0
5823127#0	0	739248#2	1
5823127#0	0	739248#3	0
5823127#0	0	739248#5	0
5823127#0	0	739248#6	0
5823127#0	0	739248#7	0
5823127#0	0	739248#8	0
5823127#0	0	862139#7	0
5825919#0	0	180431#9	0
5825919#0	0	215121#4	0
5825919#0	0	218516#4	1
5825919#0	0	289707#92	0
5825919#0	0	3702561#14	0
5825919#0	0	4004228#2	0
5825919#0	0	4647243#9	0
5825919#0	0	5112997#46	0
5825919#0	0	5628250#12	0
5825919#0	0	858988#4	0
5828533#0	0	1517792#61	0
5828533#0	0	1517792#62	1
5828533#0	0	178484#2	0
5828533#0	0	3800289#15	1
5828533#0	0	438580#24	0
5828533#0	0	5852630#1	0
5828533#0	0	6522#75	0
5828533#0	0	6522#76	1
5828533#0	0	653510#38	1
5828533#0	0	700749#3	1
5830156#0	0	176054#14	0
5830156#0	0	238615#0	0
5830156#0	0	238615#2	1
5830156#0	0	238615#4	0
5830156#0	0	238615#5	0
5830156#0	0	238615#6	0
5830156#0	0	238615#8	0
5830156#0	0	308897#60	1
5830156#0	0	3371822#0	0
5830156#0	0	4859240#0	0
5838685#0	0	157405#2	1
5838685#0	0	27143#5	0
5838685#0	0	391439#5	0
5838685#0	0	391439#7	0
5838685#0	0	4181877#1	0
5838685#0	0	4942931#0	0
5838685#0	0	5085801#0	1
5838685#0	0	5087622#0	1
5838685#0	0	5643508#0	0
5838685#0	0	5643508#1	0
5838685#0	0	5643508#7	0
5838685#0	0	5643508#9	0
5838685#0	0	5838685#0	0
5841420#0	0	3558442#6	0
5841420#0	0	4269536#1	0
5841420#0	0	4269536#6	0
5841420#0	0	4269536#7	0
5841420#0	0	45477#0	0
5841420#0	0	45479#1	0
5841420#0	0	45484#3	0
5841420#0	0	45486#1	0
5841420#0	0	4942598#0	0
5841420#0	0	5848928#1	1
5856777#0	0	305595#17	0
5856777#0	0	3534128#0	1
5856777#0	0	4737604#0	1
5856777#0	0	4739804#0	1
5856777#0	0	5384151#0	1
5856777#0	0	5401965#0	1
5856777#0	0	5473045#0	1
5856777#0	0	5473045#1	0
5856777#0	0	5473045#4	0
5856777#0	0	728904#0	1
5859132#0	0	117258#3	0
5859132#0	0	147133#3	1
5859132#0	0	147310#2	0
5859132#0	0	148068#5	0
5859132#0	0	150573#3	0
5859132#0	0	202090#1	0
5859132#0	0	305237#6	0
5859132#0	0	4742516#1	0
5859132#0	0	5758547#9	0
5859132#0	0	6694#72	0
5859477#0	0	117311#4	0
5859477#0	0	12199#15	0
5859477#0	0	243095#7	0
5859477#0	0	29688#37	1
5859477#0	0	31572#8	0
5859477#0	0	3369400#2	0
5859477#0	0	347491#19	1
5859477#0	0	4845118#6	0
5859477#0	0	4966194#0	0
5859477#0	0	51290#9	0
5859477#0	0	5347399#10	0
5859477#0	0	5585196#15	0
5868464#0	0	284168#10	0
5868464#0	0	322715#4	1
5868464#0	0	438965#0	1
5868464#0	0	438965#10	0
5868464#0	0	438965#16	0
5868464#0	0	438965#3	0
5868464#0	0	438965#5	0
5868464#0	0	438965#7	0
5868464#0	0	5846760#0	1
5868464#0	0	5846760#1	0
5872893#0	0	174233#67	0
5872893#0	0	2123#75	1
5872893#0	0	2123#82	0
5872893#0	0	241020#10	0
5872893#0	0	241020#5	0
5872893#0	0	241020#7	0
5872893#0	0	4163046#1	0
5872893#0	0	4745679#1	0
5872893#0	0	5050580#2	0
5872893#0	0	5915487#0	0
5879026#0	0	10480#0	0
5879026#0	0	10924#3	1
5879026#0	0	10927#0	1
5879026#0	0	10927#2	0
5879026#0	0	10927#4	0
5879026#0	0	164288#4	0
5879026#0	0	3502172#0	0
5879026#0	0	509471#1	0
5879026#0	0	943976#0	0
5879026#0	0	943976#1	0
5893272#0	0	223190#1	0
5893272#0	0	2501818#1	0
5893272#0	0	2542299#5	1
5893272#0	0	30856#0	1
5893272#0	0	391886#10	1
5893272#0	0	391886#5	0
5893272#0	0	401206#1	0
5893272#0	0	426610#6	0
5893272#0	0	5332211#2	1
5893272#0	0	5548081#1	0
5895945#0	0	4259886#0	1
5895945#0	0	4756570#20	0
5895945#0	0	7057#3	0
5895945#0	0	7293#0	1
5895945#0	0	7293#11	0
5895945#0	0	7293#13	0
5895945#0	0	7293#20	1
5895945#0	0	7293#3	0
5895945#0	0	7293#5	0
5895945#0	0	7293#6	0
5904172#0	0	325781#0	0
5904172#0	0	4565784#2	0
5904172#0	0	48593#0	0
5904172#0	0	48593#1	1
5904172#0	0	48593#3	1
5904172#0	0	48593#5	0
5904172#0	0	48593#6	0
5904172#0	0	48593#7	0
5904172#0	0	655133#9	1
5904172#0	0	917218#1	0
5925686#0	0	2076641#10	0
5925686#0	0	2076641#9	0
5925686#0	0	2102084#1	0
5925686#0	0	26240#32	0
5925686#0	0	395528#5	0
5925686#0	0	395528#6	0
5925686#0	0	5925686#0	1
5925686#0	0	59608#13	0
5925686#0	0	662543#1	0
5925686#0	0	662543#3	0
5931167#0	0	17446#50	1
5931167#0	0	26680#24	1
5931167#0	0	3510597#1	0
5931167#0	0	486565#2	0
5931167#0	0	5235754#1	0
5931167#0	0	5235754#3	0
5931167#0	0	5558281#0	0
5931167#0	0	5558320#4	0
5931167#0	0	5907085#0	0
5931167#0	0	5907085#1	0
5931388#0	0	12205#21	0
5931388#0	0	12205#25	0
5931388#0	0	12205#6	1
5931388#0	0	12205#9	1
5931388#0	0	20701#3	0
5931388#0	0	4348915#1	0
5931388#0	0	5814882#1	0
5931388#0	0	5852086#1	0
5931388#0	0	5920139#0	0
5931388#0	0	5921360#9	0
60816#0	0	173186#0	1
60816#0	0	209958#23	0
60816#0	0	39290#0	0
60816#0	0	50819#15	0
60816#0	0	50819#16	0
60816#0	0	50819#22	0
60816#0	0	50819#29	0
60816#0	0	5866871#4	0
60816#0	0	5896494#2	0
60816#0	0	717716#2	0
619339#0	0	1032#84	0
619339#0	0	1059389#6	0
619339#0	0	183095#5	0
619339#0	0	2628#9	0
619339#0	0	3721749#9	0
619339#0	0	3723084#3	0
619339#0	0	418173#31	1
619339#0	0	44887#29	0
619339#0	0	54819#14	0
619339#0	0	5671354#78	0
627582#0	0	138258#0	0
627582#0	0	138258#3	1
627582#0	0	138258#5	0
627582#0	0	168053#0	0
627582#0	0	168053#6	0
627582#0	0	2778872#0	0
627582#0	0	4333806#2	0
627582#0	0	4746#0	0
627582#0	0	6522#184	0
627582#0	0	6522#214	0
631387#0	0	173361#0	0
631387#0	0	173361#1	0
631387#0	0	173361#7	0
631387#0	0	202865#3	0
631387#0	0	203410#1	0
631387#0	0	3668137#0	0
631387#0	0	3962070#0	1
631387#0	0	475972#43	0
631387#0	0	475972#46	0
631387#0	0	7926#17	0
634175#0	0	1271254#0	0
634175#0	0	3360771#2	0
634175#0	0	359972#0	1
634175#0	0	5124016#1	0
634175#0	0	5157566#0	0
634175#0	0	622954#0	0
634175#0	0	624672#0	0
634175#0	0	632895#0	0
634175#0	0	632896#0	0
634175#0	0	654264#0	0
640842#0	0	12408#6	0
640842#0	0	146523#0	0
640842#0	0	227926#4	0
640842#0	0	258816#2	0
640842#0	0	5864323#10	0
640842#0	0	640927#0	1
640842#0	0	718553#1	0
640842#0	0	718561#1	0
640842#0	0	718662#0	0
640842#0	0	719989#0	0
641884#0	0	1380475#4	0
641884#0	0	2431030#2	0
641884#0	0	290190#3	0
641884#0	0	306849#0	1
641884#0	0	409982#5	0
641884#0	0	4388370#1	0
641884#0	0	4704852#0	0
641884#0	0	4866566#4	0
641884#0	0	4952094#9	0
641884#0	0	99379#26	1
647975#0	0	2528838#0	0
647975#0	0	256735#0	0
647975#0	0	2695313#0	0
647975#0	0	35929#19	0
647975#0	0	3782778#0	0
647975#0	0	5379740#0	0
647975#0	0	5732007#0	0
647975#0	0	5749876#0	1
647975#0	0	5822702#0	0
647975#0	0	58808#0	0
650578#0	0	15409#10	0
650578#0	0	15409#7	1
650578#0	0	359633#6	0
650578#0	0	448882#3	0
650578#0	0	5138099#3	0
650578#0	0	756021#0	0
650578#0	0	756021#2	0
650578#0	0	760104#22	0
650578#0	0	864556#2	1
650578#0	0	904456#8	0
651595#0	0	2352854#1	0
651595#0	0	325016#23	0
651595#0	0	325016#4	0
651595#0	0	4334788#6	1
651595#0	0	4636766#10	0
651595#0	0	4636766#13	0
651595#0	0	5127257#4	0
651595#0	0	5127257#5	1
651595#0	0	5700712#7	0
651595#0	0	865980#1	0
653301#0	0	2550031#26	0
653301#0	0	3219771#18	0
653301#0	0	3219771#24	0
653301#0	0	53331#1	0
653301#0	0	53331#13	0
653301#0	0	53331#23	0
653301#0	0	53331#3	0
653301#0	0	53331#32	0
653301#0	0	53331#4	0
653301#0	0	53331#9	1
659078#0	0	155090#0	1
659078#0	0	155090#8	0
659078#0	0	663246#0	0
659078#0	0	664831#0	0
659078#0	0	665943#0	0
659078#0	0	666785#0	0
659078#0	0	668073#0	0
659078#0	0	669687#0	0
659078#0	0	674336#0	0
659078#0	0	675015#0	0
665512#0	0	4280625#0	0
665512#0	0	4280625#1	0
665512#0	0	656164#0	1
665512#0	0	656745#0	0
665512#0	0	660288#0	0
665512#0	0	663401#0	0
665512#0	0	665370#1	0
665512#0	0	670537#0	0
665512#0	0	677020#0	0
665512#0	0	677522#0	0
717512#0	0	142655#1	1
717512#0	0	174412#13	0
717512#0	0	2361906#2	0
717512#0	0	2444#24	0
717512#0	0	3507651#2	0
717512#0	0	48545#8	0
717512#0	0	4869852#1	0
717512#0	0	5338154#15	0
717512#0	0	6487#10	0
717512#0	0	928359#1	0
735373#0	0	18326#0	0
735373#0	0	18326#84	0
735373#0	0	18626#18	0
735373#0	0	318081#0	0
735373#0	0	3320448#0	0
735373#0	0	3562681#1	0
735373#0	0	3759655#1	0
735373#0	0	3759655#12	0
735373#0	0	3759655#3	0
735373#0	0	4794919#0	1
742767#0	0	30906#26	1
742767#0	0	646#5	1
742767#0	0	6522#258	1
742767#0	0	702680#0	1
742767#0	0	702680#2	0
742767#0	0	702680#25	1
742767#0	0	702680#49	0
742767#0	0	702680#58	0
742767#0	0	702792#10	0
742767#0	0	702792#7	0
766497#0	0	2501293#1	0
766497#0	0	2635531#6	0
766497#0	0	322951#6	0
766497#0	0	3428014#4	0
766497#0	0	3548125#2	1
766497#0	0	437585#25	0
766497#0	0	4701967#1	1
766497#0	0	4888856#1	0
766497#0	0	735682#3	0
766497#0	0	794459#6	0
791458#0	0	1113553#9	0
791458#0	0	155907#1	0
791458#0	0	17754#0	0
791458#0	0	17754#10	1
791458#0	0	17754#9	0
791458#0	0	3670124#0	0
791458#0	0	4739218#3	0
791458#0	0	886894#0	1
791458#0	0	886894#1	0
791458#0	0	886894#2	0
792307#0	0	1324#21	0
792307#0	0	1324#8	0
792307#0	0	1586277#1	0
792307#0	0	161914#0	0
792307#0	0	2169#0	1
792307#0	0	2169#111	0
792307#0	0	2169#71	0
792307#0	0	2169#86	1
792307#0	0	2534403#0	0
792307#0	0	446306#1	0
793320#0	0	1427981#25	0
793320#0	0	183674#3	0
793320#0	0	3715185#0	0
793320#0	0	3715185#5	0
793320#0	0	3715185#8	0
793320#0	0	5198710#2	0
793320#0	0	5422598#0	0
793320#0	0	5422598#12	0
793320#0	0	5768475#7	1
793320#0	0	862557#114	0
795171#0	0	15123#7	0
795171#0	0	15123#8	0
795171#0	0	1851233#45	0
795171#0	0	2042809#0	0
795171#0	0	2132264#1	0
795171#0	0	4325985#0	0
795171#0	0	4983581#0	0
795171#0	0	4983599#0	0
795171#0	0	5842042#0	0
795171#0	0	795171#0	1
8224#0	0	10990#16	0
8224#0	0	10990#17	0
8224#0	0	10990#2	0
8224#0	0	11429#1	1
8224#0	0	204665#3	0
8224#0	0	22560#16	0
8224#0	0	2412594#0	0
8224#0	0	2412594#1	0
8224#0	0	4740208#0	0
8224#0	0	8224#0	0
852349#0	0	1226331#1	1
852349#0	0	1843900#1	0
852349#0	0	298158#1	0
852349#0	0	3875727#1	0
852349#0	0	5117178#1	0
852349#0	0	5674781#1	0
852349#0	0	5781981#1	0
852349#0	0	651338#1	0
852349#0	0	891289#0	0
852349#0	0	926685#0	0
854982#0	0	115533#1	1
854982#0	0	115533#3	0
854982#0	0	115533#4	0
854982#0	0	115533#5	0
854982#0	0	14318#57	1
854982#0	0	1493678#4	0
854982#0	0	218843#3	0
854982#0	0	38452#16	0
854982#0	0	5575665#0	0
854982#0	0	6973#36	0
884752#0	0	116798#0	1
884752#0	0	116798#3	0
884752#0	0	1780202#0	1
884752#0	0	1790539#33	0
884752#0	0	205703#59	1
884752#0	0	2794381#1	0
884752#0	0	3791681#0	1
884752#0	0	3791965#1	1
884752#0	0	4184255#6	1
884752#0	0	4331042#1	1
894048#0	0	2614870#0	0
894048#0	0	29918#7	0
894048#0	0	3761920#4	0
894048#0	0	3790#13	1
894048#0	0	3790#17	0
894048#0	0	518711#1	0
894048#0	0	531565#0	0
894048#0	0	5363662#0	0
894048#0	0	651547#5	0
894048#0	0	902781#0	0
896708#0	0	111132#2	1
896708#0	0	1558952#2	0
896708#0	0	229162#11	0
896708#0	0	229162#12	0
896708#0	0	229162#19	0
896708#0	0	2435713#0	0
896708#0	0	2650739#5	0
896708#0	0	4755318#44	0
896708#0	0	536973#6	0
896708#0	0	835206#24	0
899732#0	0	1535400#2	1
899732#0	0	1596625#2	1
899732#0	0	1612447#2	1
899732#0	0	2315865#1	0
899732#0	0	2960#0	0
899732#0	0	2960#10	0
899732#0	0	2960#11	1
899732#0	0	2960#4	0
899732#0	0	2960#41	0
899732#0	0	2960#8	0
910228#0	0	1057327#0	1
910228#0	0	117762#0	1
910228#0	0	1581464#0	1
910228#0	0	1582691#1	0
910228#0	0	1606154#0	0
910228#0	0	1606154#1	0
910228#0	0	1610419#1	0
910228#0	0	2053499#0	1
910228#0	0	91799#0	1
910228#0	0	91799#5	0
914958#0	0	1088582#1	0
914958#0	0	1577801#1	0
914958#0	0	1606752#2	0
914958#0	0	208139#0	0
914958#0	0	234332#7	0
914958#0	0	35022#1	1
914958#0	0	35022#10	0
914958#0	0	35022#8	1
914958#0	0	400889#2	0
914958#0	0	732085#1	0
921505#0	0	23987#0	0
921505#0	0	31497#0	0
921505#0	0	31497#1	0
921505#0	0	31497#19	0
921505#0	0	4298724#0	0
921505#0	0	4341563#0	0
921505#0	0	4377794#0	1
921505#0	0	4377794#13	0
921505#0	0	4377794#14	1
921505#0	0	5908728#14	0
925477#0	0	17946#1	0
925477#0	0	2040210#1	0
925477#0	0	2540511#8	0
925477#0	0	3247794#1	0
925477#0	0	3824140#0	0
925477#0	0	389067#4	0
925477#0	0	4371767#9	0
925477#0	0	4743#22	0
925477#0	0	4811921#0	0
925477#0	0	4847229#4	0
925477#0	0	4888479#1	0
925477#0	0	5152559#1	0
925477#0	0	5740020#2	0
925477#0	0	5898351#9	0
925477#0	0	6215#19	0
925477#0	0	68350#0	1
925477#0	0	68350#8	0
925477#0	0	865701#21	0
93183#0	0	1090268#3	0
93183#0	0	1484106#1	0
93183#0	0	207793#2	0
93183#0	0	231853#2	0
93183#0	0	2664500#11	0
93183#0	0	2708113#0	0
93183#0	0	390766#2	0
93183#0	0	4907731#0	0
93183#0	0	5718065#3	0
93183#0	0	93183#0	1
950399#0	0	157684#0	1
950399#0	0	157684#3	1
950399#0	0	3423573#0	0
950399#0	0	3984426#1	0
950399#0	0	401586#1	0
950399#0	0	41036#2	0
950399#0	0	4747979#3	0
950399#0	0	485636#3	0
950399#0	0	4901367#1	0
950399#0	0	5791343#2	0
96168#0	0	158106#2	1
96168#0	0	158106#6	0
96168#0	0	158106#7	0
96168#0	0	158106#8	1
96168#0	0	2068106#10	0
96168#0	0	2148606#1	0
96168#0	0	227263#11	0
96168#0	0	2592204#0	0
96168#0	0	3219769#0	0
96168#0	0	5291268#0	1
971421#0	0	1441#14	0
971421#0	0	1441#39	0
971421#0	0	2026912#0	0
971421#0	0	309073#2	0
971421#0	0	309073#9	0
971421#0	0	3329#7	0
971421#0	0	5028092#0	0
971421#0	0	734774#0	1
971421#0	0	759#17	0
971421#0	0	759#27	1
981101#0	0	1206494#0	0
981101#0	0	1206494#2	0
981101#0	0	1544219#0	0
981101#0	0	1544219#1	0
981101#0	0	174340#8	0
981101#0	0	2315865#1	0
981101#0	0	2960#0	1
981101#0	0	2960#12	0
981101#0	0	2960#5	0
981101#0	0	2960#8	0
