1002	0	4214#3	0
1002	0	4224#0	0
1002	0	5101#25	0
1002	0	83#0	0
1002	0	89930#0	1
1006	0	212607#0	0
1006	0	226434#0	0
1006	0	329635#1	0
1006	0	332312#0	1
1006	0	332312#1	1
1006	0	340491#3	0
1006	0	3806#8	0
1006	0	810489#2	1
1006	0	81282#0	0
1006	0	84608#0	0
1032	0	152301#0	0
1032	0	152301#1	1
1032	0	152301#3	1
1032	0	152301#4	1
1032	0	152301#5	0
1032	0	152301#6	0
1032	0	152301#7	0
1032	0	30368#1	0
1032	0	30368#2	0
1032	0	30369#1	0
1057	0	11003#1	1
1057	0	1130#1	1
1057	0	11732#2	0
1057	0	14718#0	0
1057	0	21197#0	0
1057	0	21197#2	0
1057	0	21255#0	0
1057	0	224966#0	0
1057	0	251040#0	0
1057	0	440791#25	0
1064	0	10796#4	0
1064	0	11375#12	0
1064	0	15813#2	1
1064	0	15813#4	0
1064	0	216897#0	0
1064	0	217347#16	0
1064	0	2954#31	0
1064	0	300129#15	0
1064	0	3219#2	0
1064	0	368133#0	0
1076	0	12091#23	0
1076	0	12561#0	0
1076	0	12561#4	0
1076	0	12561#42	1
1076	0	12561#48	1
1076	0	12561#72	1
1076	0	12862#6	1
1076	0	140156#61	0
1076	0	232185#3	1
1076	0	259629#0	0
1084	0	12523#0	0
1084	0	12523#1	1
1084	0	12523#13	0
1084	0	12523#15	1
1084	0	12523#2	0
1084	0	12523#6	0
1084	0	222452#4	0
1084	0	239948#10	0
1084	0	246716#82	0
1084	0	412902#1	0
1124	0	146698#10	0
1124	0	243472#0	1
1124	0	243472#2	0
1124	0	279393#0	0
1124	0	286973#0	1
1124	0	32507#35	0
1124	0	44#0	0
1124	0	45442#31	0
1124	0	50327#0	1
1124	0	84393#5	1
1128	0	3992#12	0
1128	0	82513#0	1
1128	0	82513#10	1
1128	0	82513#12	0
1128	0	82513#20	1
1128	0	82513#21	0
1128	0	82513#6	0
1128	0	82513#9	1
1128	0	83784#10	0
1128	0	84608#0	0
1161	0	11972#35	0
1161	0	186401#0	1
1161	0	20885#9	1
1161	0	296760#1	1
1161	0	363344#0	1
1161	0	363344#11	1
1161	0	363344#18	1
1161	0	363344#4	1
1161	0	363344#5	1
1161	0	74181#10	1
1167	0	12853#26	0
1167	0	67116#17	0
1167	0	67116#18	1
1167	0	67116#21	0
1167	0	67116#23	0
1167	0	67116#28	0
1167	0	67116#29	0
1167	0	67116#3	0
1167	0	67116#5	0
1167	0	67116#9	0
1168	0	218565#3	0
1168	0	308201#0	1
1168	0	308201#13	0
1168	0	308201#14	0
1168	0	308201#26	0
1168	0	308201#4	0
1168	0	351784#0	0
1168	0	357711#0	1
1168	0	429003#3	0
1204	0	102824#0	0
1204	0	152547#9	0
1204	0	212634#0	0
1204	0	223133#0	0
1204	0	295151#4	0
1204	0	4255#15	0
1204	0	63410#1	0
1204	0	82530#6	0
1204	0	94139#6	1
1204	0	94244#0	0
1223	0	11736#3	1
1223	0	14717#0	1
1223	0	245448#3	1
1223	0	245448#4	1
1223	0	245448#6	1
1223	0	245448#8	1
1223	0	325768#12	1
1223	0	406995#0	1
1223	0	407303#0	1
1223	0	51536#0	1
1232	0	103039#39	0
1232	0	140780#2	0
1232	0	220992#0	0
1232	0	22527#17	0
1232	0	242741#20	0
1232	0	271568#6	0
1232	0	2836#91	0
1232	0	299546#0	0
1232	0	3022#28	0
1232	0	773115#3	1
1236	0	12365#2	0
1236	0	13852#0	1
1236	0	13852#11	0
1236	0	16848#1	1
1236	0	19653#1	0
1236	0	201804#0	0
1236	0	22889#0	1
1236	0	22892#1	0
1236	0	33212#4	0
1236	0	77559#0	0
1239	0	302506#1	1
1239	0	340368#0	1
1239	0	37148#17	1
1239	0	37148#25	1
1239	0	37148#26	1
1239	0	37148#27	1
1239	0	37148#5	1
1239	0	37148#6	1
1239	0	37148#7	1
1239	0	37148#8	1
1239	0	37148#9	1
1239	0	442738#18	1
1239	0	442809#2	1
1259	0	115061#0	0
1259	0	195195#11	1
1259	0	279646#0	0
1259	0	3803#10	0
1259	0	46175#0	0
1259	0	66213#0	0
1259	0	66213#1	1
1259	0	67417#0	0
1259	0	695044#7	1
1259	0	89704#0	0
1274	0	13302#2	0
1274	0	19398#50	0
1274	0	19398#55	1
1274	0	19398#8	0
1274	0	214803#1	0
1274	0	214803#2	1
1274	0	214803#3	1
1274	0	217819#2	0
1274	0	218224#19	0
1274	0	8633#4	0
1278	0	15616#0	1
1278	0	15617#0	0
1278	0	15617#2	0
1278	0	233727#0	1
1278	0	234069#4	0
1278	0	235525#0	0
1278	0	235525#1	0
1278	0	249790#0	0
1278	0	271159#0	0
1278	0	377648#0	0
128	0	102463#5	1
128	0	1025#11	1
128	0	227887#1	0
128	0	23906#144	0
128	0	23906#2	0
128	0	23906#67	0
128	0	23906#68	0
128	0	23906#73	1
128	0	4170#8	0
128	0	86142#32	0
131	0	11292#8	0
131	0	14943#1	0
131	0	155083#3	0
131	0	17247#25	0
131	0	199515#2	0
131	0	26346#3	1
131	0	2954#7	1
131	0	352484#2	0
131	0	70991#0	0
131	0	97439#1	1
1322	0	239948#16	1
1322	0	261390#2	1
1322	0	340491#3	0
1322	0	36833#0	1
1322	0	36833#2	1
1322	0	36833#3	1
1322	0	36833#5	1
1322	0	36833#6	1
1322	0	3794#7	0
1322	0	72673#32	0
1322	0	769#1	0
1322	0	904#0	0
1322	0	93999#5	0
1324	0	1037#8	0
1324	0	147340#1	0
1324	0	237056#1	0
1324	0	250517#0	1
1324	0	27120#1	0
1324	0	31964#9	1
1324	0	349234#0	0
1324	0	349234#4	1
1324	0	844#29	1
1324	0	844#32	1
1335	0	13263#66	1
1335	0	20248#10	0
1335	0	316005#0	0
1335	0	316019#0	0
1335	0	34680#41	0
1335	0	419993#0	0
1335	0	419993#1	0
1335	0	6368#0	0
1335	0	6368#1	0
1335	0	6369#1	1
1340	0	33946#0	1
1340	0	35851#39	1
1340	0	4732#2	1
1340	0	4759#12	1
1340	0	4759#56	1
1340	0	4762#6	1
1340	0	4767#0	1
1340	0	4789#0	1
1340	0	817#11	1
1340	0	817#2	1
1342	0	11292#20	1
1342	0	125952#19	0
1342	0	129900#0	1
1342	0	16162#0	1
1342	0	16162#1	0
1342	0	16162#11	0
1342	0	16162#17	1
1342	0	16162#22	1
1342	0	368112#2	0
1342	0	59409#17	0
1380	0	220444#0	0
1380	0	298063#13	0
1380	0	35411#0	1
1380	0	35411#2	0
1380	0	35411#3	1
1380	0	35411#4	0
1380	0	35411#5	0
1380	0	35411#6	1
1380	0	35411#7	0
1380	0	6173#5	0
1402	0	105921#1	0
1402	0	105988#0	0
1402	0	117975#15	0
1402	0	1391973#0	1
1402	0	141574#59	0
1402	0	202183#0	0
1402	0	240519#2	0
1402	0	3992#5	0
1402	0	420712#5	1
1402	0	51252#3	0
1410	0	12126#31	0
1410	0	124614#0	0
1410	0	124614#4	1
1410	0	124614#6	0
1410	0	124614#8	0
1410	0	135377#6	0
1410	0	19460#2	0
1410	0	20061#0	1
1410	0	325326#0	0
1410	0	4397#4	0
1412	0	147225#7	1
1412	0	19641#14	1
1412	0	25452#16	1
1412	0	255603#3	1
1412	0	283892#0	1
1412	0	291750#3	0
1412	0	292950#14	1
1412	0	292950#18	1
1412	0	349784#2	1
1412	0	47018#28	0
1414	0	1041#0	0
1414	0	1041#13	0
1414	0	1041#2	0
1414	0	1041#23	1
1414	0	1041#5	0
1414	0	1041#53	0
1414	0	1041#62	1
1414	0	16800#0	0
1414	0	186967#13	0
1414	0	333390#0	0
1420	0	11292#43	1
1420	0	155083#12	0
1420	0	158532#12	0
1420	0	305479#0	0
1420	0	305479#1	0
1420	0	357906#2	0
1420	0	366082#0	0
1420	0	437782#6	0
1420	0	437782#7	0
1420	0	442841#9	0
1450	0	1121#3	0
1450	0	1389135#0	1
1450	0	24238#3	0
1450	0	24238#4	0
1450	0	380554#1	0
1450	0	416298#1	0
1450	0	69105#1	0
1450	0	7329#4	0
1450	0	768#3	0
1450	0	8046#1	0
1455	0	124862#0	0
1455	0	124862#58	0
1455	0	12928#6	0
1455	0	21467#52	0
1455	0	237054#3	0
1455	0	341280#11	1
1455	0	360031#0	0
1455	0	371431#3	0
1455	0	399228#12	0
1455	0	83153#9	0
150	0	105921#1	0
150	0	1391973#0	0
150	0	141574#59	0
150	0	202183#0	0
150	0	240519#2	0
150	0	396987#0	0
150	0	3992#5	0
150	0	420712#5	1
150	0	51252#3	0
150	0	86436#0	0
1505	0	122999#11	1
1505	0	188193#0	0
1505	0	213525#2	0
1505	0	254852#8	0
1505	0	318266#21	0
1505	0	363045#2	0
1505	0	38410#20	0
1505	0	428552#51	0
1505	0	69183#0	0
1505	0	70567#46	0
1513	0	195693#0	1
1513	0	195693#1	0
1513	0	195693#14	0
1513	0	195693#2	0
1513	0	195693#24	0
1513	0	195693#26	0
1513	0	195693#27	0
1513	0	195693#3	0
1513	0	195693#4	0
1513	0	195693#6	1
1545	0	116791#0	1
1545	0	134633#0	1
1545	0	203745#0	1
1545	0	20988#0	1
1545	0	24160#8	1
1545	0	342534#0	1
1545	0	389772#0	1
1545	0	49225#0	1
1545	0	49225#2	1
1545	0	49225#8	0
156	0	11975#54	1
156	0	13525#3	0
156	0	146299#1	1
156	0	146299#6	0
156	0	16802#0	1
156	0	16802#3	1
156	0	278046#10	1
156	0	310840#3	0
156	0	4452#0	1
156	0	4452#32	0
156	0	4452#34	1
1561	0	15624#1	1
1561	0	246299#0	0
1561	0	299399#4	1
1561	0	56924#4	1
1561	0	67391#11	1
1561	0	67391#21	1
1561	0	67391#23	1
1561	0	67391#3	1
1561	0	67391#44	0
1561	0	67391#6	0
1568	0	117957#12	0
1568	0	211535#0	1
1568	0	2395907#0	1
1568	0	2395907#15	1
1568	0	2395907#16	1
1568	0	2395907#18	1
1568	0	291923#15	0
1568	0	31866#16	0
1568	0	31866#2	1
1568	0	31866#22	0
1568	0	320161#0	0
1568	0	320195#1	0
1568	0	3919#1	1
1568	0	843#50	1
1570	0	126261#4	1
1570	0	15498#0	1
1570	0	25058#6	1
1570	0	25058#8	1
1570	0	349849#21	1
1570	0	430718#0	1
1570	0	58104#0	1
1570	0	58104#1	1
1570	0	58104#2	0
1570	0	58104#4	1
1605	0	125276#7	1
1605	0	42827#18	1
1605	0	50278#5	0
1605	0	7125#37	0
1605	0	78459#23	0
1605	0	9935#0	1
1605	0	9935#10	1
1605	0	9935#14	1
1605	0	9935#21	0
1605	0	9935#9	1
1612	0	227887#1	1
1612	0	23906#73	1
1612	0	243864#11	1
1612	0	366590#0	1
1612	0	366590#7	0
1612	0	373903#0	1
1612	0	440380#1	0
1612	0	45540#5	0
1612	0	61988#44	0
1612	0	86142#32	0
1625	0	15349#0	1
1625	0	15349#21	0
1625	0	15349#27	0
1625	0	15349#33	0
1625	0	264308#6	0
1625	0	7498#21	0
1625	0	7498#24	0
1625	0	77400#28	0
1625	0	77400#41	0
1625	0	77401#10	0
1680	0	11462#4	1
1680	0	115940#0	1
1680	0	115940#1	0
1680	0	115940#14	1
1680	0	115940#2	0
1680	0	115940#6	0
1680	0	115940#7	0
1680	0	257275#2	0
1680	0	4145#9	0
1680	0	9547#6	1
1690	0	1127#10	1
1690	0	1127#11	1
1690	0	1127#15	1
1690	0	126741#0	0
1690	0	135825#12	1
1690	0	247493#0	0
1690	0	267454#1	1
1690	0	44058#16	1
1690	0	44422#8	0
1690	0	62054#2	0
1690	0	69124#2	1
1693	0	123922#4	0
1693	0	123922#6	1
1693	0	13906#0	1
1693	0	3156#0	0
1693	0	35#0	1
1693	0	35#1	1
1693	0	35#26	1
1693	0	35#28	1
1693	0	35#29	1
1693	0	3794#7	0
170	0	10342#0	0
170	0	10429#4	0
170	0	16097#6	0
170	0	18748#3	1
170	0	18748#5	1
170	0	18748#6	1
170	0	264620#3	0
170	0	26875#0	0
170	0	316531#1	0
170	0	3203#11	0
170	0	331846#7	0
170	0	4947#10	1
170	0	5422#21	1
1747	0	123405#13	0
1747	0	123405#14	0
1747	0	123405#17	0
1747	0	135604#2	0
1747	0	21282#2	0
1747	0	26136#1	1
1747	0	30255#12	0
1747	0	39407#10	0
1747	0	39407#17	0
1747	0	91137#1	0
1752	0	11437#6	0
1752	0	12770#0	0
1752	0	12832#0	0
1752	0	245022#0	0
1752	0	2835#28	0
1752	0	2835#31	0
1752	0	5778#10	1
1752	0	7055#52	1
1752	0	7071#23	1
1752	0	74889#0	0
176	0	10#0	1
176	0	10#2	1
176	0	10#3	1
176	0	10#5	1
176	0	13088#18	0
176	0	14297#9	0
176	0	26253#0	0
176	0	4155#0	0
176	0	4162#1	1
176	0	90511#0	0
178	0	3468#17	0
178	0	4765#9	1
178	0	4775#0	1
178	0	4775#35	0
178	0	4775#4	0
178	0	4775#9	0
178	0	4785#6	0
178	0	820#13	1
178	0	820#4	0
178	0	820#8	0
1793	0	111409#0	0
1793	0	22466#0	1
1793	0	226434#0	0
1793	0	2379793#0	0
1793	0	3022#28	0
1793	0	386100#63	1
1793	0	386100#66	1
1793	0	770269#0	0
1793	0	81282#0	0
1793	0	84608#0	0
1810	0	155130#1	0
1810	0	155258#0	1
1810	0	59879#0	0
1810	0	59879#14	0
1810	0	59879#4	0
1810	0	60835#6	0
1810	0	63046#24	0
1810	0	63046#9	0
1810	0	65758#8	0
1810	0	72348#6	0
1839	0	12091#8	0
1839	0	12813#0	0
1839	0	12813#3	0
1839	0	12813#9	0
1839	0	32701#2	1
1839	0	434424#0	0
1839	0	56174#0	0
1839	0	56174#1	0
1839	0	56174#14	0
1839	0	56174#2	1
1858	0	16690#4	0
1858	0	17876#0	0
1858	0	32823#1	0
1858	0	32823#11	0
1858	0	32823#2	0
1858	0	32824#2	1
1858	0	32824#4	1
1858	0	32824#5	0
1858	0	32824#8	1
1858	0	84386#7	0
1862	0	102453#19	0
1862	0	126589#16	0
1862	0	251858#2	0
1862	0	257099#0	0
1862	0	257207#10	0
1862	0	311502#0	0
1862	0	345647#12	0
1862	0	77961#3	0
1862	0	78768#2	1
1862	0	87699#21	0
19	0	148616#0	0
19	0	17663#9	0
19	0	2453687#0	0
19	0	265869#6	0
19	0	274024#1	1
19	0	296264#2	0
19	0	330674#1	0
19	0	344179#1	0
19	0	51292#2	0
19	0	67832#45	0
1905	0	13267#167	0
1905	0	246663#0	0
1905	0	39208#3	0
1905	0	4508#0	0
1905	0	4508#18	1
1905	0	4508#2	0
1905	0	4508#29	0
1905	0	4508#38	1
1905	0	4508#48	0
1905	0	4508#61	0
1909	0	108648#9	0
1909	0	180819#7	0
1909	0	240874#1	0
1909	0	425410#1	1
1909	0	427060#0	1
1909	0	427060#1	0
1909	0	427060#2	0
1909	0	427060#3	0
1909	0	427060#5	0
1909	0	427060#6	0
1910	0	21839#0	1
1910	0	21839#1	1
1910	0	21839#10	0
1910	0	21839#15	0
1910	0	21839#2	1
1910	0	21839#5	1
1910	0	21839#6	1
1910	0	21839#8	1
1910	0	5857#9	1
1928	0	107883#8	0
1928	0	13378#12	1
1928	0	13378#13	0
1928	0	177741#1	0
1928	0	177741#8	0
1928	0	2740#23	0
1928	0	287798#0	1
1928	0	287798#1	0
1928	0	53998#3	0
1928	0	8273#0	0
1935	0	429295#0	1
1935	0	429295#1	1
1935	0	429295#12	0
1935	0	429295#13	0
1935	0	429295#3	1
1935	0	429295#4	0
1935	0	429295#5	1
1935	0	429295#6	0
1935	0	429295#7	0
1935	0	429295#8	0
1935	0	429295#9	0
1998	0	133726#4	0
1998	0	202888#1	0
1998	0	2757#0	1
1998	0	2757#1	0
1998	0	4020#9	0
1998	0	4611#0	1
1998	0	4611#1	0
1998	0	46377#28	0
1998	0	55544#0	0
1998	0	838#17	0
2049	0	10480#150	1
2049	0	105907#0	1
2049	0	19588#13	0
2049	0	21111#12	1
2049	0	226434#0	0
2049	0	2985#13	0
2049	0	340397#0	1
2049	0	548675#1	1
2049	0	6439#0	1
2049	0	81282#0	0
2059	0	11403#12	0
2059	0	4039#15	0
2059	0	4198#31	0
2059	0	437443#1	0
2059	0	4472#22	1
2059	0	4472#27	1
2059	0	4472#31	1
2059	0	4648#15	1
2059	0	6207#16	0
2059	0	6784#13	0
2101	0	12109#1	0
2101	0	12109#10	0
2101	0	12109#13	0
2101	0	12109#15	1
2101	0	12109#19	0
2101	0	12109#2	0
2101	0	12109#20	1
2101	0	12109#21	0
2101	0	12109#4	0
2101	0	12109#8	0
2102	0	1#15	0
2102	0	1#25	0
2102	0	1#8	0
2102	0	121893#3	0
2102	0	20987#18	0
2102	0	20987#7	0
2102	0	38202#2	0
2102	0	38272#9	1
2102	0	6463#12	0
2102	0	75788#0	0
2105	0	1071#15	0
2105	0	122485#0	0
2105	0	13680#0	1
2105	0	13680#2	0
2105	0	13680#4	0
2105	0	56861#1	0
2105	0	58708#0	0
2105	0	58887#0	0
2105	0	62368#0	0
2105	0	65907#0	0
2105	0	69500#0	0
2105	0	69501#0	0
2117	0	115172#8	0
2117	0	157275#1	1
2117	0	157417#5	0
2117	0	46098#28	0
2117	0	91113#5	0
2117	0	91813#2	0
2117	0	91813#33	0
2117	0	91813#44	0
2117	0	91813#54	0
2117	0	91813#65	0
2119	0	150550#1	1
2119	0	19023#3	0
2119	0	296673#4	0
2119	0	358201#0	0
2119	0	358201#11	0
2119	0	358201#17	0
2119	0	358201#3	0
2119	0	358201#4	0
2119	0	358201#7	0
2119	0	40728#6	0
2120	0	149058#1	1
2120	0	215544#0	1
2120	0	217592#0	1
2120	0	2509215#0	0
2120	0	2714#0	1
2120	0	3399#0	0
2120	0	410247#1	0
2120	0	68692#17	0
2120	0	81282#0	0
2120	0	85912#1	0
2136	0	102474#29	0
2136	0	147993#1	1
2136	0	230973#0	0
2136	0	24889#0	1
2136	0	24889#2	0
2136	0	37148#5	0
2136	0	378492#0	0
2136	0	436521#0	0
2136	0	44105#0	0
2136	0	45132#7	0
2154	0	132802#1	0
2154	0	219773#0	0
2154	0	220314#0	0
2154	0	220971#0	1
2154	0	225145#0	1
2154	0	226696#1	0
2154	0	237724#22	1
2154	0	238271#0	0
2154	0	238622#0	0
2154	0	282077#0	0
2161	0	108889#4	0
2161	0	25720#10	0
2161	0	34986#5	0
2161	0	36160#4	0
2161	0	367826#0	0
2161	0	4045#3	0
2161	0	4053#29	0
2161	0	63309#4	0
2161	0	63940#0	0
2161	0	74398#12	1
2189	0	143958#1	1
2189	0	143958#4	1
2189	0	154048#0	1
2189	0	31963#43	0
2189	0	41316#0	1
2189	0	41316#1	1
2189	0	41316#2	1
2189	0	48927#0	0
2189	0	48927#3	0
2189	0	58496#8	1
22	0	1099407#1	0
22	0	119544#3	0
22	0	146730#2	0
22	0	209837#7	0
22	0	232352#19	0
22	0	271050#4	0
22	0	3304#2	0
22	0	3399#0	0
22	0	3493#97	0
22	0	441976#1	1
2231	0	1062#0	0
2231	0	3109#34	0
2231	0	3720#0	1
2231	0	3720#16	0
2231	0	3720#2	1
2231	0	3720#27	1
2231	0	3720#28	1
2231	0	3720#3	1
2231	0	3720#5	0
2231	0	3720#85	1
2250	0	11535#74	0
2250	0	116100#0	0
2250	0	121779#0	0
2250	0	16154#0	1
2250	0	16248#0	0
2250	0	34313#0	0
2250	0	4061#12	0
2250	0	58128#7	0
2250	0	60556#6	0
2250	0	66089#4	0
2256	0	127449#71	1
2256	0	127449#73	0
2256	0	27356#0	1
2256	0	6276#2	1
2256	0	6276#40	1
2256	0	6276#44	0
2256	0	6276#55	0
2256	0	6276#57	0
2256	0	6276#58	0
2256	0	6276#61	0
2260	0	20334#4	0
2260	0	69644#0	0
2260	0	69644#10	0
2260	0	69644#13	0
2260	0	69644#2	0
2260	0	69644#28	0
2260	0	69644#32	0
2260	0	69644#4	1
2260	0	69644#8	0
2260	0	69644#9	0
2267	0	11612#1	0
2267	0	14297#9	0
2267	0	179349#0	0
2267	0	329864#0	0
2267	0	34927#7	0
2267	0	4214#1	0
2267	0	4215#6	0
2267	0	4231#1	1
2267	0	4239#6	0
2267	0	90007#0	0
2308	0	150108#2	1
2308	0	157096#1	0
2308	0	226434#0	0
2308	0	23591#0	1
2308	0	3022#28	0
2308	0	3794#7	0
2308	0	49666#9	0
2308	0	81282#0	0
2308	0	84608#0	0
2308	0	968539#0	1
2327	0	4468#15	1
2327	0	4468#2	1
2329	0	395356#0	1
2329	0	395356#1	1
2781	0	250979#0	0
2781	0	250979#1	1
2798	0	13180#81	0
2798	0	146698#29	0
2798	0	149386#15	0
2798	0	149386#3	0
2798	0	18084#0	1
2798	0	201927#15	0
2798	0	245639#16	0
2798	0	433617#3	0
2798	0	5408#4	0
2798	0	84907#8	0
2815	0	1026#25	0
2815	0	14059#1	0
2815	0	258648#0	1
2815	0	258648#1	1
2815	0	270592#6	0
2815	0	275916#1	0
2815	0	365564#6	0
2815	0	4642#2	0
2815	0	4650#0	0
2815	0	4650#2	0
2827	0	396022#10	0
2827	0	396022#11	0
2827	0	396022#16	0
2827	0	396022#17	0
2827	0	396022#20	0
2827	0	396022#23	1
2827	0	396022#25	1
2827	0	396022#4	0
2827	0	396022#5	1
2827	0	396022#6	1
2827	0	396022#7	0
2827	0	396022#8	0
2842	0	226655#0	0
2842	0	226655#1	0
2842	0	226655#2	0
2842	0	230641#0	0
2842	0	237048#0	0
2842	0	247358#0	0
2842	0	305394#0	1
2842	0	305394#6	0
2842	0	46792#6	1
2843	0	10944#4	1
2843	0	160696#0	0
2843	0	183394#2	0
2843	0	25459#22	0
2843	0	33848#0	0
2843	0	34531#0	0
2843	0	429299#1	0
2843	0	5064#0	0
2843	0	55885#0	0
2843	0	759#0	0
2847	0	1114325#0	1
2847	0	147299#0	0
2847	0	163648#0	0
2847	0	22172#4	0
2847	0	286317#0	0
2847	0	32307#1	0
2847	0	3235#4	0
2847	0	44352#1	0
2847	0	69235#1	0
2847	0	9547#62	0
2866	0	13153#15	0
2866	0	2411739#5	1
2866	0	27086#1	0
2866	0	302571#0	0
2866	0	319937#1	0
2866	0	36959#29	0
2866	0	3803#9	0
2866	0	38107#1	0
2866	0	3942#50	0
2866	0	6020#7	0
2871	0	4023#6	0
2871	0	44935#42	1
2871	0	44935#43	0
2871	0	44935#44	0
2871	0	7095#0	0
2871	0	7095#11	0
2871	0	7095#12	1
2871	0	7095#13	0
2871	0	7095#6	0
2871	0	7095#8	0
2886	0	101321#3	0
2886	0	13263#95	1
2886	0	19399#5	0
2886	0	214744#2	0
2886	0	246050#4	1
2886	0	25058#3	0
2886	0	307060#18	0
2886	0	349849#11	0
2886	0	430718#1	0
2886	0	4443#32	0
293	0	12980#62	0
293	0	1420607#0	1
293	0	1420607#10	1
293	0	1420607#4	1
293	0	1420607#5	1
293	0	1420607#6	1
293	0	1420607#7	1
293	0	1420607#9	1
293	0	146526#1	0
293	0	18249#2	0
293	0	225163#3	0
293	0	25492#53	0
293	0	31706#30	0
293	0	3817#7	0
293	0	43139#31	0
293	0	44756#2	0
2946	0	1691150#1	0
2946	0	181116#0	1
2946	0	226434#0	0
2946	0	243585#0	0
2946	0	2936#4	0
2946	0	359922#0	0
2946	0	81282#0	0
2946	0	84044#0	0
2946	0	84046#0	1
2946	0	84608#0	0
2954	0	188494#1	0
2954	0	235025#0	0
2954	0	315325#0	1
2954	0	37264#0	0
2954	0	37264#1	0
2954	0	37264#10	0
2954	0	37264#12	0
2954	0	37264#8	0
2954	0	37264#9	0
2954	0	69008#34	1
2965	0	103875#5	0
2965	0	142245#1	0
2965	0	225263#2	0
2965	0	36810#1	1
2965	0	36810#10	0
2965	0	36810#12	0
2965	0	36810#2	1
2965	0	36810#3	1
2965	0	36810#7	0
2965	0	36810#9	1
3	0	115796#1	0
3	0	115796#2	0
3	0	115796#6	1
3	0	195604#37	0
3	0	279066#2	0
3	0	50496#3	0
3	0	77689#44	0
3	0	77689#46	0
3	0	77689#48	1
3	0	77689#5	0
3005	0	124610#5	0
3005	0	14745#0	0
3005	0	214187#0	0
3005	0	214416#0	0
3005	0	374707#0	0
3005	0	4396#0	1
3005	0	4396#1	0
3005	0	4396#4	1
3005	0	4396#5	0
3005	0	4396#6	0
3038	0	23424#0	1
3038	0	23424#4	1
3038	0	326614#0	0
3038	0	413191#0	0
3038	0	6770#0	1
3038	0	942#26	0
3038	0	942#37	0
3038	0	946#0	1
3038	0	946#19	0
3038	0	946#38	0
3046	0	3299#0	1
3046	0	3299#11	1
3046	0	3299#2	1
3046	0	3303#1	1
3046	0	3303#6	1
3046	0	375237#0	1
3046	0	375300#0	1
3046	0	376099#0	1
3046	0	378626#0	1
3046	0	47253#0	1
3055	0	13086#0	1
3055	0	13086#1	0
3055	0	13086#10	0
3055	0	13086#13	0
3055	0	13086#2	1
3055	0	13086#21	0
3055	0	13086#3	0
3055	0	13086#9	0
3055	0	16690#8	0
3055	0	344789#0	0
309	0	278307#0	0
309	0	4209#6	0
309	0	48513#6	1
309	0	6208#17	0
309	0	69915#24	1
309	0	69915#3	1
309	0	69915#65	1
309	0	69915#67	1
309	0	69915#83	1
309	0	87142#0	1
3104	0	16835#11	1
3104	0	16835#5	0
3104	0	201804#0	0
3104	0	217643#5	0
3104	0	247414#0	0
3104	0	248781#0	0
3104	0	248781#2	1
3104	0	263431#16	0
3104	0	336035#0	0
3104	0	357906#0	0
3104	0	432647#0	0
3104	0	75667#0	0
3119	0	13795#3	1
3119	0	19463#41	1
3119	0	233368#0	0
3119	0	233903#5	0
3119	0	289944#0	0
3119	0	430691#4	0
3119	0	434984#9	0
3119	0	4449#0	1
3119	0	4449#12	0
3119	0	58162#0	0
316	0	128884#0	1
316	0	151758#0	0
316	0	1881645#0	1
316	0	1881645#1	1
316	0	1881645#2	1
316	0	226434#0	0
316	0	22693#0	0
316	0	3337#3	1
316	0	3399#0	0
316	0	81282#0	0
316	0	84608#0	0
316	0	91330#2	0
3161	0	118848#54	0
3161	0	15601#0	1
3161	0	15601#1	0
3161	0	2667#9	0
3161	0	273306#0	0
3161	0	273306#3	0
3161	0	273306#5	1
3161	0	273306#6	0
3161	0	85039#25	0
3161	0	85039#26	0
3182	0	134495#1	0
3182	0	27920#0	0
3182	0	27920#2	0
3182	0	27920#3	1
3182	0	291097#14	0
3182	0	34260#0	1
3182	0	34260#20	0
3182	0	34260#6	0
3182	0	57420#0	0
3182	0	57422#0	0
3191	0	34640#0	1
3191	0	34640#1	0
3191	0	34640#10	1
3191	0	34640#20	1
3191	0	34640#3	0
3191	0	34640#4	0
3191	0	34640#6	0
3191	0	34640#7	0
3191	0	4221#2	0
3191	0	89957#1	0
3204	0	139984#1	1
3204	0	214398#20	1
3204	0	240191#1	1
3204	0	33176#100	1
3204	0	33176#104	1
3204	0	333473#12	1
3204	0	69861#0	1
3204	0	69861#1	1
3204	0	69861#3	0
3204	0	79656#0	1
3214	0	13263#0	1
3214	0	13263#1	1
3214	0	13263#134	0
3214	0	13263#51	1
3214	0	234069#15	0
3214	0	245947#0	0
3214	0	27982#23	0
3214	0	409512#11	0
3214	0	47018#21	0
3214	0	838#17	0
3217	0	13198#7	0
3217	0	22930#0	1
3217	0	22930#1	1
3217	0	22930#12	0
3217	0	22930#4	0
3217	0	230623#1	1
3217	0	23379#18	0
3217	0	23699#14	0
3217	0	23699#15	1
3217	0	264634#3	1
3223	0	12216#10	0
3223	0	12561#0	1
3223	0	208676#30	1
3223	0	245360#1	1
3223	0	25923#13	0
3223	0	25923#37	1
3223	0	26296#13	1
3223	0	26296#5	0
3223	0	33176#87	1
3223	0	4391#10	0
3227	0	121362#0	1
3227	0	17382#1	1
3227	0	17382#8	0
3227	0	211490#3	1
3227	0	339118#0	1
3227	0	39130#0	1
3227	0	39130#8	1
3227	0	403871#0	0
3227	0	403871#6	0
3227	0	466974#0	1
3227	0	466974#1	1
3227	0	69008#33	1
3258	0	18706#0	0
3258	0	193129#0	0
3258	0	221170#0	0
3258	0	236434#0	0
3258	0	365073#0	0
3258	0	371309#0	0
3258	0	382213#0	1
3258	0	382213#1	1
3258	0	417853#0	1
3258	0	440409#0	0
3276	0	13990#3	1
3276	0	325745#1	0
3276	0	6509#41	0
3276	0	6509#56	0
3276	0	6509#59	0
3276	0	838#17	0
3276	0	8579#0	1
3276	0	8579#3	1
3276	0	8579#6	1
3276	0	9646#7	0
3296	0	12539#0	1
3296	0	12539#1	1
3296	0	12539#28	1
3296	0	12539#48	0
3296	0	12539#5	1
3296	0	12539#50	1
3296	0	4469#5	0
3296	0	4589#12	0
3296	0	56705#49	0
3296	0	795#7	0
3315	0	124610#1	1
3315	0	124610#13	0
3315	0	124610#14	1
3315	0	124610#15	1
3315	0	124610#28	0
3315	0	124610#48	0
3315	0	124610#5	1
3315	0	124610#53	0
3315	0	13263#119	1
3315	0	4396#2	1
3358	0	1101#13	0
3358	0	24868#4	1
3358	0	33176#1	0
3358	0	33176#112	0
3358	0	33176#134	0
3358	0	33176#142	0
3358	0	370945#17	0
3358	0	380839#1	0
3358	0	45540#5	1
3358	0	63649#6	0
3366	0	165704#12	0
3366	0	165704#15	0
3366	0	165704#2	0
3366	0	165704#24	0
3366	0	165704#3	0
3366	0	165704#5	1
3366	0	165704#6	1
3366	0	165704#7	0
3366	0	165704#8	0
3366	0	165704#9	0
3415	0	19460#2	0
3415	0	19552#2	0
3415	0	223455#1	0
3415	0	264530#1	0
3415	0	268319#1	0
3415	0	28054#1	0
3415	0	30937#1	0
3415	0	48946#3	0
3415	0	737255#2	1
3415	0	838#17	0
3421	0	134275#6	0
3421	0	135802#0	0
3421	0	15634#1	1
3421	0	232978#7	0
3421	0	259265#10	0
3421	0	261918#8	0
3421	0	37143#9	0
3421	0	390240#2	1
3421	0	75693#2	1
3421	0	88656#0	1
3422	0	176003#2	0
3422	0	215756#0	0
3422	0	297146#2	0
3422	0	35075#0	0
3422	0	35075#2	1
3422	0	35075#4	0
3422	0	35075#5	0
3422	0	35075#6	0
3422	0	35075#7	0
3422	0	353439#15	0
3428	0	12201#2	0
3428	0	141574#4	0
3428	0	198046#2	0
3428	0	215038#0	0
3428	0	35490#0	0
3428	0	37995#0	0
3428	0	3992#5	0
3428	0	516775#5	1
3428	0	66982#5	0
3428	0	88157#3	0
3452	0	120433#2	0
3452	0	141391#0	0
3452	0	20992#3	0
3452	0	33991#1	0
3452	0	3803#9	0
3452	0	381253#22	0
3452	0	40267#3	0
3452	0	403300#0	0
3452	0	504175#0	1
3452	0	99848#0	0
3535	0	236426#16	1
3535	0	236426#21	1
3535	0	236426#25	1
3535	0	236426#27	1
3535	0	236426#33	1
3535	0	236426#53	0
3535	0	236426#61	1
3535	0	236426#65	0
3535	0	321268#0	1
3535	0	3597#18	1
3536	0	101070#9	0
3536	0	16451#0	0
3536	0	16451#6	0
3536	0	195664#0	0
3536	0	217289#0	0
3536	0	22449#1	0
3536	0	22449#2	0
3536	0	72451#0	0
3536	0	74881#0	1
3536	0	74881#1	1
3539	0	109380#0	1
3539	0	109442#0	0
3539	0	136417#0	0
3539	0	2703#0	0
3539	0	2703#3	0
3539	0	2703#8	0
3539	0	270988#0	0
3539	0	270990#0	0
3539	0	271246#0	0
3539	0	52132#0	0
3555	0	1018#3	0
3555	0	109151#0	1
3555	0	109151#1	1
3555	0	125046#0	0
3555	0	125046#1	0
3555	0	226434#0	0
3555	0	385750#0	0
3555	0	6463#15	0
3555	0	81282#0	0
3555	0	84608#0	0
3558	0	112568#1	1
3558	0	152409#2	1
3558	0	176057#1	1
3558	0	176057#7	1
3558	0	26756#0	1
3558	0	285881#10	1
3558	0	29574#0	1
3558	0	299339#1	1
3558	0	78316#1	1
3558	0	81282#0	0
3565	0	270781#0	1
3565	0	270781#1	1
3565	0	302507#17	0
3565	0	302507#4	1
3565	0	302507#5	0
3565	0	302507#9	0
3565	0	441976#1	0
3565	0	442320#0	0
3565	0	442809#1	0
3565	0	442809#3	0
3577	0	50#29	1
3577	0	5431#21	0
3577	0	6589#0	0
3577	0	6589#1	0
3577	0	6589#13	0
3577	0	6589#14	0
3577	0	6589#15	0
3577	0	6589#2	0
3577	0	6589#24	0
3577	0	6589#25	0
3578	0	177588#0	0
3578	0	185477#7	0
3578	0	190359#0	0
3578	0	190675#0	0
3578	0	193838#0	0
3578	0	202323#0	0
3578	0	232976#0	0
3578	0	61588#0	0
3578	0	61595#0	1
3578	0	61622#0	1
3597	0	128640#0	0
3597	0	128640#13	0
3597	0	13499#50	0
3597	0	146454#0	0
3597	0	198183#11	0
3597	0	198183#16	1
3597	0	198183#19	0
3597	0	198183#4	1
3597	0	225686#2	0
3597	0	267463#5	0
3609	0	153687#0	0
3609	0	153701#0	0
3609	0	21873#0	0
3609	0	21873#18	0
3609	0	21873#20	1
3609	0	21873#9	0
3609	0	56564#0	0
3609	0	57328#0	0
3609	0	59156#2	0
3609	0	59156#5	0
3628	0	13267#156	0
3628	0	13952#3	0
3628	0	152852#0	0
3628	0	201804#1	0
3628	0	217554#0	0
3628	0	264386#5	0
3628	0	2854#1	0
3628	0	359014#4	0
3628	0	69593#0	0
3628	0	69593#1	1
3651	0	122611#1	0
3651	0	12452#0	1
3651	0	12452#2	1
3651	0	14059#0	0
3651	0	18612#21	0
3651	0	203617#17	0
3651	0	211127#18	0
3651	0	3493#86	1
3651	0	35425#1	0
3651	0	4650#1	0
3679	0	411035#2	0
3679	0	431398#0	1
3679	0	431398#1	0
3679	0	431398#2	0
3679	0	431398#3	0
3679	0	431398#4	0
3679	0	431398#5	0
3679	0	431398#6	0
3679	0	431398#7	0
3679	0	431398#8	0
3684	0	21959#0	1
3684	0	3469#1	1
3684	0	3469#2	1
3684	0	3469#3	0
3684	0	3469#4	1
3684	0	3469#5	0
3684	0	3469#6	1
3684	0	3469#7	0
3684	0	383810#0	1
3684	0	383810#5	0
3690	0	19439#9	0
3690	0	81142#0	0
3690	0	81142#1	1
3690	0	81142#10	1
3690	0	81142#12	0
3690	0	81142#15	0
3690	0	81142#4	1
3690	0	81142#5	0
3690	0	81142#7	0
3690	0	81880#6	0
3695	0	111409#4	1
3695	0	111414#0	0
3695	0	111414#3	1
3695	0	130580#13	0
3695	0	150517#0	0
3695	0	18525#13	0
3695	0	3078#16	0
3695	0	328214#8	0
3695	0	65336#1	0
3695	0	838799#0	1
3696	0	11764#28	0
3696	0	11764#52	0
3696	0	135717#0	0
3696	0	135983#0	1
3696	0	283001#1	0
3696	0	283043#0	1
3696	0	293026#0	1
3696	0	4582#4	0
3696	0	6855#2	0
3696	0	6855#61	0
3708	0	7349#0	0
3708	0	7349#1	0
3708	0	7349#13	0
3708	0	7349#14	1
3708	0	7349#15	1
3708	0	7349#16	0
3708	0	7349#2	1
3708	0	7349#35	0
3708	0	7349#7	0
3708	0	7349#8	0
3728	0	125541#3	0
3728	0	127590#3	1
3728	0	16835#6	0
3728	0	248179#0	0
3728	0	249532#0	0
3728	0	26148#33	1
3728	0	263431#16	0
3728	0	273083#0	0
3728	0	311667#3	0
3728	0	96982#3	0
3731	0	26287#0	1
3731	0	26288#0	0
3731	0	26289#0	0
3731	0	33109#2	0
3731	0	382174#1	0
3731	0	3987#1	0
3731	0	4161#0	0
3731	0	4161#1	0
3731	0	4161#29	0
3731	0	54133#0	0
3753	0	104304#7	0
3753	0	105173#0	0
3753	0	106048#0	1
3753	0	106334#0	0
3753	0	106334#1	0
3753	0	107196#0	0
3753	0	111203#0	0
3753	0	208513#0	0
3753	0	51297#0	0
3753	0	9889#1	0
3766	0	1128#3	0
3766	0	125388#0	0
3766	0	1381433#15	1
3766	0	147299#0	0
3766	0	226434#0	0
3766	0	228166#0	0
3766	0	402896#0	0
3766	0	63716#0	0
3766	0	81282#0	0
3766	0	84608#0	0
3767	0	132859#0	1
3767	0	15247#8	1
3767	0	3107#0	1
3767	0	3107#1	0
3767	0	3107#2	0
3767	0	3107#21	1
3767	0	3107#31	1
3767	0	3107#35	1
3767	0	3107#5	0
3767	0	350073#0	1
3767	0	350073#1	0
3767	0	5071#6	0
3787	0	126478#14	0
3787	0	140750#0	1
3787	0	140750#13	1
3787	0	140750#14	1
3787	0	140750#15	0
3787	0	140750#16	0
3787	0	140750#39	0
3787	0	21637#0	0
3787	0	6246#2	0
3787	0	7083#1	0
3804	0	10212#1	0
3804	0	11956#6	0
3804	0	3178#48	0
3804	0	4423#17	0
3804	0	4448#11	0
3804	0	4500#22	0
3804	0	4510#9	0
3804	0	8104#43	0
3804	0	8104#6	1
3804	0	8104#7	1
3818	0	123691#0	1
3818	0	213118#0	1
3818	0	280744#0	0
3818	0	34680#6	0
3818	0	352560#0	0
3818	0	4521#0	0
3818	0	4521#4	0
3818	0	4521#5	0
3818	0	54876#0	0
3818	0	91763#0	0
3830	0	249008#0	1
3830	0	249038#0	1
3830	0	249038#4	0
3830	0	249038#42	0
3830	0	249038#44	1
3830	0	249038#55	1
3830	0	249038#57	0
3830	0	249038#58	1
3830	0	249038#59	0
3830	0	249038#60	1
3843	0	19098#2	0
3843	0	237185#0	0
3843	0	26557#0	0
3843	0	27013#0	0
3843	0	2782#2	1
3843	0	36964#0	0
3843	0	4895#10	0
3843	0	748#0	1
3843	0	748#36	1
3843	0	748#6	0
389	0	11972#0	1
389	0	11972#1	1
389	0	11972#11	0
389	0	11972#88	0
389	0	11972#89	1
389	0	15073#0	1
389	0	154437#3	0
389	0	278258#3	0
389	0	35#3	1
389	0	81558#0	1
3901	0	101543#0	0
3901	0	112495#42	0
3901	0	12723#67	0
3901	0	2146182#2	1
3901	0	23640#12	0
3901	0	255766#2	0
3901	0	3992#5	0
3901	0	59239#80	0
3901	0	80542#2	0
3901	0	87649#39	0
3939	0	10224#11	1
3939	0	11968#17	1
3939	0	14458#7	1
3939	0	15424#22	1
3939	0	154685#5	1
3939	0	15920#19	1
3939	0	196406#6	1
3939	0	21533#0	1
3939	0	21533#19	1
3939	0	233445#2	1
3942	0	13267#83	1
3942	0	238904#0	1
3942	0	238904#17	1
3942	0	238904#23	1
3942	0	238904#26	1
3942	0	238904#28	0
3942	0	238904#4	1
3942	0	238904#5	0
3942	0	238904#8	1
3942	0	243025#0	1
3984	0	11291#0	0
3984	0	11292#8	0
3984	0	125681#28	0
3984	0	199515#2	0
3984	0	243561#10	0
3984	0	26213#0	0
3984	0	30343#1	0
3984	0	6088#4	0
3984	0	6088#5	0
3984	0	62021#1	1
4015	0	101313#11	0
4015	0	101313#2	0
4015	0	101313#6	1
4015	0	101313#7	1
4015	0	101313#8	0
4015	0	101313#9	0
4015	0	273928#3	1
4015	0	51300#3	1
4015	0	75143#19	0
4015	0	77134#1	0
4046	0	135382#0	0
4046	0	192851#0	1
4046	0	230394#0	1
4046	0	32000#1	1
4046	0	32310#17	0
4046	0	33369#2	1
4046	0	33369#4	0
4046	0	61053#14	0
4046	0	843#0	0
4046	0	843#7	1
4059	0	309216#1	0
4059	0	309216#5	1
4059	0	31706#0	1
4059	0	31706#30	0
4059	0	31706#54	0
4059	0	3483#21	1
4059	0	35432#17	0
4059	0	396668#76	1
4059	0	43160#0	0
4059	0	51840#0	1
4078	0	35075#0	1
4078	0	35075#1	0
4078	0	35075#13	0
4078	0	35075#16	0
4078	0	35075#17	0
4078	0	35075#2	0
4078	0	35075#4	0
4078	0	35075#5	0
4078	0	35075#8	0
4078	0	35075#9	0
409	0	147359#7	1
409	0	161291#9	0
409	0	206311#11	0
409	0	206314#8	0
409	0	25572#0	1
409	0	25572#1	0
409	0	25572#3	0
409	0	296102#0	0
409	0	30829#13	0
409	0	409671#4	0
4100	0	113664#0	1
4100	0	113664#19	0
4100	0	113664#22	0
4100	0	113664#25	0
4100	0	113664#29	0
4100	0	113664#3	1
4100	0	113664#4	0
4100	0	113664#7	0
4100	0	113664#8	0
4100	0	113664#9	0
4137	0	103481#1	0
4137	0	17577#1	0
4137	0	176228#0	0
4137	0	3908#0	0
4137	0	3908#1	0
4137	0	3908#11	0
4137	0	3908#16	0
4137	0	3908#6	1
4137	0	3908#7	0
4137	0	3908#8	0
4141	0	190365#0	1
4141	0	190365#1	0
4141	0	190365#3	1
4141	0	190365#4	1
4141	0	190365#5	0
4141	0	190365#6	0
4141	0	190435#8	1
4141	0	212502#56	0
4141	0	59769#0	1
4141	0	59769#18	0
4145	0	6276#2	1
4145	0	6276#37	0
4145	0	6276#38	0
4145	0	6276#39	0
4145	0	6276#40	1
4145	0	6276#43	0
4145	0	6276#44	1
4145	0	6276#55	1
4145	0	6276#57	1
4145	0	6276#61	1
4151	0	38341#1	1
4151	0	7801#0	1
4151	0	7801#16	0
4151	0	7801#26	0
4151	0	7801#32	1
4151	0	7801#62	0
4151	0	7801#67	0
4151	0	7801#7	0
4151	0	7801#71	0
4151	0	7801#9	0
4168	0	10924#74	1
4168	0	14109#5	0
4168	0	143679#2	0
4168	0	246716#17	0
4168	0	3107#13	0
4168	0	3107#5	0
4168	0	3107#8	1
4168	0	59415#2	1
4168	0	83770#1	1
4168	0	83770#25	1
4171	0	13713#3	0
4171	0	264046#0	0
4171	0	325115#0	0
4171	0	437794#0	0
4171	0	4419#104	0
4171	0	75143#23	0
4171	0	75143#5	0
4171	0	78820#13	1
4171	0	9150#0	0
4171	0	9150#3	0
4180	0	253112#5	0
4180	0	261195#7	0
4180	0	341753#0	0
4180	0	341753#10	0
4180	0	341753#12	0
4180	0	341753#3	1
4180	0	341753#8	0
4180	0	341753#9	0
4180	0	41839#0	0
4180	0	8050#4	0
4198	0	340270#0	1
4198	0	340270#1	0
4198	0	340270#2	0
4198	0	340270#20	1
4198	0	340270#21	0
4198	0	340270#26	0
4198	0	340270#3	1
4198	0	340270#31	0
4198	0	340270#4	0
4198	0	340270#41	0
4198	0	340270#46	1
4198	0	340270#48	0
4198	0	340270#5	0
4198	0	340270#6	1
4203	0	32296#0	0
4203	0	32296#1	1
4203	0	32296#11	0
4203	0	32296#14	0
4203	0	32296#17	0
4203	0	32296#28	0
4203	0	32296#38	0
4203	0	32296#39	0
4203	0	32296#44	0
4203	0	93999#2	0
4217	0	176098#0	0
4217	0	176878#0	0
4217	0	177046#0	0
4217	0	177177#0	1
4217	0	177177#1	0
4217	0	177684#0	0
4217	0	177936#0	1
4217	0	187367#0	0
4217	0	243025#0	0
4217	0	4426#0	0
429	0	16261#0	1
429	0	16261#1	1
429	0	16261#10	0
429	0	16261#28	0
429	0	16261#3	0
429	0	16261#4	1
429	0	16261#5	1
429	0	16261#6	0
429	0	292551#0	1
429	0	6236#0	1
4299	0	2628331#19	0
4299	0	264098#1	0
4299	0	3516#1	0
4299	0	3803#9	0
4299	0	4119#2	0
4299	0	4468#15	1
4299	0	4468#16	0
4299	0	4468#2	1
4299	0	6153#77	0
4299	0	68#12	0
4307	0	12523#1	0
4307	0	17124#25	0
4307	0	202412#7	0
4307	0	2696410#0	1
4307	0	2954#31	0
4307	0	321091#6	0
4307	0	36870#2	0
4307	0	416298#1	0
4307	0	66982#5	0
4307	0	71026#0	0
4324	0	66982#42	0
4324	0	85939#0	1
4324	0	85939#11	0
4324	0	85939#18	0
4324	0	85939#23	0
4324	0	85939#24	0
4324	0	85939#25	1
4324	0	85939#28	0
4324	0	85939#4	0
4324	0	85939#5	0
4332	0	11003#0	0
4332	0	1130#1	0
4332	0	152698#1	0
4332	0	16055#18	0
4332	0	17311#8	0
4332	0	19796#1	0
4332	0	198346#0	0
4332	0	261388#0	0
4332	0	420774#1	1
4332	0	440791#4	0
4344	0	109444#26	1
4344	0	124862#47	0
4344	0	144615#2	0
4344	0	146698#46	0
4344	0	171564#6	1
4344	0	367285#0	0
4344	0	434116#8	1
4344	0	4533#22	0
4344	0	4533#42	1
4344	0	4533#62	0
4359	0	113022#0	1
4359	0	11328#0	0
4359	0	126227#1	0
4359	0	212607#0	0
4359	0	226434#0	0
4359	0	3363#1	0
4359	0	50134#0	1
4359	0	81282#0	0
4359	0	84608#0	0
4359	0	86844#0	0
4381	0	10429#20	0
4381	0	10429#60	0
4381	0	126182#4	0
4381	0	129933#0	0
4381	0	208429#4	0
4381	0	2227401#0	0
4381	0	2227401#1	0
4381	0	2227401#2	0
4381	0	2227401#3	1
4381	0	2227401#4	1
4381	0	224285#24	0
4381	0	404037#50	0
4381	0	7062#8	1
4381	0	838#17	0
4393	0	220971#0	0
4393	0	220971#1	0
4393	0	22931#3	0
4393	0	23699#12	1
4393	0	237724#0	0
4393	0	237724#1	0
4393	0	3531#3	0
4393	0	35852#4	0
4393	0	420780#0	0
4393	0	79520#0	0
4481	0	10#7	0
4481	0	111124#0	0
4481	0	2992#0	1
4481	0	2992#2	0
4481	0	2992#6	0
4481	0	50035#2	0
4481	0	6926#35	0
4481	0	6926#8	0
4481	0	6927#14	0
4481	0	6927#23	0
4489	0	18978#0	1
4489	0	18978#1	0
4489	0	18978#11	0
4489	0	18978#19	0
4489	0	18978#2	0
4489	0	18978#3	0
4489	0	18978#4	0
4489	0	18978#6	0
4489	0	18978#9	0
4489	0	288885#0	0
450	0	11437#9	0
450	0	12374#9	1
450	0	2835#2	0
450	0	2835#28	0
450	0	2835#31	0
450	0	2835#43	0
450	0	2835#44	0
450	0	2835#49	0
450	0	60531#3	1
450	0	790#1	0
4500	0	15388#0	0
4500	0	25914#36	0
4500	0	34099#0	1
4500	0	6589#0	1
4500	0	6589#12	0
4500	0	6589#14	0
4500	0	6589#15	1
4500	0	6589#16	0
4500	0	6589#2	1
4500	0	6589#6	0
4512	0	106781#10	1
4512	0	106781#7	1
4512	0	106781#8	1
4512	0	106781#9	1
4512	0	12212#6	0
4512	0	12561#11	1
4512	0	24897#2	0
4512	0	267008#3	0
4512	0	404573#2	0
4512	0	4451#3	0
4516	0	17790#10	1
4516	0	200469#4	0
4516	0	26589#0	0
4516	0	320314#6	0
4516	0	394102#0	0
4516	0	4210#28	1
4516	0	440256#0	0
4516	0	6982#0	1
4516	0	6982#22	0
4516	0	6982#40	0
4593	0	135714#0	0
4593	0	233368#0	1
4593	0	233378#22	1
4593	0	233903#5	0
4593	0	260288#0	1
4593	0	430691#4	0
4593	0	4448#0	1
4593	0	4531#3	0
4593	0	58164#0	0
4593	0	8287#0	1
4603	0	246058#0	1
4603	0	246058#3	1
4603	0	407429#0	1
4603	0	407429#10	0
4603	0	407429#2	0
4603	0	407429#3	1
4603	0	407429#31	0
4603	0	407429#34	0
4603	0	407429#4	0
4603	0	407429#43	0
4605	0	1183453#0	1
4605	0	1183459#0	1
4605	0	1183704#0	1
4605	0	1183813#0	1
4605	0	12700#9	0
4605	0	27381#2	0
4605	0	29168#28	0
4605	0	325751#0	0
4605	0	3803#9	0
4605	0	83411#16	0
4640	0	12998#0	0
4640	0	12998#1	1
4640	0	12998#12	0
4640	0	12998#3	0
4640	0	12998#4	0
4640	0	12998#8	0
4640	0	4250#0	0
4640	0	89134#0	0
4640	0	89144#0	0
4640	0	89146#1	0
4648	0	11491#12	0
4648	0	11491#14	1
4648	0	11491#15	1
4648	0	11491#18	0
4648	0	11491#23	0
4648	0	11491#24	1
4648	0	11491#26	1
4648	0	11491#3	1
4648	0	11491#31	1
4648	0	11491#32	1
4648	0	11491#7	1
4648	0	320068#0	0
4650	0	247971#1	0
4650	0	251800#0	0
4650	0	302061#0	0
4650	0	5431#0	0
4650	0	64189#0	0
4650	0	69430#4	1
4650	0	69430#5	0
4650	0	784#15	0
4650	0	784#38	0
4678	0	198246#0	1
4678	0	198246#2	0
4678	0	21723#0	1
4678	0	270580#4	1
4678	0	278613#0	0
4678	0	3179#9	1
4678	0	3290#12	0
4678	0	34559#0	1
4678	0	3834#0	0
4678	0	65336#0	0
4695	0	11598#0	1
4695	0	24482#0	0
4695	0	251339#0	0
4695	0	275609#0	0
4695	0	316178#0	0
4695	0	316178#1	0
4695	0	316178#2	1
4695	0	348338#0	0
4695	0	4900#1	0
4695	0	4900#9	1
4700	0	11975#7	0
4700	0	12980#53	0
4700	0	239160#4	1
4700	0	252168#0	0
4700	0	41541#0	1
4700	0	4416#0	1
4700	0	4416#10	0
4700	0	4416#7	1
4700	0	4416#8	0
4700	0	4416#9	0
4713	0	102288#5	1
4713	0	107934#0	0
4713	0	107934#10	0
4713	0	107934#12	1
4713	0	107934#2	0
4713	0	107934#3	0
4713	0	107934#4	0
4713	0	107934#5	0
4713	0	107934#6	0
4713	0	16248#17	1
4745	0	10382#7	0
4745	0	12862#42	0
4745	0	15055#0	1
4745	0	15055#39	0
4745	0	15055#6	1
4745	0	221230#10	0
4745	0	223835#6	0
4745	0	234623#6	0
4745	0	3597#14	0
4745	0	372127#0	0
4746	0	1065461#6	1
4746	0	157486#0	0
4746	0	199748#6	1
4746	0	237698#0	0
4746	0	247669#4	0
4746	0	2705#0	0
4746	0	36476#1	0
4746	0	4402#7	0
4746	0	52478#10	0
4779	0	16242#2	0
4779	0	20308#5	0
4779	0	421788#9	1
4779	0	431084#1	1
4779	0	431084#4	0
4779	0	431084#5	0
4779	0	43473#0	0
4779	0	43475#0	0
4779	0	63829#2	1
4779	0	67180#0	0
4788	0	160696#0	0
4788	0	213727#4	0
4788	0	22151#1	0
4788	0	242723#2	0
4788	0	2632#15	0
4788	0	390190#3	0
4788	0	76439#5	0
4788	0	79388#1	0
4788	0	91184#7	0
4788	0	966951#0	1
4816	0	13156#1	0
4816	0	140156#7	0
4816	0	140274#3	0
4816	0	140274#30	0
4816	0	1779373#0	1
4816	0	348589#7	0
4816	0	3992#5	0
4816	0	416298#1	0
4816	0	46623#2	0
4816	0	46623#6	0
4824	0	12452#0	1
4824	0	12452#2	1
4824	0	200785#0	0
4824	0	203617#17	0
4824	0	211127#18	0
4824	0	238213#7	0
4824	0	3493#86	1
4824	0	365146#0	0
4824	0	4642#0	0
4824	0	5141#15	1
4852	0	147359#7	1
4852	0	25572#0	1
4852	0	25572#1	0
4852	0	25572#2	0
4852	0	25572#3	0
4852	0	25572#4	0
4852	0	25761#22	0
4852	0	261009#3	0
4852	0	2954#31	0
4852	0	516092#8	0
4865	0	67294#1	1
4865	0	67294#11	1
4865	0	67294#18	1
4865	0	67294#19	1
4865	0	67294#2	1
4865	0	67294#23	1
4865	0	67294#24	0
4865	0	67294#25	1
4865	0	67294#32	1
4865	0	67294#40	0
4876	0	54#21	0
4876	0	62101#0	1
4876	0	6276#0	1
4876	0	6276#13	0
4876	0	6276#18	1
4876	0	6276#2	0
4876	0	6276#44	0
4876	0	6276#55	0
4876	0	6276#57	0
4876	0	6276#58	0
4876	0	6276#61	0
4876	0	6276#74	0
4876	0	6276#8	1
4889	0	34991#0	1
4889	0	34991#2	0
4889	0	34991#3	0
4889	0	427911#5	0
4889	0	4526#19	0
4889	0	89030#2	1
4889	0	89040#1	0
4889	0	89040#2	0
4889	0	89042#1	1
4889	0	89992#0	0
4897	0	42790#0	0
4897	0	42790#12	0
4897	0	42790#16	0
4897	0	42790#29	0
4897	0	42790#32	0
4897	0	42790#33	0
4897	0	42790#35	0
4897	0	42790#38	0
4897	0	42790#5	0
4897	0	42790#59	1
4912	0	13524#5	0
4912	0	209888#23	0
4912	0	293068#0	0
4912	0	293068#2	0
4912	0	296543#7	0
4912	0	343638#2	0
4912	0	708#1	0
4912	0	748#28	0
4912	0	75637#0	1
4912	0	76348#4	0
4924	0	135377#7	0
4924	0	213688#34	0
4924	0	275436#0	0
4924	0	275436#10	0
4924	0	275436#3	0
4924	0	275455#0	0
4924	0	275463#0	1
4924	0	283534#0	0
4924	0	283693#0	0
4924	0	39968#10	0
4932	0	209147#3	0
4932	0	442736#0	1
4932	0	442736#1	1
4932	0	442736#12	0
4932	0	442736#13	0
4932	0	442736#2	1
4932	0	442736#3	0
4932	0	442736#4	1
4932	0	442736#5	1
4932	0	442736#7	0
4960	0	13088#20	0
4960	0	2635#9	0
4960	0	336743#0	1
4960	0	3768#24	1
4960	0	3768#27	0
4960	0	4014#0	1
4960	0	8963#55	0
4960	0	93086#0	1
4960	0	93217#0	0
4960	0	9992#0	0
4964	0	140071#4	0
4964	0	140091#4	0
4964	0	163618#7	0
4964	0	202847#21	0
4964	0	296207#18	0
4964	0	42826#3	0
4964	0	5442#7	0
4964	0	5442#8	0
4964	0	5472#0	0
4964	0	91334#6	1
4982	0	4423#0	0
4982	0	4423#1	1
4982	0	4423#17	0
4982	0	4423#2	0
4982	0	4423#27	1
4982	0	4423#3	0
4982	0	4563#0	1
4982	0	4588#0	1
4982	0	4588#8	1
4982	0	46569#0	0
4991	0	10627#61	0
4991	0	212440#3	0
4991	0	248170#1	0
4991	0	248236#0	0
4991	0	271050#2	1
4991	0	271050#3	0
4991	0	271050#4	1
4991	0	271050#6	0
4991	0	3308#3	0
4991	0	3308#9	0
4994	0	187363#5	0
4994	0	198078#0	0
4994	0	213382#0	0
4994	0	241307#0	0
4994	0	272329#0	0
4994	0	284604#0	0
4994	0	2936#3	0
4994	0	30928#18	0
4994	0	51490#0	0
4994	0	69455#1	1
5007	0	12303#0	1
5007	0	12303#12	0
5007	0	12303#13	0
5007	0	12303#16	1
5007	0	12303#18	0
5007	0	12303#19	0
5007	0	12303#20	1
5007	0	12303#25	1
5007	0	12303#26	0
5007	0	12303#31	0
5017	0	133441#3	0
5017	0	133441#6	0
5017	0	15956#4	0
5017	0	17475#2	0
5017	0	288589#0	1
5017	0	305165#0	0
5017	0	343556#1	0
5017	0	360356#5	0
5017	0	44886#1	0
5017	0	70840#1	0
506	0	10579#0	1
506	0	109316#11	0
506	0	32706#0	1
506	0	35218#0	1
506	0	36442#41	0
506	0	4264#1	0
506	0	4266#19	0
506	0	4266#6	0
506	0	4269#0	1
506	0	6211#25	0
5104	0	1088450#0	1
5104	0	1127#7	0
5104	0	220437#1	0
5104	0	280330#4	0
5104	0	289101#2	0
5104	0	395435#6	0
5104	0	61035#14	0
5104	0	6628#4	0
5104	0	74312#1	0
5104	0	87649#20	0
5160	0	140750#49	0
5160	0	176117#0	0
5160	0	18357#0	0
5160	0	198439#6	1
5160	0	231833#0	0
5160	0	233885#0	0
5160	0	2678762#0	0
5160	0	365216#0	0
5160	0	838#17	0
5160	0	97468#0	0
5210	0	152565#4	0
5210	0	152565#6	0
5210	0	188669#0	1
5210	0	213616#0	0
5210	0	214182#0	0
5210	0	4396#48	1
5210	0	4396#5	1
5210	0	4528#0	0
5210	0	5636#0	1
5210	0	5637#0	0
5218	0	17363#20	0
5218	0	184702#10	0
5218	0	210593#3	0
5218	0	21225#1	0
5218	0	250517#0	0
5218	0	3203#11	0
5218	0	349234#4	0
5218	0	43117#0	0
5218	0	57557#6	0
5218	0	872#0	1
5234	0	140161#1	0
5234	0	140161#3	0
5234	0	209403#7	0
5234	0	2977#0	0
5234	0	2977#14	0
5234	0	2977#16	0
5234	0	2977#19	0
5234	0	2977#3	0
5234	0	2977#4	1
5234	0	5771#64	0
5241	0	185001#1	1
5241	0	20877#10	1
5241	0	20877#11	1
5241	0	20877#17	1
5241	0	20877#19	1
5241	0	20877#3	1
5241	0	20877#31	0
5241	0	20877#32	0
5241	0	27621#0	1
5241	0	85087#1	0
5247	0	122327#9	1
5247	0	126095#4	0
5247	0	18705#0	1
5247	0	18705#1	0
5247	0	18705#2	0
5247	0	18705#4	0
5247	0	18705#5	0
5247	0	18705#6	0
5247	0	284092#15	0
5247	0	4184#1	0
5278	0	10924#11	1
5278	0	10924#12	1
5278	0	10924#14	1
5278	0	10924#40	0
5278	0	13243#9	0
5278	0	20024#0	1
5278	0	20024#9	0
5278	0	295175#0	0
5278	0	358105#6	1
5278	0	40191#8	0
5283	0	336497#0	1
5283	0	336498#0	1
5283	0	336501#0	1
5283	0	336503#0	1
5283	0	336506#0	1
5283	0	336507#0	1
5283	0	336511#0	1
5283	0	55954#0	1
5283	0	55954#2	0
5283	0	55954#3	1
5286	0	119787#0	0
5286	0	121517#0	0
5286	0	169753#1	0
5286	0	192853#0	0
5286	0	243827#0	0
5286	0	247370#0	0
5286	0	277110#4	1
5286	0	360457#0	0
5286	0	375241#0	0
5286	0	375241#1	0
5288	0	127449#71	1
5288	0	127449#73	0
5288	0	6276#2	1
5288	0	6276#40	1
5288	0	6276#41	0
5288	0	6276#44	0
5288	0	6276#47	0
5288	0	6276#57	0
5288	0	6276#61	0
5288	0	8462#66	1
5312	0	21383#0	0
5312	0	7074#0	1
5312	0	7074#1	0
5312	0	7074#15	0
5312	0	7074#17	0
5312	0	7074#2	0
5312	0	7074#25	0
5312	0	7074#3	0
5312	0	7074#4	0
5312	0	7115#8	0
5344	0	15010#10	0
5344	0	220579#2	0
5344	0	22924#17	0
5344	0	256161#6	0
5344	0	260865#6	0
5344	0	33176#91	0
5344	0	50223#13	0
5344	0	50223#4	0
5344	0	50223#7	0
5344	0	942#0	1
5352	0	245936#0	0
5352	0	245936#1	0
5352	0	245936#5	0
5352	0	370127#0	0
5352	0	394611#0	1
5352	0	395157#4	0
5352	0	411500#0	0
5352	0	415930#0	0
5352	0	420697#0	0
5352	0	421823#0	0
5370	0	14631#18	1
5370	0	220107#3	0
5370	0	316197#0	0
5370	0	32857#21	0
5370	0	33140#0	1
5370	0	33140#1	0
5370	0	33140#2	0
5370	0	432694#0	0
5370	0	5416#7	0
5370	0	71365#0	0
5372	0	103230#0	0
5372	0	103265#5	0
5372	0	12047#33	1
5372	0	13849#1	1
5372	0	158702#9	1
5372	0	3156#0	0
5372	0	347933#8	1
5372	0	352227#6	0
5372	0	66753#1	1
5372	0	730#3	0
5380	0	169871#0	0
5380	0	313396#0	0
5380	0	3468#1	1
5380	0	46802#0	1
5380	0	4759#12	0
5380	0	4762#0	0
5380	0	4776#0	0
5380	0	4792#0	0
5380	0	4932#0	1
5380	0	9550#0	0
5395	0	15265#0	1
5395	0	15265#1	0
5395	0	15265#3	0
5395	0	15265#7	0
5395	0	21576#6	0
5395	0	226434#0	0
5395	0	3022#28	0
5395	0	425363#1	0
5395	0	81282#0	0
5395	0	84608#0	0
5482	0	11535#11	0
5482	0	11535#16	0
5482	0	11535#7	0
5482	0	206941#2	0
5482	0	22925#1	0
5482	0	262009#3	0
5482	0	28787#2	1
5482	0	394651#41	1
5482	0	6327#10	1
5482	0	942#1	0
55	0	354615#0	0
55	0	4268#1	1
55	0	4268#14	0
55	0	4268#3	0
55	0	4268#61	0
55	0	4268#66	0
55	0	4268#81	0
5510	0	258377#0	0
5510	0	325484#0	1
5510	0	325484#1	1
5510	0	325484#10	1
5510	0	325484#11	0
5510	0	325484#16	1
5510	0	325484#3	1
5510	0	325484#6	0
5510	0	325484#9	1
5510	0	64258#0	0
5557	0	101286#1	0
5557	0	338517#1	0
5557	0	433464#4	0
5557	0	97364#4	0
5557	0	97367#2	0
5557	0	97367#3	0
5557	0	97367#4	0
5557	0	97367#5	1
5557	0	97367#6	1
5557	0	97367#7	0
5557	0	97367#8	0
5563	0	142787#0	0
5563	0	16084#24	0
5563	0	19653#1	1
5563	0	19653#5	0
5563	0	206043#1	0
5563	0	21360#2	0
5563	0	21360#23	0
5563	0	21360#3	0
5563	0	77012#0	0
5563	0	77012#8	0
5573	0	1018#11	0
5573	0	1597251#1	0
5573	0	226434#0	0
5573	0	295124#0	0
5573	0	30614#0	1
5573	0	30614#1	0
5573	0	30614#13	0
5573	0	3882#2	0
5573	0	410506#1	0
5573	0	81282#0	0
5583	0	1041#35	0
5583	0	106071#0	0
5583	0	120727#2	0
5583	0	12384#1	0
5583	0	13075#4	0
5583	0	291923#28	0
5583	0	341635#0	1
5583	0	37722#2	1
5583	0	52967#0	0
5583	0	8106#5	0
5586	0	13531#0	0
5586	0	186967#14	0
5586	0	2757#1	1
5586	0	317710#0	0
5586	0	329696#0	0
5586	0	4464#0	1
5586	0	4470#0	0
5586	0	4470#15	0
5586	0	4491#10	0
5586	0	6342#11	0
5609	0	215382#0	0
5609	0	215382#1	0
5609	0	215382#2	1
5609	0	223313#0	0
5609	0	246058#15	0
5609	0	261772#0	0
5609	0	2625146#0	1
5609	0	291825#0	0
5609	0	3235#11	0
5609	0	78749#4	0
5610	0	20791#0	1
5610	0	20791#1	0
5610	0	20791#16	1
5610	0	20791#17	0
5610	0	20791#19	0
5610	0	20791#2	0
5610	0	20791#21	0
5610	0	20791#22	0
5610	0	20791#3	0
5610	0	24525#0	0
5616	0	101896#4	0
5616	0	127710#23	1
5616	0	233350#18	0
5616	0	25914#32	1
5616	0	30929#2	0
5616	0	41124#1	1
5616	0	41124#10	1
5616	0	41124#11	1
5616	0	41124#17	1
5616	0	44#60	1
5629	0	245357#0	0
5629	0	245358#0	0
5629	0	245360#0	1
5629	0	245360#1	0
5629	0	245360#15	0
5629	0	245360#18	0
5629	0	245360#7	0
5629	0	245360#8	0
5629	0	245360#9	0
5629	0	439646#2	0
5647	0	10893#2	1
5647	0	11776#11	0
5647	0	11776#20	0
5647	0	23474#32	1
5647	0	2948#0	1
5647	0	2948#2	1
5647	0	2948#4	0
5647	0	2948#6	0
5647	0	2948#8	1
5647	0	2948#9	1
5653	0	1036#9	0
5653	0	190358#0	0
5653	0	248586#2	0
5653	0	252813#1	0
5653	0	265869#4	0
5653	0	271214#7	0
5653	0	359187#0	0
5653	0	58899#1	0
5653	0	84689#8	0
5653	0	982734#0	1
5682	0	120632#4	0
5682	0	21321#0	1
5682	0	321958#1	0
5682	0	4014#0	0
5682	0	4015#12	0
5682	0	41077#4	0
5682	0	41077#6	1
5682	0	48958#0	1
5682	0	86586#0	0
5682	0	93086#0	0
5686	0	442738#0	1
5686	0	442738#1	0
5686	0	442738#16	0
5686	0	442738#17	1
5686	0	442738#18	1
5686	0	442738#19	1
5686	0	442738#2	0
5686	0	442738#3	0
5686	0	442738#7	0
5686	0	49826#11	0
5719	0	151005#0	0
5719	0	17663#19	0
5719	0	26346#3	0
5719	0	3324#9	0
5719	0	377529#2	0
5719	0	377529#3	1
5719	0	44000#2	0
5719	0	44000#3	0
5719	0	458668#0	0
5719	0	54907#2	0
5732	0	124779#2	0
5732	0	27868#3	0
5732	0	2835#27	0
5732	0	2835#43	0
5732	0	2835#44	1
5732	0	2835#48	1
5732	0	2835#49	1
5732	0	2835#79	1
5732	0	396668#48	1
5732	0	63081#9	1
5749	0	3304#0	1
5749	0	3304#1	1
5749	0	3304#11	1
5749	0	3304#12	1
5749	0	3304#13	1
5749	0	3304#14	1
5749	0	3304#4	1
5749	0	3304#5	0
5749	0	3304#7	0
5749	0	3304#8	1
5751	0	1109#38	0
5751	0	13374#44	0
5751	0	230538#1	0
5751	0	34497#19	0
5751	0	34497#23	0
5751	0	411994#1	0
5751	0	49#54	0
5751	0	64467#0	1
5751	0	77#7	0
5751	0	78176#1	0
5757	0	126737#19	0
5757	0	136011#15	0
5757	0	142704#18	1
5757	0	18245#6	0
5757	0	21187#3	0
5757	0	270431#0	0
5757	0	304369#6	0
5757	0	307060#50	0
5757	0	46008#28	0
5757	0	6076#42	0
5772	0	10499#15	0
5772	0	10795#0	1
5772	0	10795#4	0
5772	0	10809#2	0
5772	0	10883#0	0
5772	0	213205#9	0
5772	0	284777#6	0
5772	0	4118#10	0
5772	0	4123#9	0
5772	0	7090#4	0
5778	0	151758#0	0
5778	0	212502#3	1
5778	0	213724#3	0
5778	0	22693#0	1
5778	0	3331#0	0
5778	0	3331#2	1
5778	0	3334#0	0
5778	0	62382#6	0
5778	0	64#35	0
5778	0	72640#5	1
58	0	1041#1	1
58	0	1041#17	1
58	0	1101#25	0
58	0	15556#12	0
58	0	15926#0	0
58	0	21050#3	1
58	0	23630#0	0
58	0	23630#2	1
58	0	27682#0	0
58	0	81865#0	0
5817	0	232787#27	0
5817	0	232790#0	1
5817	0	233995#1	0
5817	0	233995#4	0
5817	0	233995#5	0
5817	0	267011#0	0
5817	0	267011#2	0
5817	0	303176#6	0
5817	0	335767#24	0
5817	0	432605#6	0
5829	0	146698#14	0
5829	0	146698#8	1
5829	0	23906#103	0
5829	0	23906#98	0
5829	0	241102#8	1
5829	0	403767#18	0
5829	0	44#21	1
5842	0	1068326#0	1
5842	0	1068326#1	1
5842	0	1068326#10	1
5842	0	1068326#13	0
5842	0	1068326#14	1
5842	0	1068326#7	1
5842	0	145466#0	0
5842	0	197353#10	0
5842	0	226157#9	0
5842	0	233350#8	0
5842	0	243703#0	0
5842	0	278234#43	0
5842	0	297228#2	0
5842	0	3992#5	0
5842	0	64564#1	0
5850	0	235775#4	0
5850	0	432605#5	0
5850	0	433622#0	0
5850	0	433622#12	0
5850	0	433622#3	0
5850	0	433622#4	0
5850	0	433622#41	0
5850	0	433622#7	1
5850	0	433622#8	0
5850	0	4448#5	0
5855	0	136494#0	1
5855	0	15745#36	1
5855	0	170818#0	0
5855	0	240252#9	0
5855	0	299016#12	0
5855	0	299016#13	0
5855	0	48511#7	1
5855	0	69277#2	0
5855	0	7130#0	0
5855	0	74382#1	0
5858	0	10#14	1
5858	0	10#2	1
5858	0	17235#0	1
5858	0	176767#2	0
5858	0	22533#0	0
5858	0	377991#3	0
5858	0	4041#6	1
5858	0	69779#5	0
5858	0	69782#3	0
5858	0	90608#2	0
5904	0	153098#0	0
5904	0	153153#0	0
5904	0	153624#0	0
5904	0	153687#0	0
5904	0	153701#0	0
5904	0	21873#1	1
5904	0	25016#0	0
5904	0	76856#2	0
5948	0	43627#0	1
5948	0	43627#11	1
5948	0	43627#12	0
5948	0	43627#15	0
5948	0	43627#16	1
5948	0	43627#32	1
5948	0	43627#40	0
5948	0	43627#43	0
5948	0	43627#47	0
5948	0	43627#50	1
5948	0	43627#52	0
5948	0	43627#53	0
5948	0	43627#6	0
5973	0	10481#15	0
5973	0	10481#16	0
5973	0	10481#20	0
5973	0	132668#5	0
5973	0	1854199#0	1
5973	0	1854199#1	1
5973	0	1854199#2	1
5973	0	1854199#5	1
5973	0	1854199#7	1
5973	0	193853#0	0
5973	0	194754#0	0
5973	0	194760#0	0
5973	0	7096#0	0
5973	0	7640#13	0
5973	0	7640#16	0
6043	0	120328#12	0
6043	0	181086#2	0
6043	0	204460#2	1
6043	0	21922#2	1
6043	0	21922#5	0
6043	0	227887#4	1
6043	0	229880#0	1
6043	0	229880#2	0
6043	0	6166#1	1
6043	0	8106#28	0
6087	0	10241#18	1
6087	0	158192#11	0
6087	0	158192#2	0
6087	0	180373#1	1
6087	0	180373#5	1
6087	0	33#51	0
6087	0	6509#14	0
6087	0	6509#27	0
6087	0	6509#41	0
6087	0	6509#56	1
6116	0	11419#6	1
6116	0	201486#3	0
6116	0	21839#0	1
6116	0	21839#14	1
6116	0	21839#2	1
6116	0	21839#3	1
6116	0	433244#4	0
6116	0	56762#2	0
6116	0	5857#9	0
6116	0	61254#85	0
613	0	106071#20	1
613	0	16097#44	1
613	0	16097#8	0
613	0	176054#5	1
613	0	232185#2	1
613	0	264620#4	1
613	0	285881#10	1
613	0	29574#0	0
613	0	303420#0	0
613	0	33156#1	0
6133	0	205901#4	0
6133	0	237090#0	0
6133	0	237090#7	0
6133	0	2495399#2	1
6133	0	33176#117	1
6133	0	35361#0	1
6133	0	364570#3	1
6133	0	387728#22	0
6133	0	6982#28	0
6133	0	81282#0	0
6138	0	124969#5	0
6138	0	15978#4	0
6138	0	18525#1	1
6138	0	18525#10	0
6138	0	18525#13	0
6138	0	18525#2	0
6138	0	18525#9	0
6138	0	41402#28	0
6138	0	436390#1	0
6138	0	65176#1	0
642	0	151784#10	1
642	0	7349#0	0
642	0	7349#1	0
642	0	7349#15	0
642	0	7349#16	0
642	0	7349#20	0
642	0	7349#34	0
642	0	7349#7	0
642	0	7349#8	0
652	0	1124#1	0
652	0	125681#26	0
652	0	19655#42	0
652	0	271050#4	0
652	0	394684#13	0
652	0	5077#0	0
652	0	63649#6	0
652	0	798#13	0
652	0	798#18	1
652	0	798#2	0
694	0	127795#29	0
694	0	205232#1	0
694	0	246058#1	0
694	0	246058#17	0
694	0	246058#5	0
694	0	2619924#0	1
694	0	2619924#1	1
694	0	2619924#43	1
694	0	407429#1	1
694	0	407429#2	1
694	0	407429#4	1
694	0	407429#7	0
694	0	407429#8	1
712	0	20018#0	1
712	0	20018#20	1
712	0	20018#34	0
712	0	20018#38	0
712	0	20018#40	0
712	0	20018#43	1
712	0	29168#9	1
712	0	56326#0	1
712	0	57278#5	0
712	0	85094#0	1
734	0	12723#6	0
734	0	134269#1	0
734	0	20013#2	0
734	0	208747#61	0
734	0	2601336#0	1
734	0	304145#3	0
734	0	337658#1	0
734	0	3803#9	0
734	0	49810#4	0
734	0	7138#1	0
76	0	429755#0	0
76	0	429755#2	0
76	0	429755#3	0
76	0	45068#14	0
76	0	45068#5	0
76	0	67301#0	0
76	0	67301#1	0
76	0	67301#10	0
76	0	67301#13	0
76	0	67301#16	1
773	0	119495#12	1
773	0	119495#13	0
773	0	123562#0	0
773	0	12744#100	0
773	0	181104#4	0
773	0	240865#1	1
773	0	291923#15	0
773	0	304402#0	1
773	0	304402#1	0
773	0	321138#1	0
776	0	1130#22	1
776	0	131967#0	0
776	0	233391#7	0
776	0	324756#0	0
776	0	39601#19	0
776	0	407983#3	0
776	0	408282#3	0
776	0	5605#6	0
776	0	67926#9	0
776	0	7824#62	1
778	0	145247#0	0
778	0	210445#0	0
778	0	229248#1	0
778	0	274967#0	0
778	0	297273#10	0
778	0	4120#11	1
778	0	57919#6	1
778	0	57986#0	0
778	0	6728#0	1
778	0	85310#87	0
78	0	13086#0	1
78	0	13086#2	1
78	0	13086#3	1
78	0	13086#34	0
78	0	15637#20	1
78	0	16690#8	1
78	0	295917#1	0
78	0	295917#2	0
78	0	310862#3	0
78	0	32823#0	0
789	0	126136#2	0
789	0	196970#5	0
789	0	231326#0	0
789	0	24214#0	0
789	0	25089#4	0
789	0	253898#0	0
789	0	26152#11	0
789	0	284480#2	1
789	0	284480#5	1
789	0	30078#4	0
789	0	3376#14	0
789	0	3376#15	1
881	0	21321#0	0
881	0	321958#0	0
881	0	321958#1	0
881	0	3768#0	1
881	0	3768#47	0
881	0	4014#0	0
881	0	4015#12	0
881	0	4015#21	0
881	0	4016#40	0
881	0	51751#0	0
899	0	1018#11	0
899	0	141736#52	1
899	0	1567562#0	1
899	0	19007#0	1
899	0	19007#1	1
899	0	19007#2	0
899	0	21219#32	1
899	0	226434#0	0
899	0	81282#0	0
899	0	86844#0	1
910	0	106894#2	1
910	0	160802#39	0
910	0	177318#4	0
910	0	183886#2	0
910	0	183886#3	0
910	0	21966#0	0
910	0	340762#4	1
910	0	379477#2	1
910	0	54421#3	1
910	0	63292#5	0
911	0	4039#14	1
911	0	4039#2	1
911	0	4039#24	1
911	0	4039#29	0
911	0	4041#0	1
911	0	4044#0	0
911	0	4044#50	0
911	0	4812#0	0
911	0	4812#14	0
911	0	6721#2	0
913	0	124944#4	0
913	0	132230#9	0
913	0	205901#4	0
913	0	320314#2	0
913	0	320314#3	0
913	0	320314#4	0
913	0	320314#6	0
913	0	387915#12	1
913	0	394102#0	1
913	0	4145#43	0
971	0	252375#0	0
971	0	252375#10	0
971	0	252375#11	0
971	0	252375#12	1
971	0	252375#13	0
971	0	252375#15	0
971	0	252375#16	0
971	0	252375#2	1
971	0	252375#22	0
971	0	53238#1	0
971	0	76349#26	0
992	0	12723#70	0
992	0	140091#4	0
992	0	246249#55	0
992	0	2489954#0	1
992	0	254968#43	0
992	0	28403#11	0
992	0	3803#9	0
992	0	46008#100	0
992	0	50238#7	0
992	0	5778#8	0
