10	0	1989895#2	0
10	0	2415499#7	0
10	0	3365954#2	0
10	0	389080#13	0
10	0	389080#5	0
10	0	389080#7	1
10	0	4005043#3	0
10	0	4812168#3	0
10	0	556793#3	0
10	0	5604471#4	0
1003	0	189384#0	1
1003	0	189384#1	0
1003	0	189384#26	0
1003	0	189384#27	0
1003	0	2122634#1	0
1003	0	2871740#1	0
1003	0	542496#1	0
1003	0	5726758#1	0
1003	0	5737141#0	0
1003	0	6099398#1	0
1026	0	2185289#0	0
1026	0	263587#0	0
1026	0	263587#11	1
1026	0	263587#29	0
1026	0	3703348#6	0
1026	0	45625#0	0
1026	0	45625#125	0
1026	0	4842882#174	0
1026	0	55289#7	0
1026	0	6414959#11	0
1033	0	403142#0	0
1033	0	4979835#0	0
1033	0	4979835#16	0
1033	0	4979835#28	0
1033	0	4979835#4	1
1033	0	4979835#44	0
1033	0	4979835#72	0
1033	0	5013607#11	0
1033	0	5238999#0	0
1033	0	5416336#8	0
1033	0	5685576#0	0
1070	0	146510#18	0
1070	0	146510#20	0
1070	0	3019508#7	0
1070	0	355271#2	0
1070	0	355823#0	1
1070	0	355823#7	0
1070	0	3864777#2	0
1070	0	4055871#1	0
1070	0	6089941#1	0
1070	0	6089941#7	0
108	0	3440741#0	0
108	0	3440783#0	1
108	0	3508353#0	1
108	0	4062613#0	0
108	0	4062613#1	0
108	0	4847515#0	0
108	0	914009#0	1
108	0	914021#0	0
108	0	914021#10	0
108	0	914778#5	0
1117	0	1534167#9	1
1117	0	224018#5	0
1117	0	4610226#17	1
1117	0	6030234#0	0
1117	0	620965#20	0
1117	0	6349206#12	1
1117	0	6349206#4	0
1117	0	82819#0	1
1117	0	82819#10	0
1117	0	82819#26	0
1117	0	82819#3	1
1138	0	3812897#2	0
1138	0	382545#3	0
1138	0	4708190#1	0
1138	0	4708190#3	0
1138	0	6167232#4	0
1138	0	6663273#0	1
1138	0	6663273#17	0
1138	0	6663273#2	0
1138	0	6663273#26	0
1138	0	6663273#29	0
1138	0	9719#15	0
115	0	100190#36	0
115	0	1129273#1	0
115	0	1430276#0	1
115	0	1430276#17	0
115	0	1430276#22	0
115	0	1430276#32	0
115	0	26750#59	0
115	0	26845#42	0
115	0	4156227#5	0
115	0	6420592#1	0
1216	0	3245506#3	0
1216	0	3632137#0	1
1216	0	37079#33	0
1216	0	37079#34	1
1216	0	37079#37	1
1216	0	37079#38	0
1216	0	37079#39	1
1216	0	37079#40	1
1216	0	37079#79	0
1216	0	3966473#0	0
1227	0	1323589#9	0
1227	0	1391549#8	0
1227	0	1783153#12	0
1227	0	5252184#0	1
1227	0	64394#5	0
1227	0	80803#5	0
1227	0	83760#0	1
1227	0	83760#11	0
1227	0	83760#15	0
1227	0	83760#26	0
1283	0	1078448#2	0
1283	0	1134#166	0
1283	0	151617#1	1
1283	0	152261#1	0
1283	0	169191#85	1
1283	0	1933227#3	1
1283	0	2579123#27	0
1283	0	369252#8	0
1283	0	449641#29	0
1283	0	449641#5	1
1283	0	7653228#26	0
1288	0	110#63	0
1288	0	1285574#1	0
1288	0	1468465#5	1
1288	0	1627149#4	0
1288	0	2041871#3	0
1288	0	2977716#10	1
1288	0	3101169#49	0
1288	0	3124980#34	0
1288	0	550674#3	0
1288	0	85369#3	1
1289	0	129956#0	0
1289	0	129956#1	0
1289	0	129956#12	0
1289	0	129956#14	1
1289	0	129956#24	1
1289	0	129956#28	1
1289	0	129956#3	1
1289	0	129956#4	0
1289	0	129956#6	0
1289	0	129956#7	0
1289	0	129956#8	1
1289	0	1523236#5	0
1289	0	164974#2	0
1289	0	2812161#2	0
1289	0	3642868#8	0
1289	0	4226761#3	0
1289	0	5052774#6	0
1303	0	211309#9	0
1303	0	31415#3	0
1303	0	31415#4	0
1303	0	31415#5	0
1303	0	3224150#2	0
1303	0	3556800#2	0
1303	0	361917#10	0
1303	0	36779#8	0
1303	0	7366227#0	0
1303	0	7366227#1	0
1303	0	94104#1	1
1332	0	10901#33	0
1332	0	2607184#0	1
1332	0	4159450#1	0
1332	0	5876160#13	1
1332	0	6513813#12	0
1332	0	6513813#9	0
1332	0	7530010#311	0
1332	0	7530010#401	0
1332	0	7530010#422	0
1332	0	7530010#549	0
1332	0	7729960#3	0
1364	0	160482#0	1
1364	0	160482#1	1
1364	0	160482#48	0
1364	0	2021756#9	0
1364	0	34455#0	0
1364	0	4201319#1	0
1364	0	4201319#4	0
1364	0	4465162#1	0
1364	0	4465162#4	0
1364	0	4465163#1	0
1364	0	4465163#4	0
1384	0	5432204#41	1
1384	0	5432204#42	0
1384	0	912645#1	1
1384	0	912645#12	0
1384	0	912645#13	0
1384	0	912645#18	0
1384	0	912645#2	0
1384	0	912645#21	1
1384	0	912645#6	0
1384	0	912645#8	0
1398	0	1267554#0	0
1398	0	1267554#1	0
1398	0	1267554#2	1
1398	0	1267554#24	0
1398	0	1267554#54	0
1398	0	1267554#8	0
1398	0	1861578#0	0
1398	0	3651951#3	0
1398	0	4240300#0	0
1398	0	4392708#3	0
1398	0	5380448#1	1
1400	0	1129745#0	0
1400	0	1129745#1	0
1400	0	1129745#24	0
1400	0	1129745#3	1
1400	0	1129745#32	0
1400	0	1129745#49	0
1400	0	1129745#50	0
1400	0	1129745#53	0
1400	0	1129745#6	1
1400	0	1129745#8	1
1409	0	1488350#20	0
1409	0	1759307#27	0
1409	0	196553#16	0
1409	0	3010221#5	0
1409	0	3231783#8	0
1409	0	3474271#0	0
1409	0	7194570#8	0
1409	0	791024#0	0
1409	0	791024#13	0
1409	0	791024#4	1
1409	0	949665#2	0
1418	0	2991004#0	0
1418	0	2991004#1	1
1418	0	2991004#11	0
1418	0	2991004#12	1
1418	0	2991004#2	1
1418	0	2991004#42	1
1418	0	2991004#8	0
1418	0	2991004#9	0
1418	0	3075743#0	0
1418	0	5157627#6	0
143	0	1133944#0	0
143	0	1133944#2	0
143	0	3609459#0	1
143	0	830207#0	1
143	0	830207#1	1
143	0	85619#0	0
143	0	85619#14	1
143	0	85619#2	1
143	0	85619#21	0
143	0	984784#0	0
1469	0	1329861#0	1
1469	0	1329861#1	0
1469	0	1329861#15	0
1469	0	1329861#38	0
1469	0	1329861#39	0
1469	0	1329861#51	0
1469	0	1329861#6	0
1469	0	1329861#73	0
1469	0	1329861#92	0
1469	0	1329861#97	0
148	0	2100548#0	1
148	0	211028#0	1
148	0	2408911#0	1
148	0	2655006#0	0
148	0	3390328#0	1
148	0	3427553#1	1
148	0	35547#0	0
148	0	40#0	1
148	0	406420#0	1
148	0	5852365#0	1
1502	0	1012615#13	0
1502	0	130448#169	1
1502	0	133811#5	0
1502	0	138448#6	0
1502	0	49727#12	1
1502	0	534277#16	0
1502	0	59653#14	0
1502	0	6983702#2	0
1502	0	975367#0	1
1502	0	975367#1	0
1530	0	2071063#0	0
1530	0	224222#0	0
1530	0	3932596#0	0
1530	0	44383#0	0
1530	0	4591497#0	0
1530	0	4909172#0	0
1530	0	4940589#0	0
1530	0	5087564#0	0
1530	0	54673#0	0
1530	0	54673#3	1
1530	0	54673#49	1
1530	0	720126#0	0
1535	0	2142457#18	0
1535	0	2142457#2	1
1535	0	2142457#58	1
1535	0	315406#3	0
1535	0	4716671#98	0
1535	0	4870541#20	0
1535	0	4870541#21	0
1535	0	5216709#14	0
1535	0	5220172#1	0
1535	0	5220172#2	0
1535	0	591588#33	1
1551	0	1490727#2	0
1551	0	196553#16	0
1551	0	4727525#1	0
1551	0	6443887#1	0
1551	0	6443887#13	0
1551	0	6443887#2	0
1551	0	6443887#4	1
1551	0	6443887#6	0
1551	0	6443887#8	0
1551	0	7656671#8	0
1558	0	1345646#0	0
1558	0	1345693#0	0
1558	0	1503352#0	0
1558	0	2376915#0	0
1558	0	3024160#1	0
1558	0	41099#8	1
1558	0	4888389#0	0
1558	0	6616108#1	0
1558	0	7371949#1	0
1558	0	7719644#1	0
1558	0	869414#6	0
1590	0	1059720#10	0
1590	0	1898978#0	0
1590	0	281558#0	0
1590	0	348542#48	0
1590	0	43614#0	0
1590	0	43614#61	1
1590	0	43614#64	0
1590	0	4671749#15	0
1590	0	4671749#18	0
1590	0	5413158#5	0
1590	0	59860#21	0
1608	0	1604058#2	1
1608	0	1628295#1	1
1608	0	301948#1	1
1608	0	301948#10	0
1608	0	301948#14	1
1608	0	301948#24	0
1608	0	301948#40	0
1608	0	301948#41	0
1608	0	301948#42	0
1608	0	301948#44	1
1608	0	301948#8	0
1611	0	174689#0	0
1611	0	2511269#13	0
1611	0	35881#1	0
1611	0	6109656#13	0
1611	0	73186#0	1
1611	0	73186#42	0
1611	0	78503#0	0
1611	0	78508#0	0
1611	0	79370#0	1
1611	0	79372#0	0
1622	0	1063207#2	0
1622	0	141464#3	0
1622	0	26555#0	1
1622	0	26555#67	0
1622	0	2786817#2	0
1622	0	2786817#4	0
1622	0	2942707#1	0
1622	0	350770#1	0
1622	0	47706#15	0
1622	0	6940208#7	0
1622	0	74703#0	0
1657	0	1065877#0	1
1657	0	1065877#2	0
1657	0	1065877#3	0
1657	0	1065877#4	0
1657	0	1065877#5	0
1657	0	1065877#6	0
1657	0	4298737#0	1
1657	0	6396469#1	0
1657	0	7619466#0	0
1657	0	81762#1	0
1663	0	1711105#0	0
1663	0	1711105#1	0
1663	0	1711105#16	0
1663	0	1711105#17	0
1663	0	1711105#18	0
1663	0	1711105#2	0
1663	0	1711105#3	1
1663	0	4612716#2	0
1663	0	5422886#0	0
1663	0	6065792#3	0
1663	0	6837468#11	0
1664	0	152500#1	0
1664	0	3327231#0	0
1664	0	4322123#1	0
1664	0	4962079#0	0
1664	0	639368#0	0
1664	0	639368#22	0
1664	0	639368#3	1
1664	0	644066#0	0
1664	0	7066832#2	0
1664	0	7633432#0	0
1672	0	184226#1	1
1672	0	184226#2	1
1672	0	184226#26	0
1672	0	184226#33	0
1672	0	184226#54	0
1672	0	184226#55	0
1672	0	184226#58	1
1672	0	3127623#1	0
1672	0	3127623#2	0
1672	0	884245#12	0
1693	0	173369#99	0
1693	0	1929546#3	0
1693	0	2122481#0	1
1693	0	2122481#1	1
1693	0	3027#103	1
1693	0	3187789#70	0
1693	0	4810938#25	0
1693	0	5235669#0	0
1693	0	6963212#8	0
1693	0	738945#54	0
1693	0	754510#1	1
1711	0	1690185#2	0
1711	0	17428#19	1
1711	0	17428#3	1
1711	0	17428#7	1
1711	0	17428#8	1
1711	0	17428#9	0
1711	0	313103#2	0
1711	0	3403100#0	0
1711	0	3453928#0	0
1711	0	764512#1	1
1711	0	802334#1	1
1736	0	128849#4	0
1736	0	1954673#2	0
1736	0	20419#4	0
1736	0	2104931#0	0
1736	0	2104931#2	1
1736	0	2640183#1	0
1736	0	2763921#1	0
1736	0	3341500#1	0
1736	0	42969#7	0
1736	0	9056#5	0
1758	0	6014307#0	1
1758	0	6014307#106	1
1758	0	6014307#204	0
1758	0	6014307#5	0
1758	0	6014307#8	0
1758	0	6051827#102	0
1758	0	6051827#86	0
1758	0	7530010#361	0
1758	0	7530010#4	0
1758	0	7530010#622	0
1758	0	7729960#2	0
1767	0	192388#1	0
1767	0	192388#13	0
1767	0	192388#15	0
1767	0	192388#16	0
1767	0	192388#17	0
1767	0	192388#18	0
1767	0	192388#19	1
1767	0	192388#20	1
1767	0	192388#22	1
1767	0	265991#66	0
1767	0	3999450#17	0
1776	0	2085719#0	0
1776	0	2087595#0	1
1776	0	2167580#2	0
1776	0	2168552#0	0
1776	0	269590#1	1
1776	0	3671436#5	1
1776	0	4471216#0	0
1776	0	4579172#0	0
1776	0	4847520#0	0
1776	0	6447535#0	0
1776	0	783443#0	0
1782	0	332151#0	1
1782	0	332151#18	0
1782	0	332151#23	0
1782	0	332151#24	0
1782	0	332151#26	0
1782	0	332151#27	1
1782	0	332151#28	0
1782	0	332151#32	0
1782	0	332151#37	0
1782	0	908005#0	0
1790	0	1393601#19	1
1790	0	24708#0	0
1790	0	24708#1	1
1790	0	24708#61	0
1790	0	24708#62	0
1790	0	24708#81	0
1790	0	3267823#8	1
1790	0	3640#9	1
1790	0	50069#23	0
1790	0	5163495#27	0
1790	0	73880#30	1
1797	0	295277#66	0
1797	0	3002424#0	1
1797	0	3002424#10	0
1797	0	3002424#18	0
1797	0	3002424#22	0
1797	0	3002424#5	0
1797	0	3002424#9	0
1797	0	5992632#2	0
1797	0	66952#39	0
1797	0	7064561#6	1
1808	0	147938#0	0
1808	0	147938#1	1
1808	0	147938#11	0
1808	0	147938#33	0
1808	0	147938#34	0
1808	0	147938#35	0
1808	0	1512568#40	0
1808	0	1553610#21	0
1808	0	2543262#21	0
1808	0	568976#13	0
1833	0	1657#3	1
1833	0	1772676#7	1
1833	0	1805029#6	0
1833	0	3240909#28	0
1833	0	540571#16	1
1833	0	6941220#4	1
1833	0	7183830#28	1
1833	0	7633285#0	1
1833	0	801756#4	1
1833	0	801756#5	1
184	0	2283268#2	0
184	0	23758#14	0
184	0	3270819#15	0
184	0	3373#24	0
184	0	3420553#1	0
184	0	3822109#2	0
184	0	386647#49	0
184	0	4078604#3	0
184	0	7311268#0	1
184	0	805925#5	0
1907	0	186480#10	0
1907	0	496667#0	1
1907	0	496667#1	1
1907	0	496667#33	1
1907	0	496667#37	0
1907	0	575899#3	1
1907	0	62852#16	1
1907	0	62852#18	1
1907	0	62852#23	1
1907	0	6554600#15	0
1939	0	1101310#2	0
1939	0	2800488#2	0
1939	0	5017653#0	1
1939	0	5017653#1	1
1939	0	871780#0	0
1939	0	9304#103	0
1939	0	930910#22	0
1939	0	930910#23	0
1939	0	930910#4	0
1939	0	930910#72	0
1952	0	197634#0	0
1952	0	197634#1	1
1952	0	197634#6	1
1952	0	2210230#1	0
1952	0	2502703#1	0
1952	0	3329812#1	0
1952	0	4424960#1	0
1952	0	5210946#1	0
1952	0	5214885#1	0
1952	0	6132753#18	1
1952	0	6666072#1	0
1962	0	3498156#6	0
1962	0	5260573#2	0
1962	0	6693408#12	0
1962	0	6815555#2	0
1962	0	713514#0	1
1962	0	776803#0	1
1962	0	776803#1	1
1962	0	776803#3	1
1962	0	776803#4	0
1962	0	776803#6	0
1963	0	150474#10	1
1963	0	150474#53	0
1963	0	1796027#5	0
1963	0	2727#5	1
1963	0	2728#4	1
1963	0	2728#8	1
1963	0	306532#5	0
1963	0	6339220#1	1
1963	0	6339220#2	1
1963	0	6339220#4	0
1963	0	7504931#0	0
1969	0	123006#0	0
1969	0	232258#6	0
1969	0	31459#0	0
1969	0	32274#0	1
1969	0	32290#0	0
1969	0	32290#17	0
1969	0	32290#19	0
1969	0	62002#0	0
1969	0	6483015#1	0
1969	0	6621881#0	0
2	0	1549043#2	0
2	0	25248#69	1
2	0	282965#3	1
2	0	3413393#0	0
2	0	4674678#1	0
2	0	82404#0	1
2	0	82404#1	0
2	0	82404#27	0
2	0	82404#3	0
2	0	82404#6	1
2029	0	1921391#19	1
2029	0	2125420#12	1
2029	0	4167342#4	0
2029	0	51215#0	0
2029	0	5660821#1	0
2029	0	5698655#1	1
2029	0	5698655#4	1
2029	0	71#28	1
2029	0	71#31	0
2029	0	71#49	0
2029	0	7183628#0	0
2033	0	1139626#0	0
2033	0	1139626#1	1
2033	0	1139626#11	0
2033	0	1139626#12	0
2033	0	1139626#21	0
2033	0	1139626#22	0
2033	0	1139626#33	1
2033	0	1517037#0	0
2033	0	3000354#0	0
2033	0	4396892#4	0
204	0	1602089#0	1
204	0	1602089#11	0
204	0	1602089#13	0
204	0	1602089#17	0
204	0	1602089#19	1
204	0	1602089#5	0
204	0	1602089#7	0
204	0	355893#13	0
204	0	355893#28	0
204	0	939545#4	0
2047	0	1419204#7	1
2047	0	157442#18	1
2047	0	16104#0	1
2047	0	2026888#1	1
2047	0	2307829#4	1
2047	0	4484163#0	1
2047	0	4484163#5	1
2047	0	4503936#43	1
2047	0	4503936#6	1
2047	0	698586#4	1
2047	0	767908#15	1
2054	0	2390001#5	0
2054	0	2771#0	0
2054	0	2771#3	1
2054	0	2771#5	0
2054	0	760574#6	1
2054	0	763956#11	0
2054	0	763956#19	0
2054	0	763956#2	1
2054	0	763956#3	0
2054	0	763956#9	0
2068	0	11522#111	0
2068	0	1320620#3	0
2068	0	1795956#1	0
2068	0	3616931#2	0
2068	0	91198#4	0
2068	0	94734#0	0
2068	0	94734#1	1
2068	0	94734#11	0
2068	0	94734#14	0
2068	0	94734#3	1
2068	0	94734#57	0
2074	0	1693374#24	0
2074	0	1759681#11	0
2074	0	1766447#40	0
2074	0	3822420#0	1
2074	0	3881915#8	0
2074	0	5351573#2	1
2074	0	54024#8	1
2074	0	5442846#0	1
2074	0	5653737#5	1
2074	0	7267577#15	0
2074	0	748823#2	0
2108	0	118760#0	1
2108	0	118760#12	0
2108	0	2682104#0	0
2108	0	2682104#2	0
2108	0	3372733#0	0
2108	0	4398649#5	0
2108	0	62622#4	0
2108	0	7744008#0	1
2108	0	943696#0	1
2108	0	943696#6	0
2108	0	943696#7	0
2109	0	1762197#1	1
2109	0	1762197#15	0
2109	0	1762197#20	0
2109	0	1762197#22	0
2109	0	1762197#25	0
2109	0	1762197#35	0
2109	0	1762197#6	0
2109	0	4650322#1	0
2109	0	6233950#2	0
2109	0	89988#4	1
2138	0	7106631#2	0
2138	0	7128466#2	0
2138	0	7170994#0	0
2138	0	740991#0	1
2138	0	740991#3	0
2138	0	740991#4	1
2138	0	740991#5	0
2138	0	740991#57	0
2138	0	740991#8	0
2138	0	76667#1	0
2140	0	1304378#0	0
2140	0	1766288#15	0
2140	0	2457621#1	0
2140	0	439037#0	1
2140	0	5455062#0	0
2140	0	5455062#1	0
2140	0	6941255#0	0
2140	0	7348485#1	0
2140	0	7685341#0	0
2140	0	938781#7	0
2156	0	1919995#2	0
2156	0	1920411#0	0
2156	0	1924978#0	0
2156	0	31581#10	1
2156	0	31581#12	0
2156	0	31581#13	0
2156	0	31581#16	0
2156	0	31581#19	0
2156	0	31581#20	0
2156	0	31581#3	1
2156	0	31581#7	0
2204	0	1751692#6	0
2204	0	310814#3	0
2204	0	4289#2	1
2204	0	4289#69	1
2204	0	4289#79	0
2204	0	469138#82	0
2204	0	6659138#16	0
2204	0	71#134	0
2204	0	7146375#22	0
2204	0	7146375#23	0
2204	0	954214#11	0
2222	0	1771548#2	0
2222	0	62834#0	0
2222	0	62834#1	0
2222	0	62834#11	0
2222	0	62834#16	0
2222	0	62834#18	1
2222	0	62834#19	0
2222	0	62834#28	0
2222	0	62834#30	0
2222	0	62834#34	0
2241	0	1468199#0	1
2241	0	1626979#2	0
2241	0	22354#5	0
2241	0	22354#6	0
2241	0	3509550#0	0
2241	0	3509550#1	0
2241	0	54061#12	0
2241	0	54061#3	0
2241	0	54061#45	0
2241	0	54061#7	1
2256	0	1401180#2	0
2256	0	282913#0	1
2256	0	282913#1	1
2256	0	282913#10	0
2256	0	282913#2	0
2256	0	282913#37	0
2256	0	282913#44	0
2256	0	303204#1	0
2256	0	3243762#1	0
2256	0	5248295#1	0
2256	0	72033#4	0
2258	0	1646148#12	0
2258	0	1646148#13	0
2258	0	1646148#2	1
2258	0	1646148#20	0
2258	0	1646148#25	1
2258	0	1646148#53	0
2258	0	1646148#63	0
2258	0	1646148#8	0
2258	0	1646148#9	1
2258	0	5722045#8	1
2258	0	6869840#14	0
226	0	3112577#6	0
226	0	345751#0	0
226	0	345751#1	1
226	0	345751#2	0
226	0	345751#79	0
226	0	345751#81	0
226	0	345751#84	0
226	0	345751#92	0
226	0	345751#93	0
226	0	345751#94	0
226	0	4474783#2	0
2301	0	1699500#1	1
2301	0	1699500#12	1
2301	0	1699500#2	0
2301	0	1699500#3	1
2301	0	1699500#4	1
2301	0	1699500#45	0
2301	0	1699500#47	0
2301	0	1699500#52	1
2301	0	1699500#53	1
2301	0	2132415#3	1
2336	0	3445331#0	0
2336	0	5016425#0	0
2336	0	5270242#0	0
2336	0	5710760#0	0
2336	0	5716875#0	0
2336	0	5719591#0	0
2336	0	5720977#0	0
2336	0	5722126#0	0
2336	0	5746722#4	1
2336	0	5862509#0	0
2336	0	87033#0	1
2381	0	2757446#0	0
2381	0	4284239#58	0
2381	0	5440154#2	1
2381	0	554631#10	0
2381	0	559420#2	1
2381	0	5971209#3	0
2381	0	6119403#1	0
2381	0	6501101#2	0
2381	0	7081133#1	0
2381	0	763828#3	0
2381	0	763828#4	0
242	0	1120635#37	0
242	0	202000#0	1
242	0	2689659#3	0
242	0	3163452#15	0
242	0	3323265#6	0
242	0	3507394#1	0
242	0	4198208#10	0
242	0	4763479#3	0
242	0	5667675#3	0
242	0	73325#10	0
244	0	1483574#1	0
244	0	37050#33	0
244	0	37050#5	1
244	0	3751745#1	0
244	0	41664#7	0
244	0	6104340#35	0
244	0	6135316#3	0
244	0	6351806#1	0
244	0	657842#8	0
244	0	6652208#11	0
244	0	681373#5	0
2461	0	1065720#0	0
2461	0	1065720#1	0
2461	0	1065726#0	0
2461	0	2145459#1	0
2461	0	3799514#1	0
2461	0	40218#0	1
2461	0	40218#47	0
2461	0	40218#61	0
2461	0	687484#35	0
2461	0	687484#37	0
2476	0	1016891#8	0
2476	0	1115008#21	0
2476	0	130083#3	1
2476	0	2454813#0	0
2476	0	2800482#5	0
2476	0	3446812#2	0
2476	0	3972990#0	0
2476	0	4896365#3	0
2476	0	94117#2	0
2476	0	94122#1	0
2476	0	94138#0	0
2495	0	18860#0	1
2495	0	18860#8	0
2495	0	1946638#0	0
2495	0	3976471#2	0
2495	0	6260876#0	0
2495	0	6260876#1	0
2495	0	6567731#1	0
2495	0	6823536#5	0
2495	0	6952742#9	0
2495	0	7687187#1	0
252	0	124093#1	1
252	0	124093#103	0
252	0	124093#106	0
252	0	124093#112	0
252	0	124093#2	1
252	0	124093#99	1
252	0	124200#51	0
252	0	259997#0	0
252	0	259997#61	0
252	0	55761#44	0
252	0	89184#95	0
2559	0	1028#51	1
2559	0	1208916#22	0
2559	0	1624307#6	0
2559	0	1912513#16	0
2559	0	2585248#0	0
2559	0	27143#49	0
2559	0	3200065#13	0
2559	0	3362257#8	0
2559	0	6362483#14	0
2559	0	6362483#6	0
2559	0	6394454#4	0
2603	0	166629#0	0
2603	0	166629#3	1
2603	0	166629#40	0
2603	0	2287918#0	0
2603	0	289391#0	0
2603	0	362984#0	1
2603	0	5030312#2	0
2603	0	5329482#16	0
2603	0	83800#0	1
2603	0	85249#5	0
2609	0	1030759#2	0
2609	0	134446#13	0
2609	0	134446#7	0
2609	0	134446#9	1
2609	0	1458170#13	0
2609	0	32828#11	0
2609	0	375101#13	0
2609	0	5216003#187	0
2609	0	5216325#0	1
2609	0	5216325#1	0
2610	0	1019526#1	0
2610	0	19592#1	1
2610	0	19592#12	0
2610	0	19592#141	0
2610	0	19592#19	0
2610	0	19592#59	1
2610	0	19592#62	0
2610	0	5350962#1	0
2610	0	5621344#1	0
2610	0	73676#2	0
2610	0	7623155#3	0
2625	0	2724076#2	0
2625	0	2752667#0	0
2625	0	2752667#2	0
2625	0	2752667#26	0
2625	0	2752667#35	0
2625	0	2752667#36	1
2625	0	2752667#38	0
2625	0	3236278#12	0
2625	0	378384#8	0
2625	0	4063736#7	0
2625	0	4931427#7	0
2625	0	5150561#7	0
2638	0	101#40	1
2638	0	24753#0	1
2638	0	24753#19	1
2638	0	24753#22	1
2638	0	24753#30	0
2638	0	24753#61	0
2638	0	24753#76	0
2638	0	24753#9	0
2638	0	24753#95	0
2638	0	5507710#7	1
2638	0	95496#4	0
2650	0	2062492#2	0
2650	0	2062492#47	0
2650	0	2062492#8	0
2650	0	2364131#3	0
2650	0	29334#19	0
2650	0	29334#24	0
2650	0	29334#5	1
2650	0	29334#6	0
2650	0	29334#7	0
2650	0	388947#14	0
2650	0	388947#16	0
2657	0	119275#0	0
2657	0	119275#13	1
2657	0	119276#0	1
2657	0	3787648#0	1
2657	0	3801465#0	0
2657	0	5013470#0	0
2657	0	5013785#0	1
2657	0	5013785#1	1
2657	0	5844876#0	0
2657	0	5845022#0	0
2657	0	7563042#0	1
266	0	1675617#5	0
266	0	19580#12	1
266	0	19580#13	0
266	0	19580#4	0
266	0	3900235#2	0
266	0	4006488#3	1
266	0	4081176#1	0
266	0	4218669#1	0
266	0	4447365#3	1
266	0	7197331#5	0
2716	0	343801#151	0
2716	0	3907335#4	0
2716	0	625313#16	0
2716	0	625313#23	1
2716	0	625313#26	0
2716	0	625313#28	0
2716	0	625313#33	0
2716	0	625313#4	1
2716	0	625313#7	0
2716	0	685655#6	0
2716	0	776650#19	0
2720	0	137057#2	0
2720	0	2723036#6	0
2720	0	296352#1	0
2720	0	3527167#4	0
2720	0	3564537#1	0
2720	0	3918285#10	1
2720	0	3918285#13	1
2720	0	3918285#15	1
2720	0	3918285#16	1
2720	0	3918285#19	1
2720	0	3918285#20	1
2720	0	3918285#22	1
2720	0	3918285#4	1
2720	0	3918285#5	1
2720	0	3933024#0	0
2720	0	4204743#10	0
2720	0	5129584#5	0
2720	0	6111053#3	0
2729	0	152788#10	1
2729	0	152788#30	0
2729	0	152788#65	0
2729	0	1692587#1	0
2729	0	2226671#1	0
2729	0	3129806#1	0
2729	0	4243545#1	0
2729	0	4274232#1	0
2729	0	6962709#1	0
2729	0	7319330#1	0
2729	0	84422#2	0
2829	0	101107#13	0
2829	0	132045#54	0
2829	0	2134808#0	0
2829	0	240730#27	0
2829	0	275894#2	0
2829	0	3332107#1	0
2829	0	5041296#2	0
2829	0	5244902#7	0
2829	0	943805#7	0
2829	0	95937#1	1
2853	0	10706#0	0
2853	0	10706#59	0
2853	0	10706#66	0
2853	0	2537071#2	0
2853	0	2537071#3	0
2853	0	3433897#1	1
2853	0	3433897#12	0
2853	0	3433897#15	1
2853	0	54689#2	1
2853	0	54689#4	0
2853	0	74864#1	0
2884	0	102994#1	0
2884	0	131976#3	1
2884	0	1416476#0	0
2884	0	1563356#0	0
2884	0	1791344#1	0
2884	0	4428202#1	0
2884	0	4533647#1	0
2884	0	4846554#2	0
2884	0	707202#0	0
2884	0	707202#15	0
2913	0	16572#3	1
2913	0	1714006#0	0
2913	0	1714006#2	0
2913	0	1717257#0	0
2913	0	3475300#0	0
2913	0	46625#3	0
2913	0	509327#0	0
2913	0	5330885#2	0
2913	0	5723482#0	0
2913	0	5723482#13	0
2913	0	786508#0	0
2960	0	1486059#1	0
2960	0	1758178#1	0
2960	0	2557019#1	0
2960	0	2678261#1	0
2960	0	2948619#4	0
2960	0	3453054#1	0
2960	0	6767625#1	0
2960	0	75450#0	1
2960	0	75450#1	0
2960	0	75450#2	0
2980	0	104103#49	1
2980	0	108912#25	0
2980	0	1253443#11	1
2980	0	130768#36	1
2980	0	2799#0	1
2980	0	2799#10	1
2980	0	2799#9	1
2980	0	2887376#1	0
2980	0	398755#4	1
2980	0	5284037#1	0
2980	0	83079#13	1
2981	0	166601#0	1
2981	0	166601#17	0
2981	0	166601#23	0
2981	0	166601#25	0
2981	0	166601#5	0
2981	0	166601#8	0
2981	0	3671123#4	0
2981	0	3765248#5	0
2981	0	5430196#3	1
2981	0	5435248#2	1
2986	0	160500#44	0
2986	0	286182#46	1
2986	0	3321834#10	1
2986	0	36943#21	1
2986	0	36943#22	1
2986	0	36943#23	1
2986	0	36943#29	0
2986	0	36943#58	0
2986	0	36943#59	0
2986	0	449599#82	0
3000	0	3461873#0	0
3000	0	3461873#2	1
3000	0	3461873#55	0
3000	0	3461873#56	1
3000	0	3461873#60	1
3000	0	3461873#65	1
3000	0	3461873#69	1
3000	0	3461873#72	1
3000	0	3461873#74	1
3000	0	4433262#0	0
3019	0	125239#1	1
3019	0	125239#2	1
3019	0	125239#5	1
3019	0	2215885#25	0
3019	0	233014#0	0
3019	0	2540243#1	1
3019	0	3908807#1	0
3019	0	69094#6	0
3019	0	7617326#1	0
3019	0	808413#26	0
3033	0	2058708#7	0
3033	0	28912#117	0
3033	0	4868023#0	0
3033	0	4868023#2	0
3033	0	4868023#4	0
3033	0	58#9	1
3033	0	5963809#1	1
3033	0	6084488#2	0
3033	0	6084488#45	1
3033	0	72236#1	0
3068	0	1135752#1	0
3068	0	1414#23	0
3068	0	1529192#2	1
3068	0	1708051#0	0
3068	0	1792340#2	0
3068	0	250961#24	0
3068	0	34397#10	1
3068	0	3684231#1	0
3068	0	371775#0	0
3068	0	4800764#1	0
3068	0	519#7	0
3112	0	105706#10	0
3112	0	1926702#0	0
3112	0	3531667#0	0
3112	0	3531667#1	1
3112	0	3531667#14	1
3112	0	3531667#15	0
3112	0	3531667#18	0
3112	0	3531667#40	0
3112	0	3531667#44	0
3112	0	3531667#45	0
3123	0	1420003#0	1
3123	0	1420003#15	1
3123	0	1420003#2	1
3123	0	1420003#22	1
3123	0	1420003#24	0
3123	0	1827361#0	0
3123	0	2384697#0	0
3123	0	53168#11	0
3123	0	53168#7	0
3123	0	53168#8	0
3139	0	292113#40	0
3139	0	292113#42	0
3139	0	292113#69	0
3139	0	292113#72	0
3139	0	4372311#29	0
3139	0	4384797#1	0
3139	0	4384797#11	0
3139	0	4725751#15	0
3139	0	7539255#11	0
3139	0	7539255#7	1
3147	0	12683#24	0
3147	0	12683#25	0
3147	0	12683#26	0
3147	0	12683#27	0
3147	0	12683#53	0
3147	0	12683#8	0
3147	0	12683#83	0
3147	0	1802979#24	0
3147	0	2087595#12	0
3147	0	423868#5	0
3147	0	4469758#0	0
3147	0	4579172#0	0
3147	0	7215111#3	0
3147	0	7722291#0	1
3177	0	13584#1	1
3177	0	13584#10	0
3177	0	13584#11	1
3177	0	13584#12	0
3177	0	13584#13	0
3177	0	13584#7	0
3177	0	13584#8	0
3177	0	1616741#5	0
3177	0	3144288#1	0
3177	0	5443952#7	0
3178	0	2184276#1	0
3178	0	43454#0	1
3178	0	43454#2	1
3178	0	43454#3	0
3178	0	43454#4	1
3178	0	43454#5	0
3178	0	43454#6	0
3178	0	6470765#1	0
3178	0	6567298#1	0
3178	0	7512363#1	0
3260	0	1233123#17	0
3260	0	131837#0	0
3260	0	131837#1	0
3260	0	131837#16	0
3260	0	131837#17	0
3260	0	131837#30	0
3260	0	131837#69	1
3260	0	3704480#8	0
3260	0	4687392#6	0
3260	0	6106704#4	0
3260	0	7560898#1	0
3260	0	7580270#6	0
3288	0	1392836#69	0
3288	0	1546158#9	0
3288	0	1790342#5	1
3288	0	237036#16	0
3288	0	237036#35	0
3288	0	3556584#4	1
3288	0	5722588#9	0
3288	0	769005#6	0
3288	0	792329#105	0
3288	0	87201#28	0
3310	0	3009826#3	0
3310	0	4119170#2	0
3310	0	4119170#7	0
3310	0	4349837#0	0
3310	0	4349837#1	0
3310	0	4756#7	1
3310	0	603#10	1
3310	0	603#11	1
3310	0	603#44	0
3310	0	603#9	0
3316	0	387855#3	1
3316	0	3914638#8	0
3316	0	4144790#7	1
3316	0	5450180#1	0
3316	0	7246245#10	1
3316	0	9231#98	1
3316	0	9314#0	1
3316	0	9319#0	1
3316	0	9319#1	0
3316	0	9319#25	1
3316	0	9319#9	1
3340	0	105349#1	1
3340	0	105349#12	0
3340	0	213168#15	0
3340	0	2451552#1	0
3340	0	3245463#2	0
3340	0	4073300#1	0
3340	0	4344337#0	0
3340	0	5351054#29	0
3340	0	6113067#1	0
3340	0	761158#1	0
3340	0	895434#1	0
3344	0	130962#0	1
3344	0	130962#10	0
3344	0	130962#3	1
3344	0	1655597#0	0
3344	0	1911107#0	0
3344	0	1911107#3	0
3344	0	2020149#0	0
3344	0	2356309#0	0
3344	0	2897540#1	0
3344	0	5257730#1	0
3360	0	109824#3	1
3360	0	124280#6	0
3360	0	134606#0	1
3360	0	134606#1	0
3360	0	134606#2	0
3360	0	134606#8	1
3360	0	2224242#2	0
3360	0	2381633#10	0
3360	0	274853#8	1
3360	0	3567407#4	0
3377	0	117444#0	1
3377	0	117444#16	1
3377	0	1466620#16	1
3377	0	18268#12	0
3377	0	364870#0	1
3377	0	364870#11	0
3377	0	364870#27	0
3377	0	364870#60	1
3377	0	465645#4	1
3377	0	4698412#6	0
3377	0	6874442#4	0
3379	0	1136421#18	1
3379	0	1136421#19	0
3379	0	1136421#26	0
3379	0	1323146#8	0
3379	0	172175#7	0
3379	0	2703307#5	0
3379	0	59890#1	1
3379	0	59890#21	0
3379	0	59890#24	0
3379	0	6038075#3	0
3401	0	172578#1	0
3401	0	172580#0	0
3401	0	205292#4	0
3401	0	25235#0	1
3401	0	25235#1	0
3401	0	25235#110	0
3401	0	25235#16	0
3401	0	25235#24	0
3401	0	4354261#1	0
3401	0	6580562#1	0
343	0	1507445#0	0
343	0	2640185#55	0
343	0	298021#20	0
343	0	39726#0	0
343	0	39726#35	0
343	0	39726#4	1
343	0	39726#57	0
343	0	39726#6	0
343	0	39726#9	0
343	0	55944#36	1
3434	0	18935#0	1
3434	0	18935#10	1
3434	0	2206102#0	0
3434	0	2715282#1	0
3434	0	2973219#1	0
3434	0	302646#4	0
3434	0	3370058#1	0
3434	0	6167152#1	0
3434	0	6243988#1	0
3434	0	6845444#7	0
3438	0	267023#13	1
3438	0	267023#14	0
3438	0	267023#3	0
3438	0	4593579#1	1
3438	0	4593579#14	0
3438	0	4593579#30	0
3438	0	4593579#46	1
3438	0	4593579#56	1
3438	0	4799495#2	0
3438	0	7552811#4	0
3439	0	3994993#0	0
3439	0	3994993#11	1
3439	0	3994993#15	0
3439	0	3994993#20	0
3439	0	3994993#21	0
3439	0	3994993#23	0
3439	0	3994993#26	1
3439	0	3994993#3	1
3439	0	3994993#5	0
3439	0	3995198#13	0
3439	0	629104#19	1
3503	0	1474605#0	0
3503	0	1474605#1	0
3503	0	1474605#10	0
3503	0	1474605#2	0
3503	0	1474605#4	0
3503	0	1474605#5	0
3503	0	1474605#7	0
3503	0	1474605#9	0
3503	0	2576642#0	0
3503	0	2576642#1	0
3503	0	2577828#0	1
3529	0	13607#3	1
3529	0	2485614#4	0
3529	0	2510623#45	0
3529	0	2510623#48	0
3529	0	2510623#52	0
3529	0	2510623#54	0
3529	0	274690#13	0
3529	0	5648396#2	0
3529	0	5648396#3	1
3529	0	895196#11	1
3532	0	1134066#0	1
3532	0	1134066#22	0
3532	0	1134066#5	0
3532	0	11987#49	0
3532	0	14093#0	0
3532	0	14093#5	1
3532	0	4278170#0	0
3532	0	6903904#2	0
3532	0	885725#9	0
3532	0	95896#0	0
3534	0	1269349#50	1
3534	0	1269349#55	1
3534	0	1558605#1	1
3534	0	1558605#15	0
3534	0	1558605#28	1
3534	0	1558605#36	1
3534	0	1558605#4	0
3534	0	1558605#57	1
3534	0	1558605#58	1
3534	0	1558605#61	1
3534	0	1558605#7	1
3556	0	1254840#0	1
3556	0	1486#28	0
3556	0	2050886#0	0
3556	0	2964599#0	1
3556	0	632581#11	0
3556	0	632581#18	0
3556	0	632581#2	0
3556	0	632581#8	0
3556	0	632581#9	0
3556	0	7716889#2	0
3556	0	7716889#3	0
3565	0	270056#0	1
3565	0	270056#15	0
3565	0	270056#16	1
3565	0	270056#24	0
3565	0	270056#28	1
3565	0	270056#5	0
3565	0	388631#9	0
3565	0	398835#2	0
3565	0	545633#1	0
3565	0	75859#0	0
3569	0	1456844#2	0
3569	0	2171285#27	0
3569	0	2173585#8	0
3569	0	250775#1	1
3569	0	3854597#20	0
3569	0	4608496#17	0
3569	0	4704052#32	0
3569	0	665881#47	1
3569	0	6806877#4	0
3569	0	9#270	1
3575	0	2219239#0	0
3575	0	228752#1	1
3575	0	228752#11	0
3575	0	228752#13	0
3575	0	228752#3	0
3575	0	228752#4	0
3575	0	228752#48	0
3575	0	228752#60	0
3575	0	228752#7	0
3575	0	2625030#39	0
3575	0	80260#403	0
3580	0	1502127#0	0
3580	0	4034451#0	0
3580	0	443085#10	0
3580	0	53338#0	0
3580	0	53338#111	0
3580	0	53338#15	0
3580	0	53338#41	0
3580	0	53338#48	0
3580	0	53338#65	1
3580	0	53338#68	0
3580	0	53338#72	1
3580	0	53338#73	0
3588	0	109741#0	0
3588	0	1870#30	0
3588	0	2506#0	0
3588	0	2506#1	1
3588	0	2506#34	0
3588	0	322526#1	1
3588	0	322526#2	0
3588	0	322526#86	0
3588	0	3572869#1	0
3588	0	796411#2	0
3611	0	267023#2	0
3611	0	4593579#0	1
3611	0	4593579#2	0
3611	0	4593579#20	0
3611	0	4593579#7	1
3611	0	4593579#8	0
3611	0	4593579#9	0
3611	0	4688604#0	0
3611	0	5622648#1	1
3611	0	6751295#1	0
3627	0	1370233#1	0
3627	0	1370233#17	0
3627	0	148357#0	0
3627	0	148357#12	0
3627	0	1668014#0	0
3627	0	16730#0	1
3627	0	16730#10	0
3627	0	16730#14	0
3627	0	16730#3	0
3627	0	16730#69	0
3629	0	1839572#37	0
3629	0	1944927#1	0
3629	0	1975280#4	0
3629	0	2009374#19	1
3629	0	2009374#46	1
3629	0	2009374#66	0
3629	0	2009374#67	0
3629	0	2651428#4	0
3629	0	34241#38	0
3629	0	766141#8	0
3639	0	1032259#3	0
3639	0	1216#0	1
3639	0	16445#28	0
3639	0	1715707#0	1
3639	0	1988486#1	0
3639	0	4330309#1	0
3639	0	4448895#8	0
3639	0	6025312#2	0
3639	0	6320267#17	0
3639	0	6370608#0	0
3639	0	7668450#7	0
3692	0	1858729#0	1
3692	0	1858729#1	0
3692	0	1858729#3	0
3692	0	1858729#62	0
3692	0	1858729#66	0
3692	0	1858729#68	0
3692	0	1858729#8	0
3692	0	4202943#4	0
3692	0	523578#28	1
3692	0	6757616#5	0
3697	0	2204942#1	0
3697	0	2204942#16	0
3697	0	2204942#2	0
3697	0	2204942#41	1
3697	0	3280611#0	0
3697	0	4664062#26	0
3697	0	55289#7	0
3697	0	615908#0	0
3697	0	638569#21	0
3697	0	7107468#0	0
3697	0	7107468#3	0
3732	0	131291#0	0
3732	0	131291#2	1
3732	0	131291#4	0
3732	0	1701176#2	0
3732	0	2200675#1	0
3732	0	4973962#1	0
3732	0	5458172#2	0
3732	0	618916#1	0
3732	0	6736682#1	0
3732	0	6840458#2	0
374	0	1215969#15	0
374	0	1421807#4	0
374	0	1929159#18	0
374	0	2339814#3	0
374	0	2888156#29	0
374	0	3307539#6	0
374	0	423327#6	0
374	0	542644#7	0
374	0	628461#12	0
374	0	628461#17	0
374	0	628461#2	1
3772	0	1271871#2	1
3772	0	5259984#0	1
3772	0	5259984#1	1
3772	0	5259984#11	0
3772	0	5259984#12	0
3772	0	5259984#20	0
3772	0	5259984#22	0
3772	0	5259984#23	1
3772	0	5259984#24	0
3772	0	5259984#32	1
3784	0	130489#52	1
3784	0	24392#0	1
3784	0	24392#11	0
3784	0	24392#12	0
3784	0	24392#14	0
3784	0	24392#2	0
3784	0	24392#5	0
3784	0	35547#36	1
3784	0	4406288#7	0
3784	0	4779011#1	0
3801	0	1593455#0	1
3801	0	1593455#5	1
3801	0	3235895#3	0
3801	0	3247674#1	0
3801	0	5732575#13	0
3801	0	6639636#3	0
3801	0	6817369#4	0
3801	0	6817369#5	0
3801	0	6817369#6	0
3801	0	68488#0	0
3867	0	18111#10	0
3867	0	36261#0	1
3867	0	36261#10	0
3867	0	36261#24	0
3867	0	36261#34	0
3867	0	36261#35	0
3867	0	36261#41	0
3867	0	36261#86	0
3867	0	4429937#14	1
3867	0	6856585#12	1
388	0	12584#32	0
388	0	130676#1	0
388	0	1395218#2	0
388	0	2047415#0	0
388	0	207072#6	0
388	0	244914#5	1
388	0	720703#1	0
388	0	9489#1	1
388	0	9489#25	1
388	0	9489#34	1
388	0	9489#47	0
388	0	9489#68	0
3912	0	2571#0	1
3912	0	2571#138	0
3912	0	2571#143	0
3912	0	2571#46	0
3912	0	2571#57	0
3912	0	2571#90	0
3912	0	308306#0	0
3912	0	308306#33	0
3912	0	3743602#2	0
3912	0	3743815#5	0
3912	0	3778750#0	0
3938	0	2681152#14	0
3938	0	2701566#7	0
3938	0	2990261#0	0
3938	0	42167#47	0
3938	0	5234551#4	0
3938	0	5378942#67	1
3938	0	630134#1	0
3938	0	6806328#13	0
3938	0	83585#1	1
3938	0	92695#0	0
3938	0	939286#0	0
3957	0	1473542#5	0
3957	0	1690169#8	0
3957	0	1727199#1	0
3957	0	3063426#1	0
3957	0	4061640#18	0
3957	0	6036880#11	1
3957	0	67169#12	0
3957	0	67169#14	0
3957	0	67169#21	0
3957	0	944252#3	0
3960	0	13607#112	0
3960	0	13607#113	0
3960	0	4180688#1	0
3960	0	4180688#2	0
3960	0	4180688#4	0
3960	0	4180688#5	0
3960	0	4180688#7	1
3960	0	4815890#21	0
3960	0	5653475#33	0
3960	0	6085693#3	0
403	0	24738#4	0
403	0	24738#6	0
403	0	4637035#0	1
403	0	4637035#1	0
403	0	4637035#2	0
403	0	4637035#3	0
403	0	4637035#6	0
403	0	4637035#7	0
403	0	4637035#9	0
4076	0	2691135#0	0
4076	0	3555737#0	0
4076	0	3913074#0	0
4076	0	4541761#0	0
4076	0	7157086#0	0
4076	0	739155#0	0
4076	0	77468#0	1
4076	0	77468#11	0
4076	0	77468#8	0
4076	0	82819#0	0
4099	0	1042761#1	0
4099	0	1407509#0	1
4099	0	1407509#11	1
4099	0	1407509#2	1
4099	0	1407509#47	0
4099	0	3363531#0	0
4099	0	3363531#1	0
4099	0	4243036#0	0
4099	0	692516#0	0
4099	0	7026938#0	0
4104	0	2427858#0	0
4104	0	4785686#0	0
4104	0	4785686#13	0
4104	0	5118161#6	0
4104	0	67970#0	0
4104	0	67970#1	1
4104	0	67970#12	0
4104	0	67970#62	1
4104	0	67970#64	1
4104	0	7562310#0	1
4104	0	93065#4	0
4135	0	430331#10	0
4135	0	430331#11	1
4135	0	430331#13	0
4135	0	430331#14	1
4135	0	430331#15	0
4135	0	430331#16	0
4135	0	430331#19	0
4135	0	430331#20	0
4135	0	430331#23	0
4135	0	430331#28	0
4135	0	430331#7	0
4135	0	430331#9	0
4135	0	508737#4	0
4135	0	5800140#3	0
4179	0	12128#2	0
4179	0	151555#6	1
4179	0	23937#27	0
4179	0	23937#3	0
4179	0	4615479#1	0
4179	0	4615479#10	0
4179	0	4615479#34	1
4179	0	4615479#44	0
4179	0	4615479#45	0
4179	0	4615479#56	0
4179	0	55370#120	0
4199	0	170682#0	1
4199	0	170682#1	0
4199	0	170682#18	1
4199	0	170682#2	0
4199	0	170682#21	0
4199	0	170682#29	0
4199	0	170682#3	0
4199	0	170682#33	0
4199	0	170682#8	0
4199	0	182968#13	1
4205	0	3003815#0	1
4205	0	3003815#14	0
4205	0	3003815#23	0
4205	0	3003815#28	0
4205	0	3003815#36	0
4205	0	3003815#57	1
4205	0	3003815#58	0
4205	0	3003815#60	1
4205	0	3003815#61	0
4205	0	3003815#72	0
4213	0	124488#0	0
4213	0	124488#1	1
4213	0	124488#21	1
4213	0	175417#21	1
4213	0	2755727#9	0
4213	0	3508846#0	1
4213	0	3508846#3	1
4213	0	3508846#5	1
4213	0	3508846#9	0
4213	0	3910136#1	1
4213	0	4506738#4	0
4236	0	1261045#1	1
4236	0	1261045#31	0
4236	0	1261045#4	0
4236	0	1261045#40	0
4236	0	1261045#53	0
4236	0	1261045#56	0
4236	0	1325585#40	0
4236	0	1550255#3	1
4236	0	4759763#7	0
4236	0	982138#13	0
4242	0	1228466#0	0
4242	0	2180649#0	0
4242	0	3456231#1	0
4242	0	4953253#0	0
4242	0	5723#0	0
4242	0	5723#1	1
4242	0	6259240#0	0
4242	0	655699#6	0
4242	0	7322982#2	0
4242	0	7334960#3	0
4242	0	7408010#1	0
4247	0	119892#14	1
4247	0	119892#15	1
4247	0	119892#2	1
4247	0	119892#4	0
4247	0	119892#5	0
4247	0	119892#69	0
4247	0	119892#71	0
4247	0	119892#73	0
4247	0	119892#74	1
4247	0	202088#1	0
4250	0	1755445#0	1
4250	0	1755445#13	0
4250	0	1756501#0	1
4250	0	3184504#0	0
4250	0	3802756#0	0
4250	0	4444718#0	0
4250	0	6210616#0	0
4250	0	6806064#2	0
4250	0	715222#1	1
4250	0	72235#5	0
427	0	3603751#0	1
427	0	3603751#1	1
427	0	3603751#104	0
427	0	3603751#106	1
427	0	3603751#107	1
427	0	3603751#109	1
427	0	3603751#122	0
427	0	3603751#54	1
427	0	3603751#66	0
427	0	3788190#94	1
427	0	4874471#8	1
4280	0	165571#35	1
4280	0	1884#3	1
4280	0	320576#12	1
4280	0	3314438#1	1
4280	0	6705779#0	1
4280	0	9061#0	1
4280	0	9061#24	1
4280	0	9061#33	0
4280	0	9061#35	1
4280	0	9061#67	1
4280	0	9061#84	1
4295	0	1057890#10	0
4295	0	1653613#2	0
4295	0	2103188#0	0
4295	0	2427080#5	0
4295	0	245654#0	1
4295	0	3491361#39	0
4295	0	36668#1	0
4295	0	4227664#4	0
4295	0	4735955#0	0
4295	0	5997780#4	0
4305	0	1249329#27	1
4305	0	1249329#32	1
4305	0	1249329#34	0
4305	0	13607#1	1
4305	0	3649918#1	0
4305	0	3934559#22	1
4305	0	3934559#36	0
4305	0	4783651#2	0
4305	0	5728525#6	0
4305	0	63134#8	0
4305	0	730368#0	1
4319	0	1395046#5	1
4319	0	1396260#2	0
4319	0	245276#0	0
4319	0	2939966#0	0
4319	0	34614#0	1
4319	0	4110098#0	0
4319	0	5934955#0	0
4319	0	6931001#0	0
4319	0	6931001#1	0
4319	0	6963116#1	0
4321	0	134345#1	1
4321	0	1909424#4	0
4321	0	237804#2	0
4321	0	237804#4	1
4321	0	308219#63	0
4321	0	3264011#7	0
4321	0	63606#13	0
4321	0	63606#6	1
4321	0	7080754#0	0
4321	0	94341#31	1
4323	0	1885617#3	0
4323	0	392643#14	0
4323	0	4162891#15	0
4323	0	4265171#6	0
4323	0	54349#0	0
4323	0	54349#1	1
4323	0	54349#51	0
4323	0	54349#75	0
4323	0	54349#84	0
4323	0	72671#6	0
4338	0	184277#0	0
4338	0	184277#15	0
4338	0	184277#59	0
4338	0	184277#60	1
4338	0	184277#61	0
4338	0	184277#62	0
4338	0	184277#71	0
4338	0	184277#72	0
4338	0	184277#76	0
4338	0	806868#10	0
4349	0	123440#7	0
4349	0	24946#0	1
4349	0	24946#1	0
4349	0	24946#4	1
4349	0	4010961#16	0
4349	0	4221112#3	1
4349	0	452834#6	0
4349	0	5055143#42	0
4349	0	5787401#2	1
4349	0	7200523#19	0
4349	0	82191#21	0
4353	0	1994727#1	0
4353	0	2668751#1	0
4353	0	279566#19	1
4353	0	279858#3	0
4353	0	3034738#2	0
4353	0	3340567#3	0
4353	0	382093#1	1
4353	0	382093#2	1
4353	0	382093#32	1
4353	0	382093#33	0
4353	0	4095247#1	0
439	0	1280428#0	1
439	0	1481168#3	0
439	0	2812431#4	0
439	0	362204#1	0
439	0	4145396#2	0
439	0	6316785#0	0
439	0	6328921#6	1
439	0	70626#0	0
439	0	70626#33	0
439	0	70626#41	1
439	0	70626#6	0
4403	0	108207#9	0
4403	0	1322633#44	0
4403	0	212785#1	0
4403	0	3334099#0	0
4403	0	3334099#3	0
4403	0	3786645#0	0
4403	0	5723151#9	0
4403	0	6315817#0	0
4403	0	9773#10	1
4403	0	9773#50	1
4410	0	1353823#0	1
4410	0	1358659#0	0
4410	0	1600964#8	0
4410	0	3122345#1	0
4410	0	5938345#1	1
4410	0	5938345#17	0
4410	0	668234#0	1
4410	0	808708#0	0
4410	0	808708#6	0
4410	0	982017#0	1
4416	0	205292#18	0
4416	0	54700#0	1
4416	0	54700#19	0
4416	0	54700#2	0
4416	0	54700#20	1
4416	0	54700#21	0
4416	0	54700#3	0
4416	0	54700#4	1
4416	0	54700#7	1
4416	0	6537687#0	0
4428	0	1095699#1	1
4428	0	1095699#34	1
4428	0	1095699#37	1
4428	0	1095699#38	1
4428	0	1095699#41	1
4428	0	1095699#43	1
4428	0	6248942#15	1
4428	0	6385475#3	1
4428	0	6385475#30	1
4428	0	6653921#1	1
4431	0	2635738#3	0
4431	0	2639035#0	1
4431	0	2639035#1	1
4431	0	2639035#23	0
4431	0	2639035#32	0
4431	0	2639035#48	0
4431	0	2639035#49	0
4431	0	2639035#53	0
4431	0	2639035#60	0
4431	0	2639035#63	0
4431	0	54022#47	0
4478	0	14614#13	0
4478	0	1839487#0	0
4478	0	1839487#7	0
4478	0	2204942#46	0
4478	0	3020651#35	0
4478	0	3042983#0	0
4478	0	3864148#14	0
4478	0	5470441#2	0
4478	0	6068526#0	0
4478	0	6924051#2	1
4478	0	6929195#0	0
4526	0	1609728#2	1
4526	0	1609728#3	0
4526	0	1609728#6	0
4526	0	2447562#1	1
4526	0	2447562#2	0
4526	0	2447562#3	0
4526	0	2447562#8	0
4526	0	700140#3	0
4526	0	700140#5	0
4526	0	7253116#2	0
453	0	197507#20	0
453	0	199393#4	1
453	0	199393#6	0
453	0	2598362#29	0
453	0	42739#1	0
453	0	42739#14	0
453	0	42739#23	0
453	0	714816#4	0
453	0	724476#4	0
453	0	777459#21	0
4545	0	1159339#1	0
4545	0	2564033#12	0
4545	0	2571811#1	0
4545	0	311797#1	0
4545	0	3525829#1	0
4545	0	3868436#1	1
4545	0	4196913#1	0
4545	0	4203245#1	0
4545	0	5499115#1	0
4545	0	7212190#1	0
4557	0	1729734#0	0
4557	0	232180#5	0
4557	0	2527433#1	0
4557	0	347872#0	1
4557	0	347872#3	0
4557	0	39302#0	0
4557	0	458081#1	1
4557	0	60761#6	0
4557	0	6440667#1	0
4557	0	903729#0	0
4676	0	118725#6	0
4676	0	195655#23	0
4676	0	2579899#1	0
4676	0	2579899#2	1
4676	0	2579899#3	0
4676	0	3616877#1	0
4676	0	3616877#2	0
4676	0	3616877#3	0
4676	0	592330#16	1
4676	0	7341607#3	0
4682	0	1147223#61	1
4682	0	16706#62	1
4682	0	2080302#0	0
4682	0	2163444#6	1
4682	0	2779567#3	1
4682	0	39665#0	1
4682	0	4355214#0	1
4682	0	4355214#3	1
4682	0	5897168#1	0
4682	0	7554411#0	0
4682	0	7713263#5	0
4688	0	1426607#11	0
4688	0	1654370#54	0
4688	0	173567#0	0
4688	0	173567#26	0
4688	0	173567#30	1
4688	0	173567#8	0
4688	0	2441935#5	0
4688	0	3536591#11	0
4688	0	7546550#13	0
4688	0	7583519#3	0
4714	0	1017133#13	0
4714	0	1924009#4	0
4714	0	2950586#11	0
4714	0	3703423#2	0
4714	0	4066366#53	0
4714	0	4989621#4	0
4714	0	5139262#9	0
4714	0	5173904#6	0
4714	0	53598#104	0
4714	0	757655#0	0
4714	0	757655#4	1
4731	0	121692#0	1
4731	0	121692#106	1
4731	0	121692#3	0
4731	0	121692#4	0
4731	0	121692#6	0
4731	0	121692#69	0
4731	0	24591#114	1
4731	0	2690936#1	1
4731	0	5341048#30	0
4731	0	609755#0	0
4756	0	116661#0	0
4756	0	116661#2	1
4756	0	116661#5	1
4756	0	3429858#0	0
4756	0	3429861#0	0
4756	0	6345799#0	0
4756	0	6354605#0	0
4756	0	6354605#1	1
4756	0	6354605#11	0
4756	0	6354605#2	1
4804	0	1339306#0	0
4804	0	5022607#0	1
4804	0	5022607#1	0
4804	0	5022607#14	0
4804	0	5022607#21	0
4804	0	5022607#23	0
4804	0	5022607#32	0
4804	0	5022607#35	0
4804	0	5022607#4	0
4804	0	5022607#41	0
4905	0	1400302#22	0
4905	0	1400302#3	0
4905	0	1400302#48	0
4905	0	14856#19	0
4905	0	172968#13	0
4905	0	172968#14	0
4905	0	347872#35	0
4905	0	3640500#17	0
4905	0	550878#17	0
4905	0	5902997#41	1
4905	0	7608382#17	0
4905	0	912684#34	0
4919	0	1136065#18	1
4919	0	1136065#27	1
4919	0	1497576#5	1
4919	0	1598494#4	0
4919	0	1598494#7	1
4919	0	614109#1	0
4919	0	614109#2	1
4919	0	614109#36	1
4919	0	798476#57	1
4919	0	878820#1	1
4938	0	1585402#0	0
4938	0	4314794#4	1
4938	0	4756217#0	1
4938	0	4756217#2	0
4938	0	4756217#35	0
4938	0	4756217#5	0
4938	0	4756217#66	0
4938	0	6667741#0	1
4938	0	7743776#1	1
4938	0	807927#19	0
4942	0	53598#0	1
4942	0	53598#17	0
4942	0	53598#19	0
4942	0	53598#28	0
4942	0	53598#29	0
4942	0	53598#40	0
4942	0	53598#55	0
4942	0	53598#58	0
4942	0	53598#73	0
4942	0	53598#95	0
4957	0	1270944#0	0
4957	0	1274511#4	0
4957	0	154367#12	0
4957	0	170323#0	0
4957	0	1874343#7	0
4957	0	27123#2	1
4957	0	3196359#35	0
4957	0	3453549#1	0
4957	0	50784#4	0
4957	0	5228508#1	0
4957	0	5314473#3	0
4974	0	12291#2	0
4974	0	131930#37	0
4974	0	1461#148	1
4974	0	1461#36	0
4974	0	3061075#13	0
4974	0	3061075#3	0
4974	0	3061075#5	0
4974	0	35615#82	0
4974	0	4068858#4	0
4974	0	741#2	1
4974	0	741#3	0
4987	0	2133547#0	1
4987	0	2133547#13	0
4987	0	2133547#18	0
4987	0	2133547#19	0
4987	0	2133547#2	0
4987	0	2133547#3	0
4987	0	2133547#4	0
4987	0	2133547#5	1
4987	0	2133547#53	0
4987	0	2133547#63	0
5	0	1782798#2	0
5	0	21988#2	0
5	0	26750#59	0
5	0	27026#2	0
5	0	311359#3	1
5	0	311359#5	1
5	0	311359#9	0
5	0	3174823#1	0
5	0	5704593#1	0
5	0	6740277#3	0
5	0	94341#20	0
5039	0	1288722#6	0
5039	0	162200#13	0
5039	0	1687813#87	0
5039	0	1687813#89	0
5039	0	2798088#4	0
5039	0	3227050#38	0
5039	0	324753#2	0
5039	0	492625#3	1
5039	0	492625#30	0
5039	0	7736087#6	0
5108	0	10879#12	0
5108	0	22194#14	0
5108	0	22194#15	0
5108	0	22194#16	0
5108	0	22194#17	0
5108	0	22194#30	0
5108	0	22194#31	0
5108	0	22194#8	1
5108	0	282680#7	0
5108	0	282680#9	0
5108	0	5005059#3	0
5110	0	1268452#4	0
5110	0	1296121#2	0
5110	0	1338316#3	1
5110	0	1338316#4	0
5110	0	17828#2	0
5110	0	2038165#4	0
5110	0	3222888#18	0
5110	0	4272466#2	0
5110	0	4969548#8	0
5110	0	9012#2	0
5158	0	10563#6	0
5158	0	1058806#4	0
5158	0	2293449#20	1
5158	0	2397362#27	1
5158	0	259376#2	0
5158	0	2595358#3	0
5158	0	3780704#1	1
5158	0	40735#2	1
5158	0	4403823#4	0
5158	0	822184#2	1
5163	0	1886295#10	0
5163	0	2753013#36	1
5163	0	7485025#120	0
5163	0	7551336#1	0
5163	0	7551336#103	0
5163	0	7551336#12	0
5163	0	7551336#2	0
5163	0	7551336#25	0
5163	0	7551336#3	0
5163	0	7551336#44	1
5163	0	7551336#51	1
5163	0	7551336#7	0
5163	0	7551336#96	0
518	0	1530589#2	0
518	0	2414933#6	0
518	0	2952166#3	0
518	0	3214507#7	0
518	0	4042376#23	0
518	0	577915#25	0
518	0	577915#29	0
518	0	577915#33	0
518	0	577915#4	1
518	0	578202#5	0
518	0	6481821#4	0
523	0	1035695#7	0
523	0	111393#33	0
523	0	3276324#2	0
523	0	3525175#9	0
523	0	500970#21	0
523	0	5789097#13	0
523	0	653234#0	1
523	0	653234#18	0
523	0	653234#4	0
523	0	653234#6	0
5235	0	107476#7	0
5235	0	118311#6	0
5235	0	12669#34	1
5235	0	1395752#4	0
5235	0	25506#11	1
5235	0	4354883#1	0
5235	0	4841444#5	0
5235	0	4852061#14	0
5235	0	623881#2	0
5235	0	832700#1	0
5237	0	158138#0	1
5237	0	158138#43	1
5237	0	158138#44	1
5237	0	158138#45	1
5237	0	1969761#3	0
5237	0	262595#4	0
5237	0	347366#2	0
5237	0	3508758#4	0
5237	0	4673074#10	0
5237	0	756133#4	0
5243	0	1103990#1	1
5243	0	1103990#2	0
5243	0	136628#3	0
5243	0	1912356#11	0
5243	0	206211#0	1
5243	0	206211#22	0
5243	0	206211#26	0
5243	0	3239538#6	0
5243	0	4668248#11	0
5243	0	5239868#50	1
5248	0	1289593#2	0
5248	0	1691743#1	0
5248	0	2187862#0	0
5248	0	2726108#7	0
5248	0	3155762#13	0
5248	0	4134135#17	0
5248	0	4134135#2	1
5248	0	4139926#0	0
5248	0	4139926#3	0
5248	0	43674#193	0
5250	0	3947587#1	1
5250	0	3947587#4	1
5250	0	6393754#2	0
5250	0	6393754#4	0
5250	0	784586#0	0
5250	0	784586#21	0
5250	0	784586#25	1
5250	0	784586#36	0
5250	0	784586#5	0
5250	0	785297#1	0
5250	0	799435#0	0
5256	0	1589495#3	0
5256	0	1830796#6	1
5256	0	2227294#3	0
5256	0	2318084#4	0
5256	0	35130#83	0
5256	0	3908312#2	0
5256	0	4225680#6	0
5256	0	542107#0	1
5256	0	542107#78	1
5256	0	6851422#28	0
5256	0	6912633#3	0
5291	0	22524#2	1
5291	0	22524#23	1
5291	0	22524#36	0
5291	0	22524#45	0
5291	0	3078862#3	1
5291	0	3078862#32	0
5291	0	3078862#5	1
5291	0	3078862#58	0
5291	0	3078862#9	1
5291	0	6550887#0	0
530	0	1084#0	0
530	0	1084#2	0
530	0	1084#22	0
530	0	1084#28	0
530	0	21404#0	0
530	0	21404#15	1
530	0	2914989#2	0
530	0	63513#0	0
530	0	742271#0	0
530	0	742271#10	0
530	0	7515198#0	0
5302	0	1093494#27	0
5302	0	13541#14	1
5302	0	13541#2	1
5302	0	13541#7	0
5302	0	1936381#34	0
5302	0	271045#4	0
5302	0	3822109#1	0
5302	0	3822109#4	0
5302	0	4029#0	0
5302	0	4248108#1	0
5302	0	942877#5	0
5345	0	526947#0	0
5345	0	526947#162	0
5345	0	526947#170	0
5345	0	526947#172	0
5345	0	526947#173	0
5345	0	526947#28	0
5345	0	526947#35	0
5345	0	526947#50	0
5345	0	526947#6	1
5345	0	526947#70	0
537	0	1416550#1	0
537	0	2125420#42	1
537	0	2163765#0	1
537	0	257458#0	1
537	0	257458#26	0
537	0	257458#33	1
537	0	257458#45	0
537	0	257458#46	0
537	0	2978766#1	0
537	0	71#31	0
537	0	71#39	1
537	0	71#49	0
5382	0	163565#1	0
5382	0	1717490#1	0
5382	0	3182401#5	0
5382	0	3703526#1	0
5382	0	508879#0	1
5382	0	508879#1	1
5382	0	5112299#1	0
5382	0	6747961#0	0
5382	0	6747961#1	0
5382	0	6821667#1	0
5429	0	1411#16	1
5429	0	1411#18	0
5429	0	1411#8	0
5429	0	1411#9	1
5429	0	2162676#6	0
5429	0	317437#1	0
5429	0	4168845#3	0
5429	0	4168870#4	0
5429	0	614049#5	0
5429	0	7397546#6	0
5494	0	1688322#8	0
5494	0	7759809#10	0
5494	0	7759809#12	0
5494	0	7759809#21	1
5494	0	7759809#25	0
5494	0	7759809#27	0
5494	0	7759809#32	0
5494	0	7759809#36	0
5494	0	7759809#46	0
5494	0	7759809#48	0
5518	0	1376004#1	0
5518	0	240208#1	0
5518	0	4871624#1	0
5518	0	4939601#1	0
5518	0	5881383#1	0
5518	0	7012712#1	0
5518	0	7147676#0	0
5518	0	94320#0	1
5518	0	94320#1	0
5518	0	94320#8	0
5550	0	1498447#1	0
5550	0	15444#6	0
5550	0	23071#0	0
5550	0	2851704#10	1
5550	0	2851704#33	0
5550	0	2851704#6	0
5550	0	4157458#0	0
5550	0	4164187#0	0
5550	0	688412#2	0
5550	0	9068#4	0
5554	0	1065146#11	1
5554	0	1125929#0	1
5554	0	1125929#13	1
5554	0	1125929#14	1
5554	0	1125929#24	1
5554	0	1125929#25	1
5554	0	1125929#30	1
5554	0	1125929#37	1
5554	0	1132#1	1
5554	0	2339084#0	1
5583	0	139728#0	0
5583	0	1655665#11	0
5583	0	298534#0	1
5583	0	298534#5	1
5583	0	2988427#0	0
5583	0	356342#0	1
5583	0	394602#1	0
5583	0	4417434#2	0
5583	0	7304726#12	0
5583	0	7490796#1	0
559	0	11377#0	1
559	0	11377#3	0
559	0	11377#38	0
559	0	1301839#18	0
559	0	1790389#40	0
559	0	21489#3	0
559	0	35547#0	0
559	0	35547#1	0
559	0	5079428#16	0
559	0	5153252#9	0
559	0	5671821#8	0
5594	0	1342387#2	0
5594	0	1342387#7	0
5594	0	59606#0	1
5594	0	59606#100	0
5594	0	59606#27	0
5594	0	59606#61	0
5594	0	599435#1	0
5594	0	6305342#2	0
5594	0	636900#0	0
5594	0	7618353#3	0
5594	0	797190#0	0
5654	0	3189#2	1
5654	0	3189#3	0
5654	0	3189#4	0
5654	0	3189#6	1
5654	0	5614825#1	1
5654	0	6504925#24	0
5654	0	6504925#41	0
5654	0	6504925#51	0
5654	0	6504925#65	0
5654	0	6504925#8	0
5654	0	6620237#8	0
5679	0	134978#1	1
5679	0	134978#12	1
5679	0	261457#51	1
5679	0	263587#2	1
5679	0	263587#26	0
5679	0	263587#29	1
5679	0	35157#13	1
5679	0	45625#125	0
5679	0	4842882#174	1
5679	0	554292#1	1
5691	0	2201795#0	0
5691	0	3580953#0	0
5691	0	375025#0	1
5691	0	375025#12	0
5691	0	375025#15	0
5691	0	375025#16	0
5691	0	375025#20	0
5691	0	375025#24	0
5691	0	375025#5	0
5691	0	4103896#0	0
5763	0	1674652#6	1
5763	0	1674652#7	0
5763	0	234545#5	0
5763	0	2632249#1	0
5763	0	2693#4	1
5763	0	2693#7	0
5763	0	4456#2	0
5763	0	4456#3	0
5763	0	5717456#3	0
5763	0	86679#5	0
5764	0	14373#1	0
5764	0	14373#105	0
5764	0	14373#142	0
5764	0	14373#38	0
5764	0	14373#5	1
5764	0	14373#50	1
5764	0	3436593#2	0
5764	0	3490362#0	0
5764	0	4368849#0	0
5764	0	6876367#2	0
5771	0	1264753#19	1
5771	0	4035143#1	1
5771	0	4035143#16	0
5771	0	4035143#8	1
5771	0	6425585#3	0
5771	0	92143#1	0
5771	0	92143#10	1
5771	0	92143#11	1
5771	0	92143#35	1
5771	0	92143#6	0
5803	0	1416103#1	0
5803	0	4301323#0	0
5803	0	4301323#2	0
5803	0	5609100#0	1
5803	0	5609100#16	0
5803	0	5609100#27	0
5803	0	5609100#5	1
5803	0	5609100#6	1
5803	0	5609100#8	1
5803	0	6275516#2	0
5803	0	6742954#2	0
5833	0	2692040#0	0
5833	0	2692040#105	0
5833	0	2692040#107	0
5833	0	2692040#2	0
5833	0	2692040#23	0
5833	0	2692040#24	0
5833	0	2692040#25	0
5833	0	2692040#27	0
5833	0	2692040#3	0
5833	0	2692040#5	0
5833	0	2692040#7	1
5857	0	1314882#0	0
5857	0	1324527#0	0
5857	0	1334955#0	0
5857	0	146614#6	1
5857	0	158301#1	0
5857	0	158362#6	0
5857	0	158389#12	0
5857	0	159537#14	0
5857	0	32459#47	0
5857	0	4828736#0	0
5857	0	50100#33	0
5865	0	1111069#3	0
5865	0	1126968#2	1
5865	0	1133944#0	0
5865	0	830207#0	0
5865	0	830207#2	0
5865	0	830207#31	0
5865	0	85619#0	0
5865	0	85619#11	1
5865	0	85619#2	0
5865	0	85619#26	0
5865	0	85619#3	1
59	0	2388883#0	1
59	0	2389311#6	1
59	0	2389371#9	1
59	0	3934486#1	0
59	0	3935902#3	0
59	0	4424609#4	1
59	0	4547106#6	1
59	0	6859880#7	1
59	0	6866009#4	1
59	0	6866020#4	1
59	0	94303#8	1
5915	0	204926#0	0
5915	0	204926#14	1
5915	0	204926#147	0
5915	0	204926#162	0
5915	0	204926#180	0
5915	0	204926#25	0
5915	0	204926#95	0
5915	0	204926#97	0
5915	0	2315311#0	0
5915	0	2315311#6	0
5915	0	3681107#1	0
5917	0	1887207#1	0
5917	0	248474#2	0
5917	0	2867676#138	1
5917	0	2867676#143	0
5917	0	72620#0	1
5917	0	84963#40	0
5917	0	94839#0	1
5917	0	94839#3	1
5917	0	94839#7	0
5917	0	94839#8	0
5917	0	94839#9	0
5958	0	139498#52	1
5958	0	2122419#0	0
5958	0	2122419#1	1
5958	0	377677#10	1
5958	0	38#11	1
5958	0	4110038#0	0
5958	0	58869#4	0
5958	0	7026727#2	0
5958	0	934048#30	1
5958	0	955635#1	1
6002	0	14856#0	1
6002	0	14856#16	0
6002	0	14856#17	0
6002	0	14856#20	0
6002	0	15325#122	0
6002	0	2354169#0	0
6002	0	2582705#17	0
6002	0	3282317#0	0
6002	0	347872#37	0
6002	0	3576501#4	0
6002	0	7470559#37	0
6015	0	1749946#0	0
6015	0	1749946#8	0
6015	0	23090#0	0
6015	0	4021361#0	0
6015	0	6759748#2	0
6015	0	90317#0	0
6015	0	90317#13	0
6015	0	90317#2	0
6015	0	90317#6	1
6015	0	90317#7	0
6026	0	134247#24	0
6026	0	134272#10	0
6026	0	1727946#0	0
6026	0	1727946#1	0
6026	0	383689#2	0
6026	0	383689#4	1
6026	0	4031606#13	1
6026	0	4811595#0	0
6026	0	751670#5	1
6026	0	772131#7	1
6038	0	2051822#0	1
6038	0	3940816#0	0
6038	0	4117412#8	0
6038	0	4793410#0	0
6038	0	4793410#1	0
6038	0	4793410#4	0
6038	0	5215225#21	0
6038	0	610055#29	0
6038	0	715391#1	0
6038	0	7324561#8	0
6054	0	1014282#18	0
6054	0	1014282#22	1
6054	0	1014282#28	0
6054	0	1014282#30	0
6054	0	1014282#35	0
6054	0	1014282#46	0
6054	0	1014282#6	1
6054	0	1317552#27	1
6054	0	3990337#28	0
6054	0	4316852#1	0
6085	0	11542#0	1
6085	0	11542#1	1
6085	0	1229626#0	0
6085	0	1259229#31	1
6085	0	1492424#4	0
6085	0	208294#0	0
6085	0	2349692#43	1
6085	0	370709#1	0
6085	0	82256#3	1
6085	0	82257#1	1
6103	0	15862#58	0
6103	0	18463#20	1
6103	0	2078926#16	0
6103	0	2078926#20	0
6103	0	2078926#22	0
6103	0	2747722#1	0
6103	0	340840#7	0
6103	0	4977312#6	0
6103	0	5408536#9	0
6103	0	7067839#1	0
6103	0	7384249#0	0
611	0	1149601#12	0
611	0	2393961#11	0
611	0	2756#9	0
611	0	2850233#3	0
611	0	3268626#0	0
611	0	3268626#3	1
611	0	3268626#9	0
611	0	4802298#9	0
611	0	6508828#5	0
611	0	7682747#7	0
611	0	884761#8	0
6115	0	1666044#1	1
6115	0	1904173#1	1
6115	0	2852858#0	0
6115	0	2859014#0	0
6115	0	3751362#0	0
6115	0	4174138#1	0
6115	0	57940#7	0
6115	0	7314461#1	0
6115	0	87435#5	1
6115	0	87435#7	0
613	0	4426813#0	0
613	0	4457565#3	0
613	0	4796363#2	0
613	0	885051#0	1
613	0	885051#17	1
613	0	885051#20	0
613	0	885051#34	0
613	0	885051#56	1
613	0	885051#64	1
613	0	885051#66	0
6135	0	6016505#0	0
6135	0	6016505#15	0
6135	0	6016505#17	0
6135	0	6016505#19	0
6135	0	6016505#2	1
6135	0	6016505#28	0
6135	0	6016505#3	0
6135	0	6016505#34	0
6135	0	6016505#39	0
6135	0	6016505#9	0
6143	0	1050787#0	0
6143	0	109715#15	1
6143	0	109849#0	0
6143	0	109873#0	1
6143	0	109873#17	0
6143	0	109980#0	0
6143	0	144311#7	0
6143	0	185501#0	1
6143	0	738659#1	0
6143	0	872798#0	0
6143	0	872798#4	0
6167	0	278118#0	0
6167	0	2856094#0	0
6167	0	2856094#18	1
6167	0	2856094#19	0
6167	0	2856094#21	0
6167	0	2856094#27	0
6167	0	2856094#30	0
6167	0	2856094#43	0
6167	0	7066971#0	0
6167	0	870#2	0
619	0	1792204#6	0
619	0	1792204#8	0
619	0	193215#2	0
619	0	193215#3	0
619	0	34406#18	1
619	0	34406#49	0
619	0	4962392#131	0
619	0	5135711#3	0
619	0	5958944#27	0
619	0	81456#10	0
6227	0	1759681#0	1
6227	0	2635102#0	1
6227	0	3408102#1	0
6227	0	3412592#36	0
6227	0	3412592#4	0
6227	0	3420936#0	1
6227	0	4371090#0	0
6227	0	558286#71	0
6227	0	558286#73	1
6227	0	6215274#2	0
624	0	6520308#2	0
624	0	81489#0	1
624	0	81489#1	0
624	0	81489#13	0
624	0	81489#15	1
624	0	81489#16	0
624	0	81489#18	0
624	0	81489#2	0
624	0	81489#4	0
624	0	81489#6	0
626	0	145464#9	1
626	0	1480361#7	0
626	0	230457#32	0
626	0	230457#44	0
626	0	2853580#2	0
626	0	357209#0	1
626	0	3639035#24	0
626	0	4189176#4	0
626	0	4761260#17	0
626	0	5370400#6	1
63	0	1661503#3	0
63	0	179562#0	0
63	0	179562#16	0
63	0	179562#18	1
63	0	179562#3	0
63	0	179562#45	0
63	0	179562#47	0
63	0	179562#52	0
63	0	627890#4	0
63	0	685089#2	0
6351	0	1461940#9	0
6351	0	1553846#5	0
6351	0	2389992#0	1
6351	0	2389992#1	0
6351	0	2478561#16	0
6351	0	4825476#3	0
6351	0	6294652#7	0
6351	0	6789150#2	0
6351	0	6832599#3	0
6351	0	6854632#0	0
6374	0	2302053#1	0
6374	0	2697486#0	0
6374	0	2697486#2	1
6374	0	2697486#4	0
6374	0	2697486#42	0
6374	0	30667#26	0
6374	0	5615460#1	0
6374	0	6901160#24	0
6374	0	6910271#2	0
6374	0	7478136#1	0
6374	0	7742542#1	0
6383	0	1396433#10	1
6383	0	1396433#11	1
6383	0	1396448#8	1
6383	0	1400285#4	0
6383	0	259129#6	0
6383	0	2767#2	0
6383	0	2797#40	1
6383	0	2797#41	1
6383	0	4575902#7	0
6383	0	72402#4	0
6429	0	1794231#16	0
6429	0	1827378#0	0
6429	0	1948456#0	1
6429	0	1948456#3	1
6429	0	2881927#0	0
6429	0	3276683#1	0
6429	0	4621252#3	0
6429	0	556497#0	0
6429	0	6918326#1	0
6429	0	7032145#3	0
6437	0	108362#74	0
6437	0	168205#9	0
6437	0	1905013#9	0
6437	0	2141564#104	0
6437	0	2164859#15	1
6437	0	291141#2	0
6437	0	3742070#2	1
6437	0	5962165#11	0
6437	0	85202#40	0
6437	0	85202#6	0
6445	0	101063#26	1
6445	0	3348833#3	1
6445	0	3355192#7	1
6445	0	33711#107	0
6445	0	33711#128	0
6445	0	33711#213	0
6445	0	33711#92	1
6445	0	33711#96	0
6445	0	4577595#2	1
6445	0	5850973#18	0
6445	0	869501#16	0
6447	0	20361#33	1
6447	0	20361#38	0
6447	0	2818474#0	1
6447	0	2818474#132	0
6447	0	2818474#16	0
6447	0	2818474#187	0
6447	0	2818474#189	0
6447	0	2818474#195	0
6447	0	2818474#7	0
6447	0	2818474#80	0
6452	0	158415#0	0
6452	0	159531#0	1
6452	0	159531#10	0
6452	0	159537#0	0
6452	0	2409288#0	1
6452	0	3932698#0	1
6452	0	3952272#0	1
6452	0	4023623#0	1
6452	0	4025107#0	1
6452	0	50100#0	0
6452	0	6504264#0	1
648	0	2013693#5	0
648	0	2338451#10	0
648	0	322633#5	1
648	0	322633#8	0
648	0	4705331#15	1
648	0	6089057#22	0
648	0	626210#3	0
648	0	7239553#11	0
648	0	7239553#12	0
648	0	90274#2	0
6508	0	1342611#0	0
6508	0	1346986#0	1
6508	0	1504275#0	0
6508	0	1672512#0	0
6508	0	2866258#12	0
6508	0	5219554#178	1
6508	0	706591#0	1
6508	0	738538#0	1
6508	0	871798#5	0
6508	0	944933#4	0
6508	0	987180#0	0
6522	0	1083#1	1
6522	0	1083#149	1
6522	0	1083#18	1
6522	0	1300346#5	0
6522	0	155088#25	0
6522	0	1741241#2	0
6522	0	2046142#0	0
6522	0	2261554#0	0
6522	0	4211959#2	0
6522	0	4290915#0	0
6522	0	4435240#1	0
6522	0	4853733#7	0
6522	0	684242#10	0
6530	0	2283409#1	0
6530	0	233230#1	0
6530	0	2341977#19	0
6530	0	398948#4	0
6530	0	5205318#9	1
6530	0	5932583#2	1
6530	0	61694#47	0
6530	0	61694#5	0
6530	0	6271794#2	1
6530	0	7439538#4	1
6530	0	883175#2	0
6531	0	1328753#0	0
6531	0	1654309#0	0
6531	0	2583188#0	0
6531	0	2655006#0	0
6531	0	33277#1	0
6531	0	35543#0	0
6531	0	35547#0	1
6531	0	5241554#22	0
6531	0	643104#2	0
6531	0	98060#0	0
661	0	196937#0	0
661	0	196937#1	1
661	0	196937#10	1
661	0	196937#5	0
661	0	201126#5	1
661	0	246965#3	0
661	0	261457#11	1
661	0	261457#9	0
661	0	276140#5	0
661	0	3200403#3	0
6642	0	157720#17	0
6642	0	157720#6	1
6642	0	157720#8	0
6642	0	157720#9	0
6642	0	1708878#4	0
6642	0	3035732#22	0
6642	0	431859#4	0
6642	0	4840067#4	0
6642	0	4913343#3	0
6642	0	575244#2	0
6642	0	594301#16	0
6653	0	2125553#1	0
6653	0	2550773#0	0
6653	0	2550773#1	1
6653	0	2550773#2	0
6653	0	2550773#7	0
6653	0	3617356#15	0
6653	0	4654068#8	0
6653	0	6935211#0	0
6653	0	6935211#2	0
6653	0	6997673#7	0
6658	0	108362#41	0
6658	0	21837#0	1
6658	0	21837#13	0
6658	0	21837#15	0
6658	0	21837#24	0
6658	0	21837#5	1
6658	0	21837#9	0
6658	0	259818#1	0
6658	0	262844#2	0
6658	0	262844#33	0
6658	0	262844#38	0
666	0	1123707#11	0
666	0	1989966#356	0
666	0	2455673#1	0
666	0	3122624#0	0
666	0	3122624#2	1
666	0	3122624#37	0
666	0	3122624#48	0
666	0	3638016#16	0
666	0	4441000#66	0
666	0	7387865#2	0
6687	0	1278925#0	0
6687	0	1278925#27	0
6687	0	1278925#3	1
6687	0	1278925#39	0
6687	0	1278925#4	0
6687	0	1278925#45	0
6687	0	1278925#47	0
6687	0	1278925#5	0
6687	0	1278925#60	1
6687	0	1278925#8	1
6692	0	1014392#0	0
6692	0	1392011#11	1
6692	0	2100548#29	0
6692	0	2100548#50	0
6692	0	2400070#10	0
6692	0	288594#0	1
6692	0	288594#132	0
6692	0	3501520#5	0
6692	0	3793831#20	0
6692	0	6347679#2	0
6692	0	7100735#0	0
67	0	2234949#2	0
67	0	2272711#0	0
67	0	2272711#1	0
67	0	2291352#0	0
67	0	2293934#0	0
67	0	2482996#0	1
67	0	2936941#10	0
67	0	4425851#0	0
67	0	4913821#6	0
67	0	6550420#5	0
671	0	23143#0	1
671	0	23143#12	1
671	0	3050491#1	0
671	0	3082433#1	0
671	0	3140079#1	1
671	0	3140079#4	1
671	0	4337826#1	0
671	0	4778#18	0
671	0	4778#19	0
671	0	4778#217	1
671	0	5147246#0	0
6710	0	1263661#2	0
6710	0	1550792#11	0
6710	0	1550792#5	1
6710	0	1570985#4	0
6710	0	2243827#2	0
6710	0	2530805#6	0
6710	0	273549#13	0
6710	0	403987#21	0
6710	0	403987#3	0
6710	0	915590#27	0
6710	0	938241#4	0
741	0	1606948#3	0
741	0	21206#43	0
741	0	3072750#20	0
741	0	3215084#3	0
741	0	3255762#22	0
741	0	5196391#6	0
741	0	5927466#28	1
741	0	6211466#10	1
741	0	6211466#34	1
741	0	6211466#37	1
741	0	6211466#9	0
77	0	113570#5	0
77	0	222906#0	1
77	0	222906#15	0
77	0	222906#2	1
77	0	222906#24	0
77	0	222906#3	0
77	0	222906#36	0
77	0	222906#67	0
77	0	222906#72	0
77	0	6205289#3	0
778	0	194239#91	1
778	0	3708285#5	1
778	0	373730#0	1
778	0	373730#8	0
778	0	4834469#11	0
778	0	5244374#0	0
778	0	5244374#18	0
778	0	5244374#23	0
778	0	5244374#5	0
778	0	6540648#2	0
78	0	3506411#1	0
78	0	4075413#5	0
78	0	5077493#1	0
78	0	85294#0	1
78	0	85294#13	0
78	0	85294#17	0
78	0	85294#25	0
78	0	85294#33	0
78	0	85294#34	0
78	0	85294#38	0
784	0	1061820#0	1
784	0	1061820#1	0
784	0	1061820#15	1
784	0	1061820#2	0
784	0	1061820#22	0
784	0	1061820#35	1
784	0	1061820#36	1
784	0	1061820#38	0
784	0	2497192#8	1
784	0	55493#57	1
863	0	120867#59	0
863	0	31581#66	0
863	0	3533695#4	0
863	0	3749340#0	0
863	0	4464078#0	0
863	0	5469380#7	0
863	0	6594608#16	1
863	0	6594608#33	0
863	0	6594608#9	0
863	0	78255#23	0
863	0	78257#18	0
869	0	153176#1	1
869	0	153176#11	0
869	0	153176#13	0
869	0	153176#28	0
869	0	153176#5	1
869	0	153176#9	0
869	0	173564#9	0
869	0	2022637#22	1
869	0	5729401#3	0
869	0	7172604#106	0
878	0	15884#40	1
878	0	15884#41	0
878	0	15884#42	0
878	0	226442#17	0
878	0	28070#12	0
878	0	3497159#2	1
878	0	5326625#3	0
878	0	6107578#2	0
878	0	6163329#6	0
878	0	753902#8	0
9	0	12820#50	0
9	0	1410714#15	0
9	0	1410714#26	0
9	0	1539306#29	0
9	0	3203215#2	0
9	0	3273612#3	0
9	0	3693182#23	1
9	0	4279225#0	0
9	0	4279225#19	1
9	0	4279225#4	0
9	0	4279225#5	0
952	0	1711894#2	0
952	0	17788#25	0
952	0	2101800#15	0
952	0	27024#85	0
952	0	348542#6	0
952	0	4213080#69	0
952	0	42858#6	0
952	0	49798#2	1
952	0	54816#43	0
952	0	748763#25	0
952	0	931582#35	0
979	0	3459911#0	1
979	0	3459911#10	1
979	0	3459911#2	1
979	0	3459911#3	0
979	0	3459911#4	0
979	0	3459911#5	0
979	0	3459911#6	1
979	0	4512273#0	1
979	0	54740#56	1
979	0	9352#50	1
991	0	2192186#4	0
991	0	438859#13	0
991	0	5003810#4	0
991	0	595763#15	1
991	0	6102787#1	0
991	0	772722#1	1
991	0	772722#17	1
991	0	772722#40	0
991	0	772722#42	0
991	0	772722#7	0
994	0	13139#1	0
994	0	1386364#2	0
994	0	23424#2	0
994	0	2632858#0	0
994	0	3264011#13	0
994	0	382782#70	0
994	0	4391858#6	1
994	0	4411162#10	0
994	0	8192#3	0
994	0	8192#5	0
994	0	8192#7	0
998	0	107416#11	0
998	0	2212467#17	1
998	0	2212467#5	1
998	0	35886#6	0
998	0	3668250#0	0
998	0	3668250#26	0
998	0	3668250#5	0
998	0	403527#47	0
998	0	4173820#1	0
998	0	5705189#7	0
998	0	6596071#0	0
