1000	0	351294#0	0
1000	0	389021#11	0
1000	0	439645#0	0
1000	0	5210#6	0
1000	0	635821#0	0
1000	0	635821#7	0
1000	0	682589#0	1
1000	0	688543#0	1
1001	0	3113#0	0
1001	0	4763#2	1
1001	0	485832#4	0
1001	0	503912#1	0
1001	0	546496#34	0
1001	0	546496#41	0
1001	0	546496#57	0
1001	0	558197#0	0
1001	0	666733#0	0
1001	0	705257#2	1
1001	0	9503#5	0
1013	0	1568#11	0
1013	0	1568#14	1
1013	0	1568#16	0
1013	0	1568#2	0
1013	0	1568#20	0
1013	0	1568#9	0
1013	0	250047#17	0
1013	0	261790#37	0
1013	0	354685#0	0
1013	0	541557#2	0
1013	0	559905#78	1
1025	0	105383#0	0
1025	0	2631#0	1
1025	0	2631#1	1
1025	0	2631#3	0
1025	0	2631#6	0
1025	0	297442#0	0
1025	0	308693#0	0
1025	0	566349#1	0
1025	0	615619#1	1
1025	0	92877#1	0
103	0	370400#10	1
103	0	370400#9	0
103	0	422999#3	0
103	0	4520#0	0
103	0	4520#1	0
103	0	4520#2	1
103	0	4520#7	0
103	0	561751#0	0
103	0	76513#6	0
103	0	76999#5	0
1033	0	249224#5	0
1033	0	428148#31	0
1033	0	433835#0	0
1033	0	64498#0	1
1033	0	70523#0	0
1033	0	70590#2	1
1033	0	71365#3	0
1033	0	7645#0	0
1033	0	7768#0	0
1044	0	274084#0	0
1044	0	290667#0	0
1044	0	305811#0	0
1044	0	4409#0	0
1044	0	4420#0	0
1044	0	4541#0	1
1044	0	4543#0	0
1044	0	550048#0	0
1044	0	553272#0	0
1044	0	571205#0	0
1065	0	253471#0	0
1065	0	378894#3	0
1065	0	459073#0	0
1065	0	459073#1	0
1065	0	459073#10	0
1065	0	459073#2	0
1065	0	459073#5	1
1065	0	459073#7	0
1065	0	459073#9	0
1065	0	604383#4	0
1068	0	324125#0	0
1068	0	349359#7	0
1068	0	626485#23	0
1068	0	69182#0	1
1068	0	69182#19	0
1068	0	69182#8	0
1068	0	76709#0	0
1068	0	79947#35	0
1068	0	80023#7	1
1068	0	81090#1	0
1078	0	1304#1	1
1078	0	1304#6	0
1078	0	1365#6	0
1078	0	18163#4	0
1078	0	421059#7	0
1078	0	502392#27	0
1078	0	528861#1	0
1078	0	544772#1	1
1078	0	573013#12	0
1101	0	342570#1	0
1101	0	342570#2	0
1101	0	369684#11	0
1101	0	369684#3	0
1101	0	89504#0	0
1101	0	89504#13	0
1101	0	89504#15	0
1101	0	89504#3	1
1101	0	89504#35	0
1101	0	89504#5	0
1121	0	317193#0	0
1121	0	317193#13	0
1121	0	317193#14	0
1121	0	317193#17	1
1121	0	317193#18	0
1121	0	317193#5	0
1121	0	318513#34	0
1121	0	369515#2	0
1121	0	378953#0	0
1121	0	425673#3	1
1121	0	528561#0	0
1124	0	258667#2	0
1124	0	355689#0	0
1124	0	36233#0	0
1124	0	370400#24	1
1124	0	4762#1	1
1124	0	550805#2	0
1124	0	572156#3	0
1124	0	80937#0	0
1124	0	9156#16	1
1124	0	9220#1	0
1139	0	324153#0	0
1139	0	342735#0	0
1139	0	635220#0	0
1139	0	699156#1	0
1139	0	76762#0	0
1139	0	76762#1	0
1139	0	76762#2	1
1139	0	76762#5	0
1139	0	76762#6	0
1139	0	76762#9	0
1144	0	10823#0	0
1144	0	1109#24	1
1144	0	426538#1	0
1144	0	4790#8	0
1144	0	559842#1	0
1144	0	580427#1	1
1144	0	699061#1	0
1144	0	701158#1	0
1144	0	710705#0	0
1144	0	710705#7	0
1144	0	710705#8	0
1149	0	138414#0	0
1149	0	138414#1	1
1149	0	138414#2	0
1149	0	138414#3	1
1149	0	138414#6	0
1149	0	138414#8	1
1149	0	138414#9	0
1149	0	466636#2	0
1149	0	543641#2	0
1149	0	581049#1	0
115	0	15962#2	0
115	0	18340#0	0
115	0	302982#0	0
115	0	3134#5	1
115	0	3134#6	0
115	0	336833#1	0
115	0	446435#1	0
115	0	463241#3	0
115	0	666714#0	0
115	0	666714#11	0
1153	0	1570#2	1
1153	0	263098#4	0
1153	0	298104#0	0
1153	0	309127#0	0
1153	0	346451#0	0
1153	0	362130#1	0
1153	0	616959#0	0
1153	0	66346#0	0
1153	0	66346#9	0
1153	0	9711#50	1
1159	0	113809#0	0
1159	0	1497#29	0
1159	0	16411#0	1
1159	0	16565#0	1
1159	0	16565#25	0
1159	0	349359#1	0
1159	0	491056#0	0
1159	0	501335#0	0
1159	0	530881#0	0
1159	0	621436#0	0
1159	0	76281#7	0
116	0	416061#0	0
116	0	453826#0	1
116	0	453826#1	0
116	0	453826#10	0
116	0	453826#5	0
116	0	453839#0	0
116	0	455215#1	0
116	0	455215#2	0
116	0	482284#0	0
116	0	544919#0	0
1167	0	295533#0	0
1167	0	300707#0	0
1167	0	342592#0	0
1167	0	363292#0	0
1167	0	517127#0	1
1167	0	5216#0	0
1167	0	5216#3	0
1167	0	582073#0	0
1167	0	597313#0	0
1167	0	708623#0	0
1167	0	92829#0	0
1202	0	600328#0	0
1202	0	600328#1	0
1202	0	600328#10	1
1202	0	600328#11	0
1202	0	600328#12	0
1202	0	6004#30	0
1202	0	6004#31	1
1202	0	695880#0	0
1202	0	699176#4	0
1202	0	93601#0	0
1203	0	18628#61	0
1203	0	4243#0	0
1203	0	4243#1	1
1203	0	4243#3	0
1203	0	4243#6	0
1203	0	491477#4	0
1203	0	580501#1	0
1203	0	587399#3	0
1203	0	632140#0	0
1203	0	632140#2	0
1204	0	1109#2	0
1204	0	1109#76	0
1204	0	1178#0	0
1204	0	16258#0	0
1204	0	3567#1	0
1204	0	8428#0	0
1204	0	8428#1	1
1204	0	8428#18	1
1204	0	8428#19	1
1204	0	8428#22	0
1207	0	24071#3	0
1207	0	536609#0	0
1207	0	536609#1	1
1207	0	536609#11	0
1207	0	536609#4	0
1207	0	536609#5	0
1207	0	536635#1	0
1207	0	536908#1	0
1207	0	537103#1	0
1207	0	538019#0	0
1208	0	295469#0	1
1208	0	295469#5	0
1208	0	295469#6	0
1208	0	295469#7	0
1208	0	344018#2	0
1208	0	370656#0	0
1208	0	383192#0	0
1208	0	413513#1	0
1208	0	413733#1	0
1208	0	696256#35	0
1224	0	105158#6	0
1224	0	108459#0	1
1224	0	108459#5	1
1224	0	246029#5	0
1224	0	252471#6	0
1224	0	552455#28	0
1224	0	638129#4	0
1224	0	661028#1	0
1224	0	69591#11	0
1224	0	92328#3	0
1229	0	366236#0	0
1229	0	366240#0	1
1229	0	90136#0	1
1229	0	90136#1	1
1229	0	90136#2	0
1229	0	90136#3	0
1229	0	90136#4	0
1229	0	90136#5	0
1229	0	90136#7	0
1229	0	90136#8	0
1234	0	107671#0	0
1234	0	107698#0	1
1234	0	108248#0	0
1234	0	108251#0	0
1234	0	108310#0	0
1234	0	112527#0	0
1234	0	113919#0	0
1234	0	246526#0	1
1234	0	59474#5	0
1234	0	6025#0	1
1240	0	260034#0	0
1240	0	260034#1	1
1240	0	260034#11	0
1240	0	260034#5	0
1240	0	260034#6	0
1240	0	260034#7	0
1240	0	4050#4	0
1240	0	536258#0	0
1240	0	70505#1	0
1240	0	71292#1	0
1242	0	13682#0	0
1242	0	13682#2	0
1242	0	13682#25	0
1242	0	13682#3	1
1242	0	13682#35	0
1242	0	13682#47	1
1242	0	13682#49	0
1242	0	13682#5	1
1242	0	13682#51	1
1242	0	13682#6	1
1244	0	206299#0	1
1244	0	206299#4	1
1244	0	348393#0	0
1244	0	670583#0	1
1244	0	670583#6	1
1244	0	670597#0	1
1244	0	683638#0	1
1244	0	684196#0	1
1244	0	684196#1	1
1244	0	78041#0	0
1244	0	78041#1	1
1255	0	113606#0	0
1255	0	298956#4	0
1255	0	4371#0	1
1255	0	4371#1	0
1255	0	4371#14	0
1255	0	4371#4	0
1255	0	4371#5	0
1255	0	4371#6	0
1255	0	4371#7	0
1255	0	80943#2	0
1256	0	272171#2	0
1256	0	272171#5	1
1256	0	360596#6	0
1256	0	471033#29	0
1256	0	471033#38	1
1256	0	471033#39	0
1256	0	471033#41	0
1256	0	471033#44	0
1256	0	471033#6	0
1256	0	555800#18	0
1256	0	72190#26	0
1259	0	197384#0	0
1259	0	2139#7	0
1259	0	4098#5	0
1259	0	486957#1	0
1259	0	486957#11	0
1259	0	512117#4	0
1259	0	61758#4	0
1259	0	630631#3	0
1259	0	75928#4	0
1259	0	9659#5	0
1259	0	9989#0	1
1271	0	1568#36	1
1271	0	1568#5	0
1271	0	330282#0	0
1271	0	342587#1	0
1271	0	370400#2	0
1271	0	42564#6	0
1271	0	42564#7	0
1271	0	427677#0	0
1271	0	477878#0	0
1271	0	480289#0	0
1271	0	481621#1	0
128	0	282430#0	0
128	0	282430#11	0
128	0	282430#2	0
128	0	282430#4	1
128	0	282430#5	0
128	0	282430#9	0
128	0	287991#3	0
128	0	391454#1	0
128	0	83694#5	0
128	0	83694#8	0
1283	0	346071#2	0
1283	0	362436#12	0
1283	0	363949#2	0
1283	0	415554#1	0
1283	0	5216#2	1
1283	0	5216#38	0
1283	0	5216#39	0
1283	0	65246#1	1
1283	0	65246#10	0
1283	0	65246#3	1
1286	0	2656#3	1
1286	0	2656#4	0
1286	0	282641#0	1
1286	0	370400#26	0
1286	0	398524#0	0
1286	0	628958#0	1
1286	0	628958#12	0
1286	0	628958#19	0
1286	0	628958#23	1
1286	0	628958#3	0
129	0	105741#0	1
129	0	105741#1	0
129	0	123761#0	1
129	0	313097#5	0
129	0	452709#0	0
129	0	453211#2	0
129	0	714675#0	0
129	0	76161#0	0
129	0	76161#1	0
129	0	76161#9	1
1298	0	34940#1	0
1298	0	547578#0	0
1298	0	547578#15	0
1298	0	547578#16	0
1298	0	547578#19	0
1298	0	547578#3	0
1298	0	547578#5	1
1298	0	547578#6	0
1298	0	547578#8	0
1298	0	654901#2	0
1300	0	112086#1	0
1300	0	17865#5	0
1300	0	454378#3	0
1300	0	454485#2	0
1300	0	454492#2	0
1300	0	454496#0	0
1300	0	456081#1	0
1300	0	547925#30	0
1300	0	5996#0	0
1300	0	5996#1	1
1303	0	107671#0	0
1303	0	107698#0	1
1303	0	107843#0	0
1303	0	108248#0	0
1303	0	108251#0	0
1303	0	108310#0	0
1303	0	112527#0	0
1303	0	246526#0	1
1303	0	59474#5	0
1303	0	6025#0	1
1307	0	10619#0	1
1307	0	1109#43	0
1307	0	286622#6	0
1307	0	296930#76	0
1307	0	595312#0	0
1307	0	6317#0	1
1307	0	6317#2	0
1307	0	713832#0	0
1307	0	713832#1	1
1307	0	713832#4	0
1310	0	1334#0	0
1310	0	1334#2	1
1310	0	1334#9	1
1310	0	24074#0	1
1310	0	562865#1	0
1310	0	563049#0	1
1310	0	78682#0	0
1310	0	78772#0	0
1310	0	78913#0	0
1310	0	78960#0	0
1316	0	254245#0	1
1316	0	254245#6	0
1316	0	283724#0	0
1316	0	5067#12	0
1316	0	557811#132	0
1316	0	579178#5	0
1316	0	666355#2	0
1316	0	698151#7	0
1316	0	76161#9	0
1316	0	95917#5	0
1332	0	107576#9	0
1332	0	276237#6	0
1332	0	283352#3	0
1332	0	335341#0	0
1332	0	4211#1	0
1332	0	465344#1	0
1332	0	465344#16	0
1332	0	465344#8	0
1332	0	658376#6	0
1332	0	83947#0	1
1332	0	83947#7	1
1332	0	83947#8	0
1339	0	10991#2	1
1339	0	16160#5	0
1339	0	472802#1	0
1339	0	504943#1	0
1339	0	80943#2	0
1339	0	93021#2	0
1339	0	95953#2	1
1339	0	9722#0	0
1339	0	9722#3	0
1339	0	9722#6	1
1339	0	9722#8	0
1342	0	108398#1	1
1342	0	400816#0	0
1342	0	8763#0	0
1342	0	8763#1	1
1342	0	8763#30	0
1342	0	8763#32	0
1342	0	8763#33	0
1342	0	8763#4	1
1342	0	95139#0	0
1342	0	95139#1	0
1347	0	108459#0	0
1347	0	108459#1	1
1347	0	108459#2	0
1347	0	108459#4	0
1347	0	108459#5	0
1347	0	108459#6	0
1347	0	254295#0	0
1347	0	272113#0	0
1347	0	435527#2	0
1347	0	864#2	0
1351	0	1398#0	1
1351	0	1398#11	0
1351	0	1398#13	0
1351	0	1398#14	0
1351	0	1398#2	0
1351	0	1398#4	0
1351	0	1398#6	0
1351	0	2389#14	0
1351	0	35568#2	0
1351	0	643377#0	0
1360	0	16005#0	0
1360	0	16392#19	0
1360	0	16411#17	0
1360	0	16411#2	1
1360	0	505245#0	0
1360	0	514999#0	0
1360	0	520493#0	0
1360	0	605359#1	0
1360	0	61681#0	0
1360	0	80188#0	0
1360	0	89091#0	0
1362	0	13899#0	0
1362	0	13900#0	1
1362	0	13901#0	0
1362	0	13902#0	0
1362	0	297097#0	0
1362	0	305981#0	0
1362	0	34286#0	0
1362	0	390523#0	0
1362	0	402592#0	0
1362	0	479371#0	0
1364	0	33512#0	1
1364	0	33512#1	0
1364	0	33512#2	0
1364	0	33512#5	1
1364	0	33512#8	0
1364	0	447803#1	0
1364	0	654550#0	0
1364	0	94725#0	0
1364	0	94725#13	0
1364	0	94725#7	0
1377	0	13852#0	0
1377	0	250003#0	0
1377	0	41720#17	0
1377	0	448618#0	0
1377	0	448618#1	1
1377	0	467302#2	0
1377	0	624570#1	0
1377	0	632803#26	0
1377	0	632803#4	0
1377	0	636340#8	0
1377	0	71567#6	0
1379	0	2705#0	1
1379	0	2705#1	0
1379	0	2705#11	0
1379	0	2705#12	1
1379	0	2705#13	0
1379	0	2705#5	1
1379	0	2705#6	1
1379	0	4496#2	0
1379	0	610712#0	0
1379	0	83497#8	0
1387	0	114264#0	0
1387	0	15847#24	0
1387	0	77045#1	0
1387	0	77045#10	0
1387	0	77045#18	0
1387	0	77045#19	0
1387	0	77045#20	0
1387	0	77045#22	0
1387	0	77045#4	0
1387	0	77045#5	1
1402	0	251920#0	0
1402	0	251920#19	0
1402	0	251920#25	0
1402	0	251920#34	0
1402	0	251920#36	0
1402	0	251920#37	0
1402	0	251920#39	0
1402	0	251920#4	1
1402	0	251920#40	0
1402	0	251920#7	0
1402	0	544575#16	0
1403	0	1568#36	1
1403	0	359333#9	0
1403	0	361815#1	0
1403	0	468759#18	0
1403	0	482588#4	0
1403	0	543779#5	0
1403	0	5846#0	1
1403	0	66880#60	0
1403	0	709794#4	0
1403	0	80937#22	0
1407	0	114938#0	1
1407	0	42699#0	1
1407	0	4515#0	0
1407	0	488538#0	1
1407	0	5125#0	1
1407	0	5125#19	1
1407	0	5125#2	1
1407	0	519630#0	0
1407	0	70598#19	0
1407	0	91081#0	0
1415	0	1542#15	0
1415	0	454518#0	0
1415	0	454518#1	0
1415	0	454518#10	0
1415	0	454518#11	1
1415	0	454518#2	0
1415	0	454518#3	0
1415	0	454518#4	0
1415	0	454518#8	0
1415	0	454518#9	0
1418	0	114294#0	0
1418	0	11815#0	1
1418	0	11815#3	0
1418	0	439887#0	0
1418	0	483574#0	0
1418	0	523161#3	0
1418	0	576210#0	1
1418	0	602983#0	0
1418	0	609100#1	0
1418	0	702263#1	0
1431	0	10098#1	1
1431	0	521182#11	0
1431	0	522333#1	0
1431	0	523083#2	0
1431	0	627493#18	0
1431	0	627493#26	0
1431	0	627493#28	0
1431	0	627493#7	1
1431	0	630784#1	0
1431	0	630784#12	1
1437	0	1099#0	1
1437	0	1099#3	1
1437	0	15844#0	0
1437	0	248561#1	1
1437	0	2999#3	1
1437	0	324181#0	1
1437	0	387849#0	1
1437	0	5281#0	1
1437	0	822#0	0
1437	0	822#19	1
1438	0	4050#14	0
1438	0	4051#0	1
1438	0	4051#29	0
1438	0	4051#3	0
1438	0	4051#35	0
1438	0	4051#40	0
1438	0	4051#7	1
1438	0	414711#0	1
1438	0	414711#2	0
1438	0	414711#4	0
1459	0	1109#24	0
1459	0	264680#0	0
1459	0	290593#0	0
1459	0	296930#41	0
1459	0	299084#0	0
1459	0	299084#1	0
1459	0	353077#0	0
1459	0	367035#0	0
1459	0	625142#5	0
1459	0	7763#1	1
1460	0	1181#0	1
1460	0	1181#8	0
1460	0	1181#9	1
1460	0	17897#0	1
1460	0	456991#3	1
1460	0	520793#0	1
1460	0	523385#0	0
1460	0	603940#0	0
1460	0	605230#0	1
1460	0	637136#0	1
1472	0	31161#1	1
1472	0	33115#0	1
1472	0	33115#3	0
1472	0	333254#1	1
1472	0	3354#17	0
1472	0	3354#18	0
1472	0	397256#0	1
1472	0	574420#2	0
1472	0	72957#0	0
1472	0	73420#2	0
1475	0	2047#12	0
1475	0	2047#13	0
1475	0	2047#22	0
1475	0	2047#30	1
1475	0	2047#31	0
1475	0	2047#35	0
1475	0	2047#8	1
1475	0	517889#1	1
1475	0	517889#2	0
1475	0	89919#1	0
1490	0	107698#0	1
1490	0	107698#21	0
1490	0	107698#22	0
1490	0	108248#0	0
1490	0	108251#0	0
1490	0	246526#0	1
1490	0	246526#1	0
1490	0	59474#5	0
1490	0	6025#0	0
1490	0	6025#1	0
1490	0	6025#43	0
1495	0	1288#0	0
1495	0	246984#0	0
1495	0	2637#0	0
1495	0	2637#3	1
1495	0	34010#0	0
1495	0	3455#27	0
1495	0	644301#6	0
1495	0	664285#0	0
1495	0	671438#0	0
1495	0	671438#2	0
1495	0	705898#0	0
1497	0	11924#0	0
1497	0	11924#2	1
1497	0	11924#3	1
1497	0	11924#5	0
1497	0	253383#2	0
1497	0	472817#1	0
1497	0	519668#1	0
1497	0	546496#1	0
1497	0	626752#1	0
1497	0	686873#5	0
1497	0	76228#18	0
1501	0	1365#0	0
1501	0	319964#0	0
1501	0	319964#5	0
1501	0	330428#0	0
1501	0	393847#0	0
1501	0	544772#0	0
1501	0	6009#0	1
1501	0	685455#0	0
1501	0	685455#1	0
1501	0	73798#0	0
1527	0	305156#0	0
1527	0	336791#1	1
1527	0	424007#0	0
1527	0	575602#20	0
1527	0	643377#0	1
1527	0	6563#0	1
1527	0	6563#1	0
1527	0	6563#8	0
1527	0	6563#9	0
1527	0	677455#0	0
1534	0	10722#25	0
1534	0	108399#0	1
1534	0	108399#2	0
1534	0	115006#0	0
1534	0	115006#11	0
1534	0	246526#1	1
1534	0	347228#2	0
1534	0	347559#2	1
1534	0	79972#0	1
1534	0	79972#5	1
1535	0	10243#0	0
1535	0	10243#3	1
1535	0	254295#1	0
1535	0	431573#0	0
1535	0	520011#0	0
1535	0	64074#18	0
1535	0	6715#7	0
1535	0	6715#8	0
1535	0	705097#1	0
1535	0	82105#3	0
1541	0	1525#10	0
1541	0	268224#10	0
1541	0	268224#2	1
1541	0	268224#4	0
1541	0	268224#7	0
1541	0	268224#8	0
1541	0	268224#9	0
1541	0	318770#0	1
1541	0	633661#3	0
1541	0	696168#1	1
1573	0	249764#0	1
1573	0	249764#18	0
1573	0	249764#3	0
1573	0	249764#58	0
1573	0	249764#6	0
1573	0	249764#62	0
1573	0	249764#65	0
1573	0	249764#7	0
1573	0	249764#8	0
1573	0	249764#9	0
1582	0	108459#0	0
1582	0	108459#1	1
1582	0	108459#2	0
1582	0	108459#4	0
1582	0	108459#5	0
1582	0	108459#6	0
1582	0	519206#1	0
1582	0	61399#1	0
1582	0	61477#1	0
1582	0	864#2	0
1583	0	263832#0	0
1583	0	371532#0	0
1583	0	383916#1	0
1583	0	4763#2	0
1583	0	546496#1	1
1583	0	558197#0	0
1583	0	580773#2	0
1583	0	624591#1	0
1583	0	691746#77	0
1583	0	8289#0	0
1583	0	91226#9	0
1591	0	267390#3	1
1591	0	540898#3	0
1591	0	598513#0	0
1591	0	71738#0	0
1591	0	71738#2	0
1591	0	71738#3	1
1591	0	71738#5	0
1591	0	71738#9	0
1591	0	89770#0	0
1591	0	9283#0	0
1596	0	12010#5	1
1596	0	3455#12	0
1596	0	543797#8	1
1596	0	565924#9	1
1596	0	583826#3	0
1596	0	6272#4	1
1596	0	8917#0	1
1596	0	8917#1	0
1596	0	8917#3	0
1596	0	8917#6	0
1617	0	12076#5	0
1617	0	35859#0	1
1617	0	366878#1	0
1617	0	366878#8	0
1617	0	370400#27	0
1617	0	4763#3	0
1617	0	547254#3	0
1617	0	628109#4	0
1617	0	646080#2	0
1617	0	76228#39	0
1628	0	296930#2	0
1628	0	317198#11	1
1628	0	353840#41	0
1628	0	353840#68	0
1628	0	372386#2	0
1628	0	379559#0	0
1628	0	379559#76	0
1628	0	382268#0	1
1628	0	382268#4	0
1628	0	398367#0	0
1628	0	630410#9	1
1631	0	42767#4	0
1631	0	461771#0	0
1631	0	461771#1	1
1631	0	461771#10	0
1631	0	461771#11	0
1631	0	461771#3	1
1631	0	461771#4	0
1631	0	461771#5	0
1631	0	461771#6	1
1631	0	461771#7	0
1631	0	461771#9	0
1635	0	269721#3	1
1635	0	300413#1	1
1635	0	483238#0	1
1635	0	483238#11	0
1635	0	483238#14	0
1635	0	483238#15	0
1635	0	483238#27	1
1635	0	483238#29	0
1635	0	483238#9	1
1635	0	96124#0	1
1635	0	96132#5	1
1642	0	1495#0	0
1642	0	1495#11	0
1642	0	1495#27	0
1642	0	2698#6	0
1642	0	282044#3	0
1642	0	4420#3	1
1642	0	506835#5	0
1642	0	611353#2	1
1642	0	73632#1	1
1642	0	73941#4	0
1642	0	95953#0	0
1644	0	257990#2	0
1644	0	295955#1	1
1644	0	388313#7	0
1644	0	394304#2	0
1644	0	4520#50	0
1644	0	497219#28	0
1644	0	501819#1	0
1644	0	513916#4	0
1644	0	5207#1	1
1644	0	581333#2	0
1644	0	69591#3	0
1645	0	107001#49	0
1645	0	1219#22	1
1645	0	283358#6	0
1645	0	385533#18	0
1645	0	502392#0	0
1645	0	502392#1	0
1645	0	646402#0	0
1645	0	646402#1	1
1645	0	66903#3	0
1645	0	72035#56	0
1645	0	72035#57	0
1657	0	138603#0	0
1657	0	138603#1	0
1657	0	290631#0	0
1657	0	540538#1	1
1657	0	569980#0	0
1657	0	569980#1	0
1657	0	569980#3	0
1657	0	569980#4	0
1657	0	569980#5	0
1657	0	569980#6	0
1670	0	283858#0	1
1670	0	283858#1	0
1670	0	284077#0	1
1670	0	2963#33	0
1670	0	364889#0	0
1670	0	364889#2	0
1670	0	364889#24	0
1670	0	364889#4	0
1670	0	505489#0	0
1670	0	578675#0	0
168	0	313583#5	0
168	0	330135#1	0
168	0	396746#3	0
168	0	419647#0	1
168	0	419647#1	0
168	0	419647#4	0
168	0	420158#0	0
168	0	465665#0	0
168	0	530772#0	0
168	0	689268#7	0
1681	0	59459#12	0
1681	0	59459#14	0
1681	0	59459#15	0
1681	0	59459#17	0
1681	0	59459#5	1
1681	0	59459#6	0
1681	0	59459#8	0
1681	0	694991#0	0
1681	0	694991#1	0
1681	0	715336#2	0
1690	0	10841#0	0
1690	0	1164#1	1
1690	0	1164#35	0
1690	0	1170#10	0
1690	0	1172#25	0
1690	0	16279#0	1
1690	0	18756#1	0
1690	0	336847#0	0
1690	0	67429#0	0
1690	0	678786#3	0
1690	0	69561#1	0
1696	0	374673#1	0
1696	0	394252#1	0
1696	0	394252#2	1
1696	0	421899#17	0
1696	0	424879#1	0
1696	0	432888#3	0
1696	0	538238#2	0
1696	0	556645#2	0
1696	0	59022#2	0
1696	0	639343#4	0
1704	0	15847#0	0
1704	0	15847#12	0
1704	0	15847#5	1
1704	0	296930#82	0
1704	0	624672#0	0
1704	0	78017#2	0
1704	0	80023#0	1
1704	0	80023#1	1
1704	0	80023#11	0
1704	0	80023#12	0
1704	0	88889#0	0
1710	0	18053#4	0
1710	0	638356#0	0
1710	0	638356#1	1
1710	0	638356#2	1
1710	0	638356#3	1
1710	0	638356#4	0
1710	0	638356#5	0
1710	0	638356#6	0
1710	0	638356#7	0
1710	0	638356#8	0
1716	0	13899#0	0
1716	0	296401#0	0
1716	0	296401#1	0
1716	0	3169#0	1
1716	0	3169#1	0
1716	0	349581#0	0
1716	0	360569#0	0
1716	0	436111#0	0
1716	0	502128#1	0
1716	0	577726#1	0
1716	0	704916#0	0
1723	0	112587#0	0
1723	0	283256#0	0
1723	0	286501#0	0
1723	0	315518#0	1
1723	0	315518#1	0
1723	0	315518#2	0
1723	0	324368#0	0
1723	0	395126#0	0
1723	0	694162#0	0
1731	0	5125#2	1
1731	0	5125#26	0
1731	0	5125#9	0
1731	0	517777#0	0
1731	0	604421#0	0
1731	0	607436#2	0
1731	0	627493#55	0
1731	0	8243#0	0
1731	0	8638#1	1
1731	0	8638#2	1
1737	0	15352#0	1
1737	0	15352#1	0
1737	0	291361#0	1
1737	0	322814#0	0
1737	0	322814#1	0
1737	0	350376#0	0
1737	0	486211#0	0
1737	0	632145#0	0
1737	0	8378#0	1
1737	0	8378#14	0
1737	0	8378#19	0
1745	0	2525#0	1
1745	0	2525#19	0
1745	0	2525#8	0
1745	0	2561#16	0
1745	0	2561#17	0
1745	0	427103#0	0
1745	0	427103#3	0
1745	0	427103#4	0
1745	0	478105#5	0
1745	0	687636#3	0
1746	0	286454#0	1
1746	0	286454#1	0
1746	0	335627#0	0
1746	0	348272#1	0
1746	0	394355#0	0
1746	0	402044#0	0
1746	0	402057#0	0
1746	0	411264#0	1
1746	0	473128#0	1
175	0	138716#0	1
175	0	138716#13	0
175	0	138716#5	1
175	0	138716#6	0
175	0	138716#7	0
175	0	271280#0	0
175	0	286814#2	0
175	0	582696#1	0
175	0	582696#2	0
175	0	701823#1	0
175	0	79389#5	0
177	0	117122#2	0
177	0	1497#20	0
177	0	1497#21	0
177	0	16610#8	0
177	0	2898#0	1
177	0	2898#26	0
177	0	528415#0	1
177	0	80801#0	0
177	0	80801#7	0
177	0	93526#1	0
1774	0	1109#12	0
1774	0	552303#13	0
1774	0	598807#1	0
1774	0	600242#1	0
1774	0	627480#0	1
1774	0	627480#14	0
1774	0	627480#15	0
1774	0	627480#4	0
1774	0	634564#0	1
1774	0	636744#21	0
178	0	106405#1	0
178	0	286173#18	0
178	0	35404#1	0
178	0	3618#2	0
178	0	3682#3	0
178	0	3716#2	0
178	0	432888#3	0
178	0	503793#2	0
178	0	83491#1	1
178	0	95809#1	0
1786	0	12010#5	0
1786	0	256452#0	0
1786	0	565924#9	1
1786	0	583826#3	0
1786	0	6272#4	1
1786	0	631233#0	0
1786	0	8917#0	1
1786	0	8917#1	0
1786	0	8917#3	0
1786	0	8917#6	0
1788	0	10700#2	0
1788	0	18519#0	0
1788	0	249224#6	0
1788	0	466545#56	0
1788	0	494330#1	0
1788	0	59528#34	0
1788	0	618166#2	0
1788	0	73420#0	1
1788	0	93252#0	0
1788	0	94999#1	0
1790	0	10638#2	0
1790	0	1570#2	1
1790	0	263098#4	0
1790	0	266263#7	0
1790	0	351163#0	1
1790	0	362130#1	0
1790	0	369720#2	0
1790	0	66346#0	0
1790	0	66346#9	0
1790	0	703951#0	0
1796	0	1570#13	0
1796	0	288143#2	0
1796	0	305537#2	0
1796	0	363156#0	1
1796	0	370400#27	1
1796	0	4763#0	0
1796	0	4763#2	1
1796	0	4763#6	1
1796	0	558197#0	0
1796	0	691746#77	0
1798	0	10722#0	1
1798	0	107698#0	1
1798	0	107843#0	0
1798	0	108251#0	1
1798	0	108251#13	0
1798	0	108307#0	1
1798	0	246526#0	1
1798	0	246526#1	0
1798	0	59474#0	1
1798	0	6025#0	1
1800	0	522445#2	0
1800	0	536609#0	0
1800	0	536609#1	1
1800	0	536609#11	0
1800	0	536609#4	0
1800	0	536609#5	0
1800	0	536908#0	0
1800	0	536908#3	0
1800	0	537103#1	0
1800	0	81839#0	0
1802	0	519789#4	0
1802	0	523075#1	1
1802	0	523075#4	0
1802	0	523075#5	0
1802	0	523075#7	0
1802	0	523444#0	1
1802	0	523444#1	0
1802	0	527193#0	1
1802	0	527193#1	0
1802	0	527421#0	0
181	0	10991#0	0
181	0	16023#0	0
181	0	1612#0	0
181	0	2374#4	0
181	0	361997#0	0
181	0	379436#0	0
181	0	446228#1	1
181	0	448611#0	1
181	0	666421#0	0
181	0	666777#0	0
181	0	822#22	0
1812	0	13942#0	0
1812	0	1525#52	0
1812	0	348542#0	1
1812	0	484835#14	0
1812	0	592321#15	0
1812	0	629554#18	0
1812	0	64825#0	0
1812	0	696785#10	0
1812	0	699209#0	0
1812	0	7593#2	1
182	0	256809#1	0
182	0	256809#2	1
182	0	256809#4	1
182	0	286173#5	0
182	0	583566#0	0
182	0	62589#0	0
182	0	631124#23	0
182	0	645248#11	1
182	0	669320#2	0
1821	0	42930#0	0
1821	0	42930#1	1
1821	0	42930#2	0
1821	0	42930#3	0
1821	0	42930#5	0
1821	0	644120#1	0
1821	0	93626#10	0
1821	0	93626#2	0
1821	0	93626#3	0
1821	0	93626#9	0
1825	0	1197#0	0
1825	0	1197#1	0
1825	0	1197#11	0
1825	0	1197#15	0
1825	0	1197#5	1
1825	0	1197#6	0
1825	0	1197#7	0
1825	0	1197#8	0
1825	0	1197#9	0
1825	0	258662#8	0
1826	0	10227#0	0
1826	0	247150#4	0
1826	0	248313#9	0
1826	0	70324#0	1
1826	0	70324#18	0
1826	0	70324#19	0
1826	0	70324#20	0
1826	0	70324#23	0
1826	0	70324#4	0
1826	0	70324#5	0
183	0	112997#5	0
183	0	358134#0	0
183	0	583853#0	0
183	0	6468#0	1
183	0	6468#1	0
183	0	6468#15	0
183	0	6468#2	0
183	0	6468#5	0
183	0	6468#7	0
183	0	6468#8	0
1831	0	256372#1	0
1831	0	294449#1	0
1831	0	296930#48	1
1831	0	3169#8	1
1831	0	381567#1	0
1831	0	4541#1	0
1831	0	460355#1	0
1831	0	571205#1	0
1831	0	596581#1	0
1831	0	621381#1	0
1834	0	2469#1	1
1834	0	2469#2	0
1834	0	2469#3	1
1834	0	2469#6	0
1834	0	2973#29	0
1834	0	34296#3	0
1834	0	42210#14	1
1834	0	42210#15	0
1834	0	465454#3	1
1834	0	625170#1	0
1834	0	625170#5	0
1839	0	17740#0	0
1839	0	250047#4	0
1839	0	2963#13	0
1839	0	2963#2	0
1839	0	348708#0	0
1839	0	431272#0	0
1839	0	4876#2	1
1839	0	552657#10	0
1839	0	610947#0	0
1839	0	635332#4	0
1839	0	94883#0	0
184	0	243641#2	0
184	0	324714#2	0
184	0	364709#0	0
184	0	368360#0	0
184	0	394246#0	1
184	0	394632#3	1
184	0	59618#0	0
184	0	619064#4	0
184	0	652314#0	0
184	0	73260#2	0
184	0	9156#0	1
1840	0	19149#0	1
1840	0	2976#1	0
1840	0	3447#11	0
1840	0	3726#31	0
1840	0	3728#0	1
1840	0	3728#1	0
1840	0	3728#16	0
1840	0	3728#24	0
1840	0	578308#0	1
1840	0	70211#5	0
1849	0	33512#0	0
1849	0	35020#0	0
1849	0	366166#0	0
1849	0	401929#0	0
1849	0	426621#0	0
1849	0	610024#0	1
1849	0	610024#10	0
1849	0	610024#2	0
1849	0	647484#0	0
1849	0	697218#0	0
1856	0	276628#1	0
1856	0	414834#0	0
1856	0	415560#0	0
1856	0	467029#17	0
1856	0	561505#19	0
1856	0	6630#0	0
1856	0	72691#0	0
1856	0	72691#1	0
1856	0	72691#2	0
1856	0	91312#0	1
1865	0	10991#0	1
1865	0	10991#2	0
1865	0	260629#0	1
1865	0	265560#2	1
1865	0	61126#3	0
1865	0	61126#5	0
1865	0	63805#20	0
1865	0	69360#21	0
1865	0	9722#6	0
1867	0	257990#0	1
1867	0	257990#1	0
1867	0	402592#0	0
1867	0	460115#2	0
1867	0	523263#0	0
1867	0	523439#0	0
1867	0	528196#0	0
1867	0	528196#3	0
1867	0	706634#0	0
1867	0	96096#0	0
1887	0	294376#0	0
1887	0	294376#1	1
1887	0	294376#13	0
1887	0	294376#14	0
1887	0	294376#15	0
1887	0	294376#18	0
1887	0	294376#19	0
1887	0	294376#2	0
1887	0	294376#8	0
1887	0	476981#0	1
1889	0	319670#0	0
1889	0	4110#0	0
1889	0	520958#1	0
1889	0	529974#1	0
1889	0	644860#1	0
1889	0	648935#0	0
1889	0	7669#5	0
1889	0	76762#1	0
1889	0	8746#0	1
1889	0	8746#1	1
1907	0	33592#34	0
1907	0	346667#3	0
1907	0	504117#1	0
1907	0	529793#1	0
1907	0	6715#0	1
1907	0	6715#15	0
1907	0	706842#0	0
1907	0	706842#1	0
1907	0	72263#0	0
1907	0	93317#3	0
191	0	12079#0	1
191	0	348016#0	1
191	0	348022#0	1
191	0	348032#0	1
191	0	348032#1	0
191	0	348032#4	1
191	0	64741#10	1
191	0	64741#2	1
191	0	64741#5	0
191	0	675159#14	0
1912	0	59459#0	0
1912	0	59459#1	1
1912	0	59459#23	0
1912	0	59459#25	0
1912	0	59459#26	0
1912	0	59459#28	0
1912	0	59459#29	0
1912	0	672643#0	0
1912	0	672643#4	0
1912	0	672643#7	0
1914	0	107698#0	1
1914	0	108248#0	0
1914	0	108251#0	0
1914	0	108310#0	0
1914	0	112527#0	0
1914	0	113919#0	0
1914	0	246526#0	0
1914	0	59474#5	0
1914	0	6025#0	0
1914	0	6025#1	1
1914	0	6025#12	0
1916	0	15689#1	1
1916	0	15689#6	0
1916	0	2561#0	0
1916	0	351987#2	0
1916	0	351987#3	1
1916	0	351987#7	0
1916	0	4335#1	0
1916	0	7599#3	0
1916	0	7599#4	1
1916	0	7599#8	0
1922	0	414684#20	0
1922	0	414806#9	0
1922	0	415560#0	0
1922	0	529757#1	0
1922	0	91312#0	1
1922	0	91312#10	0
1922	0	91312#11	0
1922	0	91312#14	0
1922	0	91312#2	1
1922	0	91312#4	0
1923	0	107001#16	0
1923	0	107001#27	0
1923	0	107001#3	1
1923	0	107001#37	1
1923	0	107001#41	0
1923	0	107001#49	0
1923	0	107001#56	0
1923	0	107001#62	0
1923	0	107001#68	0
1923	0	107001#9	0
1923	0	72035#73	0
1925	0	113031#4	0
1925	0	1570#1	1
1925	0	28841#1	0
1925	0	369720#2	0
1925	0	398367#0	0
1925	0	545440#1	1
1925	0	570366#1	0
1925	0	570366#5	0
1925	0	609730#4	1
1925	0	704329#0	0
1928	0	13899#0	0
1928	0	13900#0	0
1928	0	13902#0	1
1928	0	13902#11	1
1928	0	13902#64	0
1928	0	3169#36	0
1928	0	317679#1	0
1928	0	317679#2	0
1928	0	460273#4	0
1928	0	462744#0	0
1928	0	630841#6	0
1929	0	400253#1	0
1929	0	414815#0	0
1929	0	415004#0	0
1929	0	499336#0	0
1929	0	499384#0	0
1929	0	5830#2	0
1929	0	630841#1	0
1929	0	630841#11	0
1929	0	630841#19	0
1929	0	630841#6	1
1929	0	701158#1	1
1941	0	356712#1	0
1941	0	360180#1	0
1941	0	408034#1	0
1941	0	574369#1	0
1941	0	61607#0	1
1941	0	61607#1	0
1941	0	61607#2	0
1941	0	61607#3	0
1941	0	717598#0	0
1941	0	9294#1	1
195	0	462507#2	0
195	0	494154#0	1
195	0	494154#11	0
195	0	494154#2	0
195	0	494307#0	0
195	0	547902#0	0
195	0	547902#1	0
195	0	547902#13	0
195	0	547902#3	0
195	0	595230#0	1
1954	0	13899#0	1
1954	0	13899#1	0
1954	0	18034#1	0
1954	0	297216#0	0
1954	0	335168#2	0
1954	0	350537#0	0
1954	0	402067#0	0
1954	0	402401#0	0
1954	0	577726#0	0
1954	0	5830#2	0
1975	0	3220#5	0
1975	0	664546#0	0
1975	0	664546#10	0
1975	0	664546#12	0
1975	0	664546#15	0
1975	0	664546#17	0
1975	0	664546#20	0
1975	0	664546#4	0
1975	0	664546#5	1
1975	0	664546#9	0
1980	0	492332#0	0
1980	0	69960#0	1
1980	0	69960#1	1
1980	0	69960#11	0
1980	0	69960#13	0
1980	0	69960#14	0
1980	0	69960#15	0
1980	0	69960#4	0
1980	0	69960#5	0
1980	0	69960#7	0
1993	0	3354#0	1
1993	0	3354#1	0
1993	0	3354#26	0
1993	0	3354#28	0
1993	0	3354#3	1
1993	0	3354#30	0
1993	0	3354#34	0
1993	0	3354#38	0
1993	0	5474#4	0
1993	0	70522#2	0
2012	0	116884#7	1
2012	0	1534#3	0
2012	0	28618#0	1
2012	0	28618#11	0
2012	0	360895#10	0
2012	0	3719#0	1
2012	0	534002#0	1
2012	0	534271#1	0
2012	0	706520#0	1
2012	0	706520#2	1
2025	0	1542#0	1
2025	0	1542#1	0
2025	0	1542#15	0
2025	0	1542#19	0
2025	0	1542#25	0
2025	0	1542#3	1
2025	0	1542#34	1
2025	0	1542#4	0
2025	0	1542#41	0
2025	0	329771#1	0
2029	0	13856#3	0
2029	0	316441#2	0
2029	0	348542#0	1
2029	0	439009#6	0
2029	0	508549#12	0
2029	0	508549#22	0
2029	0	548031#3	0
2029	0	578693#2	0
2029	0	578693#3	0
2029	0	7593#2	1
2031	0	514633#4	0
2031	0	625711#15	1
2031	0	625711#19	0
2031	0	625711#2	1
2031	0	625711#21	0
2031	0	625711#22	0
2031	0	625711#4	1
2031	0	625711#7	0
2031	0	626485#57	1
2032	0	12134#14	0
2032	0	15844#79	0
2032	0	261040#8	0
2032	0	34061#4	0
2032	0	345818#1	0
2032	0	358179#0	1
2032	0	5531#2	0
2032	0	678398#1	0
2032	0	8890#0	1
2032	0	8890#2	0
2032	0	8890#21	0
2038	0	393765#1	0
2038	0	426499#6	0
2038	0	440540#2	0
2038	0	535994#3	0
2038	0	558911#4	0
2038	0	595884#5	0
2038	0	649980#5	0
2038	0	681109#10	0
2038	0	709819#0	1
2038	0	709819#8	0
2039	0	249249#3	0
2039	0	42564#38	0
2039	0	43812#1	0
2039	0	496583#0	0
2039	0	496583#1	0
2039	0	505601#1	1
2039	0	63623#1	0
2039	0	70590#1	0
2039	0	79939#1	0
2039	0	79939#4	1
2039	0	79939#9	0
204	0	42259#1	0
204	0	465344#0	0
204	0	465344#1	0
204	0	465344#10	0
204	0	465344#16	0
204	0	465344#17	0
204	0	465344#2	0
204	0	465344#4	0
204	0	465344#5	0
204	0	8232#6	0
204	0	83947#0	1
2043	0	2947#0	0
2043	0	2947#1	0
2043	0	2947#2	0
2043	0	399745#0	0
2043	0	399753#1	0
2043	0	473062#0	1
2043	0	601090#1	0
2043	0	619325#0	0
2043	0	624488#1	0
2043	0	81890#0	0
2052	0	106707#1	0
2052	0	114488#1	0
2052	0	18456#1	1
2052	0	258496#2	0
2052	0	318918#4	0
2052	0	33726#0	0
2052	0	461728#1	0
2052	0	506153#1	0
2052	0	555438#4	0
2052	0	560952#0	0
2052	0	702552#0	0
2056	0	1398#0	0
2056	0	1398#12	0
2056	0	1398#2	0
2056	0	1398#4	1
2056	0	1398#6	0
2056	0	267697#1	0
2056	0	33513#1	0
2056	0	62573#1	0
2056	0	64711#1	0
2056	0	65606#2	0
2058	0	19149#0	1
2058	0	2976#1	0
2058	0	3447#11	0
2058	0	3726#31	0
2058	0	3728#0	1
2058	0	3728#1	0
2058	0	3728#16	0
2058	0	3728#24	0
2058	0	578308#0	1
2058	0	70211#5	0
206	0	508288#1	1
206	0	6583#0	0
206	0	6592#0	0
206	0	6594#0	0
206	0	6629#0	0
206	0	6630#0	0
206	0	6634#0	0
206	0	6658#0	0
206	0	68886#0	1
206	0	697723#27	0
208	0	249249#3	1
208	0	63623#0	0
208	0	63623#1	1
208	0	63623#10	1
208	0	63623#7	1
208	0	63623#8	0
208	0	63623#9	0
208	0	64498#4	0
208	0	64498#5	0
208	0	79939#1	0
2089	0	248226#0	0
2089	0	248226#17	0
2089	0	248226#3	0
2089	0	249999#0	0
2089	0	480794#10	0
2089	0	492208#0	0
2089	0	557829#5	1
2089	0	558718#14	0
2089	0	570988#0	1
2089	0	647770#2	0
2096	0	111197#0	0
2096	0	111617#0	0
2096	0	112438#0	0
2096	0	14625#16	0
2096	0	295533#0	0
2096	0	342592#0	1
2096	0	517127#0	0
2096	0	5216#3	0
2096	0	582073#0	1
2096	0	660167#0	1
2096	0	92829#0	0
21	0	378894#2	1
21	0	378894#62	0
21	0	378894#66	0
21	0	378894#79	0
21	0	378894#91	0
21	0	452067#0	1
21	0	452067#21	0
21	0	452067#37	0
21	0	452331#0	1
21	0	469830#0	0
21	0	579216#0	0
210	0	18294#14	0
210	0	251352#0	0
210	0	263098#3	0
210	0	2656#3	1
210	0	369118#0	0
210	0	370400#1	1
210	0	398524#0	0
210	0	498431#3	0
210	0	499132#1	0
210	0	697495#2	0
210	0	8289#0	0
2101	0	10830#6	0
2101	0	347852#0	0
2101	0	347852#1	1
2101	0	347852#2	0
2101	0	347852#4	0
2101	0	347852#9	0
2101	0	497622#7	0
2101	0	506112#0	0
2101	0	530494#7	0
2101	0	67964#0	0
213	0	258662#4	0
213	0	260034#0	0
213	0	260034#1	1
213	0	260034#11	0
213	0	260034#2	0
213	0	3120#4	0
213	0	3120#5	0
213	0	312431#1	0
213	0	33144#1	0
213	0	4306#0	0
2146	0	2698#10	0
2146	0	2698#14	0
2146	0	2698#20	0
2146	0	2698#21	0
2146	0	2698#25	0
2146	0	2698#6	1
2146	0	2698#9	1
2146	0	398349#1	0
2146	0	689383#0	0
2146	0	822#29	0
2152	0	14254#2	0
2152	0	1589#0	0
2152	0	1589#11	0
2152	0	1589#13	0
2152	0	1589#23	0
2152	0	1589#30	0
2152	0	1589#35	0
2152	0	342392#1	0
2152	0	342398#1	1
2152	0	342398#2	1
2152	0	342398#3	0
2152	0	342398#4	0
2152	0	342399#0	0
220	0	105741#1	0
220	0	106707#1	0
220	0	249118#3	0
220	0	2730#11	0
220	0	2737#10	0
220	0	507141#7	0
220	0	72263#4	0
220	0	76161#1	1
220	0	76161#2	0
220	0	76161#4	1
220	0	79389#6	0
226	0	107671#0	0
226	0	107698#0	1
226	0	107843#0	0
226	0	108248#0	0
226	0	108251#0	0
226	0	112527#0	0
226	0	59474#0	0
226	0	59474#5	1
226	0	59474#7	0
226	0	6025#0	0
226	0	6025#2	1
231	0	17736#0	0
231	0	17736#3	0
231	0	17736#5	1
231	0	17736#6	0
231	0	17736#8	0
231	0	17736#9	0
231	0	260777#5	0
231	0	266156#2	0
231	0	427728#1	0
231	0	543664#3	0
238	0	389021#11	0
238	0	488292#46	0
238	0	5210#0	0
238	0	5210#2	0
238	0	5210#6	1
238	0	564590#0	0
238	0	635821#0	0
238	0	635821#15	0
238	0	635821#16	0
238	0	635821#7	0
241	0	1495#6	0
241	0	269096#3	0
241	0	2700#4	0
241	0	428019#2	0
241	0	4318#0	0
241	0	483238#0	1
241	0	483238#15	0
241	0	483238#5	0
241	0	642189#3	0
241	0	96124#5	0
241	0	96198#0	0
262	0	18096#5	0
262	0	33193#1	0
262	0	335168#2	0
262	0	473558#1	0
262	0	474411#1	0
262	0	92328#1	0
262	0	96096#0	0
262	0	96096#1	0
262	0	96096#2	1
262	0	96096#5	0
273	0	2963#27	0
273	0	3079#0	0
273	0	3727#27	0
273	0	3788#0	1
273	0	3788#3	1
273	0	3788#8	0
273	0	388665#0	1
273	0	43472#19	0
273	0	43472#21	1
273	0	706094#6	0
276	0	11636#0	0
276	0	249429#1	0
276	0	260034#1	0
276	0	3120#1	0
276	0	4281#2	0
276	0	42892#1	0
276	0	4392#6	1
276	0	566774#0	0
276	0	658754#27	0
276	0	9280#1	0
290	0	18217#15	0
290	0	433202#15	0
290	0	552695#32	0
290	0	557811#39	0
290	0	683066#0	0
290	0	683066#1	1
290	0	683066#2	1
290	0	683066#6	0
290	0	683066#7	0
290	0	683066#8	0
295	0	10065#0	1
295	0	111316#0	0
295	0	111316#1	1
295	0	13470#4	1
295	0	1572#1	0
295	0	4485#12	0
295	0	4485#2	0
295	0	537180#0	1
295	0	7368#3	1
295	0	7368#6	1
299	0	11499#9	0
299	0	343754#1	0
299	0	344592#0	1
299	0	344592#5	0
299	0	4969#5	0
299	0	510166#0	0
299	0	527905#0	0
299	0	647411#0	1
299	0	656381#0	0
299	0	697943#0	0
302	0	12788#1	0
302	0	14287#16	0
302	0	15558#1	1
302	0	15558#2	1
302	0	34601#6	0
302	0	482588#4	0
302	0	553185#34	0
302	0	579771#2	0
302	0	639363#1	0
302	0	93343#16	0
314	0	369720#15	0
314	0	499884#15	0
314	0	501830#1	1
314	0	501830#19	0
314	0	501830#29	0
314	0	59528#13	0
314	0	59528#16	0
314	0	59528#17	0
314	0	59528#30	1
314	0	59528#7	0
314	0	634579#39	0
324	0	307106#0	1
324	0	307106#1	1
324	0	430970#0	0
324	0	430995#0	0
324	0	430996#0	0
324	0	430997#0	0
324	0	430999#0	0
324	0	431000#0	0
324	0	472385#1	0
324	0	677836#1	0
342	0	138302#10	0
342	0	249790#6	0
342	0	4051#0	0
342	0	4051#1	0
342	0	4051#3	1
342	0	4051#44	0
342	0	4051#45	0
342	0	414711#0	0
342	0	502421#0	0
342	0	536241#1	0
344	0	104959#1	0
344	0	1098#19	0
344	0	314955#3	0
344	0	370400#26	0
344	0	493192#5	0
344	0	543696#13	0
344	0	551345#0	0
344	0	551345#1	1
344	0	551345#2	0
344	0	78447#2	0
346	0	24051#6	0
346	0	364725#10	1
346	0	364725#19	0
346	0	364725#2	0
346	0	364725#20	0
346	0	4527#1	0
346	0	504240#0	0
346	0	61523#28	0
346	0	672801#4	0
346	0	684049#3	0
349	0	434227#1	1
349	0	434227#10	0
349	0	434227#11	0
349	0	434227#12	0
349	0	434227#2	0
349	0	434227#40	1
349	0	434227#44	0
349	0	434227#49	0
349	0	434227#51	0
349	0	434227#8	0
357	0	312047#0	0
357	0	527616#0	0
357	0	546495#1	0
357	0	603995#0	0
357	0	603995#3	0
357	0	631362#3	0
357	0	6380#0	1
357	0	6380#14	0
357	0	6380#8	0
357	0	696168#0	0
359	0	137895#28	0
359	0	138059#0	0
359	0	247269#0	1
359	0	247269#3	1
359	0	269958#0	0
359	0	375829#0	0
359	0	469388#8	0
359	0	579044#0	0
359	0	580438#0	1
359	0	580438#1	0
361	0	1570#2	0
361	0	1570#8	0
361	0	263098#4	0
361	0	41787#3	0
361	0	4770#0	0
361	0	517706#1	0
361	0	529079#0	0
361	0	555175#10	1
361	0	637897#10	0
361	0	8289#0	0
363	0	1427#0	0
363	0	267372#11	1
363	0	267372#4	1
363	0	267372#9	0
363	0	382135#0	0
363	0	461000#0	0
363	0	558125#0	0
363	0	597017#0	0
363	0	597020#0	0
363	0	685254#0	0
363	0	69718#0	0
366	0	2834#0	0
366	0	2961#0	1
366	0	2961#1	0
366	0	428669#12	0
366	0	509027#0	0
366	0	509047#0	0
366	0	509134#0	0
366	0	509491#0	0
366	0	519254#0	0
366	0	89904#4	0
367	0	1351#0	1
367	0	245379#0	0
367	0	245379#1	0
367	0	2656#0	0
367	0	2656#2	0
367	0	634828#0	0
367	0	646686#2	0
367	0	64711#1	0
367	0	648582#1	0
367	0	693181#2	0
374	0	297953#1	0
374	0	396550#1	0
374	0	514192#2	0
374	0	5223#1	0
374	0	681104#3	0
374	0	696255#1	0
374	0	717706#1	0
374	0	7703#0	1
374	0	7703#1	0
374	0	7703#3	0
391	0	1098#28	0
391	0	1098#4	1
391	0	1098#9	1
391	0	1497#77	1
391	0	297717#0	1
391	0	346967#1	1
391	0	363244#1	1
391	0	4428#0	1
391	0	4428#13	0
391	0	4428#19	0
393	0	291720#2	1
393	0	322848#1	0
393	0	322848#10	0
393	0	322848#11	0
393	0	322848#13	0
393	0	416381#0	0
393	0	624461#12	0
393	0	628751#31	0
393	0	636695#1	0
393	0	636695#2	0
393	0	686090#0	0
4	0	395916#0	0
4	0	468729#0	0
4	0	596941#0	0
4	0	614680#0	0
4	0	626097#0	0
4	0	659471#0	0
4	0	663248#0	0
4	0	713734#0	0
4	0	717942#0	1
4	0	717942#36	0
42	0	10689#0	0
42	0	10689#4	0
42	0	252004#2	0
42	0	4428#1	1
42	0	571212#2	0
42	0	63977#12	0
42	0	664582#1	0
42	0	664582#3	0
42	0	70447#3	0
42	0	9129#8	1
420	0	18294#23	0
420	0	18298#11	0
420	0	547578#14	0
420	0	547578#30	0
420	0	555410#0	0
420	0	631830#11	0
420	0	631830#2	1
420	0	631830#3	0
420	0	631830#35	0
420	0	631830#7	0
426	0	566715#0	0
426	0	566715#1	0
426	0	566715#11	0
426	0	566715#14	0
426	0	566715#15	0
426	0	566715#16	0
426	0	566715#19	0
426	0	566715#3	0
426	0	566715#8	0
426	0	566715#9	1
436	0	312453#11	0
436	0	36117#0	1
436	0	36117#1	1
436	0	36117#2	0
436	0	401850#1	0
436	0	481029#5	0
436	0	560671#7	0
436	0	64152#6	0
436	0	695020#17	0
436	0	696779#0	0
436	0	71262#11	0
438	0	2906#0	1
438	0	408533#0	0
438	0	428716#0	0
438	0	43142#6	0
438	0	469134#0	1
438	0	473616#5	0
438	0	527055#7	1
438	0	640306#17	0
438	0	653849#19	0
438	0	89196#1	1
438	0	92858#5	1
441	0	18843#3	0
441	0	245805#0	0
441	0	251693#1	0
441	0	31216#0	0
441	0	342552#5	0
441	0	36109#0	0
441	0	36111#0	0
441	0	372877#0	1
441	0	455649#0	0
447	0	292434#2	0
447	0	342592#0	0
447	0	367537#0	1
447	0	517000#0	0
447	0	517127#0	0
447	0	5216#0	0
447	0	597313#0	0
447	0	666717#0	0
447	0	68352#1	1
447	0	92829#0	0
464	0	26254#6	1
464	0	546898#1	1
464	0	546898#13	0
464	0	546898#27	1
464	0	546898#34	1
464	0	546898#46	1
464	0	546898#48	1
464	0	546898#8	0
464	0	61644#0	1
464	0	69948#0	0
464	0	69948#1	1
465	0	119876#0	1
465	0	16146#0	1
465	0	255674#0	0
465	0	429665#1	0
465	0	433835#4	1
465	0	442530#0	1
465	0	539288#0	0
465	0	606404#2	0
465	0	6388#0	0
465	0	659278#0	0
465	0	96401#1	0
466	0	10349#67	1
466	0	266013#0	0
466	0	3220#28	0
466	0	35674#1	0
466	0	35674#2	0
466	0	35674#36	0
466	0	35674#39	0
466	0	35674#4	0
466	0	42961#1	0
466	0	42961#3	0
466	0	61523#6	0
468	0	2663#0	0
468	0	563296#1	0
468	0	647028#0	1
468	0	647028#4	1
468	0	648683#1	0
468	0	667115#0	0
468	0	678672#0	0
468	0	681564#0	0
468	0	684468#0	0
468	0	7549#0	0
471	0	10823#0	0
471	0	1109#24	0
471	0	341565#0	1
471	0	349810#0	0
471	0	349810#3	1
471	0	349810#40	0
471	0	349810#5	0
471	0	349810#7	0
471	0	431740#2	0
471	0	494637#1	0
471	0	7763#5	0
479	0	2047#7	0
479	0	3120#2	0
479	0	3120#3	1
479	0	3120#4	0
479	0	3120#5	0
479	0	3120#6	0
479	0	312431#1	0
479	0	42892#2	0
479	0	4306#2	0
479	0	515290#1	0
483	0	108271#2	0
483	0	110299#0	0
483	0	110303#0	0
483	0	110304#0	0
483	0	110304#2	0
483	0	110326#0	1
483	0	110326#3	0
483	0	110326#4	0
483	0	255934#0	0
483	0	255934#1	0
485	0	249364#0	0
485	0	249364#1	1
485	0	249364#10	0
485	0	249364#12	0
485	0	249364#14	0
485	0	249364#18	0
485	0	249364#3	1
485	0	249364#8	0
485	0	356103#0	0
485	0	543632#11	1
488	0	1568#0	0
488	0	1568#1	0
488	0	1568#11	1
488	0	1568#14	0
488	0	1568#2	0
488	0	1568#9	0
488	0	249224#0	0
488	0	342587#8	0
488	0	369720#11	0
488	0	481621#1	0
488	0	5920#17	0
488	0	81565#9	0
493	0	138795#1	1
493	0	370400#23	1
493	0	370400#24	0
493	0	370400#25	1
493	0	428904#2	1
493	0	4762#0	1
493	0	4762#1	0
493	0	4993#29	0
493	0	72478#2	0
493	0	9156#16	1
500	0	307717#1	0
500	0	323168#0	0
500	0	466779#0	0
500	0	513291#2	0
500	0	613679#0	0
500	0	681695#0	0
500	0	76999#1	1
500	0	76999#19	1
500	0	76999#5	1
500	0	76999#7	0
507	0	11605#8	0
507	0	2574#4	0
507	0	2850#21	0
507	0	311850#1	0
507	0	312210#1	1
507	0	5067#4	0
507	0	513022#2	0
507	0	532424#1	0
507	0	554586#13	0
507	0	659277#1	0
509	0	13902#1	1
509	0	280417#1	0
509	0	283340#1	0
509	0	288780#1	0
509	0	290667#1	0
509	0	298700#1	0
509	0	353593#1	0
509	0	361759#1	1
509	0	436554#4	0
509	0	552327#1	0
509	0	558866#1	0
509	0	573016#1	0
515	0	2047#0	0
515	0	2047#10	0
515	0	2047#12	0
515	0	2047#19	0
515	0	2047#21	0
515	0	2047#3	1
515	0	2047#32	0
515	0	2047#4	0
515	0	530011#1	0
515	0	638686#1	0
516	0	111756#0	0
516	0	112053#0	0
516	0	112082#0	0
516	0	112962#0	0
516	0	113544#0	0
516	0	416549#0	0
516	0	435460#0	0
516	0	4763#2	1
516	0	64215#0	0
516	0	64223#0	0
517	0	11605#8	0
517	0	311850#1	0
517	0	312210#1	1
517	0	312210#13	0
517	0	312210#5	0
517	0	312210#6	0
517	0	312210#9	0
517	0	400897#0	0
517	0	400897#1	0
517	0	82918#2	0
518	0	14167#0	0
518	0	14181#0	0
518	0	2459#1	1
518	0	2459#15	0
518	0	2459#19	0
518	0	2459#22	0
518	0	2459#30	0
518	0	42066#2	0
518	0	68131#2	0
518	0	9183#0	1
518	0	9187#3	0
533	0	11817#3	0
533	0	268638#0	1
533	0	268638#1	1
533	0	268638#4	1
533	0	274116#5	0
533	0	298956#4	0
533	0	34123#2	0
533	0	61126#5	0
533	0	704445#0	1
533	0	72026#2	0
536	0	138059#0	0
536	0	138059#3	1
536	0	138059#5	0
536	0	252600#5	0
536	0	269662#8	0
536	0	579044#0	0
536	0	627324#1	0
536	0	647411#0	0
536	0	663425#1	0
536	0	92839#11	0
545	0	1345#0	1
545	0	527028#0	0
545	0	527028#1	1
545	0	527616#1	0
545	0	606183#0	0
545	0	606370#1	0
545	0	606434#1	1
545	0	606491#1	1
545	0	606501#0	1
545	0	606827#0	1
545	0	6380#0	1
549	0	36194#0	1
549	0	36194#1	0
549	0	377689#0	0
549	0	4050#4	0
549	0	407210#0	0
549	0	518667#0	0
549	0	518667#2	0
549	0	518667#6	0
549	0	655249#0	0
549	0	82798#1	0
551	0	246275#0	0
551	0	246861#0	0
551	0	328131#0	0
551	0	351987#2	0
551	0	422080#0	0
551	0	458466#0	0
551	0	603519#0	0
551	0	666749#23	0
551	0	689185#1	0
551	0	693077#1	1
551	0	695256#0	0
56	0	1526#4	1
56	0	16160#2	0
56	0	2139#1	0
56	0	2139#6	1
56	0	296968#2	0
56	0	584932#1	1
56	0	584932#2	0
56	0	623415#1	0
56	0	675343#3	0
56	0	95139#2	0
57	0	110214#33	0
57	0	115413#7	0
57	0	3332#9	0
57	0	420649#0	1
57	0	420649#3	1
57	0	454264#6	0
57	0	460414#3	0
57	0	465067#0	0
57	0	465067#3	0
57	0	465067#5	0
57	0	468741#5	0
571	0	286124#0	0
571	0	286124#1	1
571	0	286124#2	0
571	0	286124#4	0
571	0	286124#5	0
571	0	287920#0	0
571	0	351499#0	0
571	0	560115#0	0
571	0	574523#0	0
571	0	61194#0	0
574	0	11686#2	0
574	0	11690#9	0
574	0	3051#0	1
574	0	3051#11	0
574	0	3051#12	0
574	0	3051#14	0
574	0	3051#9	1
574	0	396480#2	0
574	0	445338#0	0
574	0	565983#1	0
591	0	547578#10	0
591	0	547578#14	0
591	0	547578#30	0
591	0	555410#0	0
591	0	631830#16	0
591	0	631830#2	1
591	0	631830#3	0
591	0	631830#36	0
591	0	631830#7	0
591	0	89196#0	1
606	0	264402#1	0
606	0	274122#1	0
606	0	384955#1	0
606	0	42210#0	0
606	0	42210#1	1
606	0	42210#13	0
606	0	42210#2	0
606	0	42210#21	0
606	0	42210#4	0
606	0	42210#9	0
614	0	10183#0	0
614	0	1112#2	0
614	0	246800#5	0
614	0	312407#0	0
614	0	312407#1	1
614	0	312407#3	0
614	0	461993#4	0
614	0	545427#5	0
614	0	626627#9	0
614	0	711842#0	0
614	0	711842#2	0
615	0	321873#0	0
615	0	517656#0	0
615	0	61500#0	0
615	0	71774#0	0
615	0	81541#0	0
615	0	9197#0	0
615	0	9283#0	1
615	0	9283#1	0
615	0	9283#3	0
615	0	9283#4	0
63	0	11817#0	0
63	0	11825#0	0
63	0	1551#2	0
63	0	15844#79	0
63	0	2374#0	0
63	0	306492#0	1
63	0	450011#0	0
63	0	545474#1	1
63	0	5531#0	1
63	0	5531#2	0
63	0	9743#0	0
636	0	472815#0	0
636	0	472815#1	0
636	0	472815#2	1
636	0	472815#3	1
636	0	472815#4	0
636	0	472815#7	0
636	0	472815#8	0
636	0	497887#1	0
636	0	498079#11	0
636	0	9271#14	0
637	0	336562#1	0
637	0	42987#0	1
637	0	42987#1	1
637	0	42987#2	0
637	0	42987#5	0
637	0	42987#7	0
637	0	42987#8	0
637	0	42987#9	0
637	0	541241#0	0
637	0	542993#1	0
639	0	264226#0	1
639	0	264226#10	0
639	0	264226#3	1
639	0	264226#4	0
639	0	264226#5	0
639	0	455870#3	0
639	0	456044#1	0
639	0	456044#8	0
639	0	606886#2	0
639	0	636793#25	0
64	0	4710#0	0
64	0	4710#14	0
64	0	4710#15	0
64	0	4710#16	0
64	0	4710#2	1
64	0	4710#20	0
64	0	4710#24	0
64	0	4710#5	0
64	0	4710#8	0
64	0	577435#0	0
653	0	1117#4	0
653	0	246632#12	0
653	0	41843#0	0
653	0	41843#7	1
653	0	492645#0	0
653	0	492645#6	0
653	0	629468#42	0
653	0	63623#22	0
653	0	83364#1	0
653	0	83365#3	1
653	0	8428#20	0
660	0	15844#11	0
660	0	4720#0	1
660	0	4720#1	0
660	0	4720#17	0
660	0	4720#2	0
660	0	4720#3	0
660	0	4720#32	0
660	0	5281#6	0
660	0	543851#1	0
660	0	76111#18	1
662	0	105133#3	1
662	0	106519#1	0
662	0	1568#6	1
662	0	33447#0	0
662	0	33447#1	1
662	0	343277#1	0
662	0	500462#1	0
662	0	59157#2	0
662	0	63731#1	0
662	0	79946#6	1
67	0	366954#30	0
67	0	4098#5	0
67	0	486957#0	0
67	0	486957#1	0
67	0	486957#10	0
67	0	486957#11	1
67	0	486957#12	0
67	0	486957#5	1
67	0	487074#0	0
67	0	487382#0	0
67	0	9426#0	0
675	0	10638#0	0
675	0	1570#2	1
675	0	354685#3	0
675	0	369720#7	0
675	0	370400#24	0
675	0	398524#0	0
675	0	4763#2	1
675	0	498431#3	0
675	0	697495#2	0
675	0	8289#0	0
681	0	10349#31	0
681	0	10482#0	1
681	0	271218#9	0
681	0	35306#2	0
681	0	561604#0	1
681	0	561604#1	1
681	0	637197#4	0
681	0	66521#2	0
681	0	66521#3	1
681	0	68192#4	0
686	0	10188#1	1
686	0	104855#1	0
686	0	119874#0	0
686	0	1270#16	1
686	0	1270#18	0
686	0	18053#3	0
686	0	3096#1	0
686	0	407886#0	0
686	0	5223#1	1
686	0	7703#0	1
686	0	7703#1	0
69	0	12113#6	0
69	0	356158#2	0
69	0	4763#10	1
69	0	546496#1	0
69	0	546496#26	0
69	0	666733#0	0
69	0	705257#2	0
69	0	705257#5	1
69	0	8289#0	0
69	0	8289#9	0
692	0	1115#5	0
692	0	12051#1	0
692	0	33447#1	0
692	0	364725#0	1
692	0	544772#5	0
692	0	546378#2	0
692	0	555330#2	0
692	0	59528#1	0
692	0	64121#0	0
692	0	658812#3	0
701	0	11817#0	0
701	0	11821#0	0
701	0	11825#0	0
701	0	18217#9	0
701	0	251454#0	1
701	0	2905#4	0
701	0	446228#1	0
701	0	446228#5	0
701	0	6700#0	0
701	0	682422#1	0
706	0	19840#1	0
706	0	251578#7	0
706	0	261790#15	0
706	0	296002#0	0
706	0	343306#0	0
706	0	343306#1	1
706	0	343306#9	0
706	0	407210#0	0
706	0	581383#1	0
706	0	70505#1	0
710	0	413723#2	0
710	0	460152#1	0
710	0	461933#0	0
710	0	461999#0	0
710	0	465100#0	1
710	0	465100#1	1
710	0	465100#2	0
710	0	465100#3	0
710	0	465100#9	0
710	0	523790#1	0
715	0	266252#1	0
715	0	4050#3	0
715	0	4050#4	0
715	0	518108#1	0
715	0	635116#1	0
715	0	666749#2	0
715	0	9362#1	0
715	0	95896#0	1
715	0	95896#1	0
715	0	95896#2	0
72	0	1528#11	0
72	0	1528#25	0
72	0	177624#0	1
72	0	177624#1	1
72	0	177624#10	0
72	0	177624#2	0
72	0	177624#6	0
72	0	177624#7	0
72	0	63946#0	1
72	0	63946#5	0
72	0	63946#6	0
723	0	17638#7	0
723	0	256926#6	0
723	0	4051#1	1
723	0	4051#18	1
723	0	4051#29	0
723	0	4051#35	0
723	0	4051#7	0
723	0	534602#2	0
723	0	576430#3	0
723	0	602675#0	0
723	0	657087#0	0
748	0	24106#2	1
748	0	2962#0	1
748	0	2962#2	0
748	0	2962#4	0
748	0	2962#7	0
748	0	473235#0	0
748	0	571223#0	1
748	0	590095#6	0
748	0	590136#0	0
748	0	674922#2	1
753	0	345738#3	0
753	0	467373#0	0
753	0	467373#1	0
753	0	467373#10	0
753	0	467373#12	0
753	0	467373#14	0
753	0	467373#16	0
753	0	467373#17	0
753	0	467373#4	1
753	0	467373#5	0
758	0	17967#3	0
758	0	2139#5	0
758	0	251020#3	1
758	0	251020#7	0
758	0	288779#1	0
758	0	359301#1	0
758	0	392636#0	0
758	0	430184#1	0
758	0	440915#1	0
758	0	95454#1	0
768	0	16658#1	0
768	0	17888#5	0
768	0	321766#3	0
768	0	671275#0	1
768	0	822#2	1
768	0	822#29	0
768	0	822#31	0
768	0	822#49	0
768	0	822#53	0
768	0	822#57	0
771	0	246042#0	0
771	0	246984#0	0
771	0	2637#0	0
771	0	2637#13	1
771	0	2637#2	0
771	0	2637#22	0
771	0	2637#28	0
771	0	41800#0	0
771	0	554459#3	0
771	0	568970#0	0
776	0	12010#5	0
776	0	529324#2	0
776	0	530108#2	0
776	0	565924#9	0
776	0	566668#31	0
776	0	6272#4	0
776	0	64109#3	0
776	0	8917#1	0
776	0	8917#3	1
776	0	8917#5	0
783	0	10464#2	0
783	0	1116#90	0
783	0	1328#2	1
783	0	1328#3	0
783	0	1356#0	0
783	0	13924#0	1
783	0	13924#19	0
783	0	13924#2	0
783	0	13924#25	0
783	0	13924#3	0
783	0	66997#0	0
786	0	112960#0	0
786	0	288482#0	0
786	0	290205#1	0
786	0	291187#0	1
786	0	291187#1	0
786	0	291187#2	0
786	0	291187#3	0
786	0	292754#0	0
786	0	314282#0	0
786	0	329031#0	0
791	0	33144#0	0
791	0	431573#0	0
791	0	4710#0	0
791	0	4710#2	1
791	0	4710#24	0
791	0	4710#5	1
791	0	536258#0	0
791	0	566774#0	0
791	0	577659#1	0
791	0	646362#2	0
797	0	18832#2	0
797	0	253600#0	0
797	0	264227#1	0
797	0	298034#0	1
797	0	308946#1	0
797	0	329208#1	0
797	0	365084#3	0
797	0	435278#1	0
797	0	555762#1	0
797	0	72523#1	0
808	0	1247#0	0
808	0	250047#4	0
808	0	283358#0	0
808	0	319964#0	0
808	0	330282#17	0
808	0	393847#0	1
808	0	495526#4	0
808	0	496797#10	0
808	0	552303#31	0
808	0	6372#0	0
808	0	73477#0	1
811	0	1169#0	1
811	0	1169#2	0
811	0	1169#4	0
811	0	1169#6	0
811	0	1169#7	0
811	0	606056#0	0
811	0	606056#5	1
811	0	606370#1	1
811	0	607565#1	0
811	0	65246#0	0
814	0	16610#18	0
814	0	2565#2	0
814	0	318265#1	0
814	0	332163#0	1
814	0	332173#0	0
814	0	484053#1	0
814	0	693688#5	0
814	0	73116#0	0
814	0	73116#2	0
814	0	76943#1	0
816	0	377189#0	0
816	0	377885#4	0
816	0	584106#0	0
816	0	584106#1	1
816	0	584106#12	0
816	0	584106#2	0
816	0	584106#24	0
816	0	584106#3	0
816	0	584106#47	0
828	0	593574#10	0
828	0	593574#11	0
828	0	593574#14	0
828	0	593574#3	1
828	0	593574#4	0
828	0	593574#5	0
828	0	593574#6	0
828	0	593574#7	0
828	0	593574#9	0
838	0	3354#0	1
838	0	3354#14	0
838	0	3354#16	0
838	0	3354#17	0
838	0	3354#23	0
838	0	3354#3	1
838	0	3354#5	0
838	0	430920#12	0
838	0	69639#1	0
838	0	72680#1	0
843	0	11473#3	0
843	0	11473#4	0
843	0	330416#2	0
843	0	42210#15	0
843	0	480182#2	0
843	0	498874#0	1
843	0	498874#1	0
843	0	498874#5	0
843	0	498874#7	0
843	0	571779#1	0
847	0	251920#37	0
847	0	251920#4	0
847	0	251920#42	0
847	0	322848#0	0
847	0	322848#1	0
847	0	322848#3	0
847	0	322848#9	0
847	0	41885#3	0
847	0	636695#0	0
847	0	636695#1	1
847	0	636695#2	0
849	0	1197#0	0
849	0	1197#1	1
849	0	1197#11	0
849	0	1197#12	0
849	0	1197#2	0
849	0	1197#5	0
849	0	1197#7	0
849	0	1197#9	0
849	0	245334#1	0
849	0	466545#8	0
854	0	1116#81	1
854	0	269938#2	0
854	0	549821#9	1
854	0	607519#0	0
854	0	70301#0	1
854	0	70301#10	0
854	0	70301#11	0
854	0	70301#12	0
854	0	70301#22	0
854	0	70301#5	0
868	0	1108#0	0
868	0	1108#28	0
868	0	1109#2	0
868	0	1116#3	1
868	0	1123#1	0
868	0	317718#6	0
868	0	439263#1	0
868	0	4884#2	0
868	0	546495#1	0
868	0	66880#32	0
868	0	66901#1	0
874	0	10650#11	0
874	0	492645#0	1
874	0	492645#10	0
874	0	492645#16	0
874	0	492645#3	0
874	0	492645#4	0
874	0	492645#5	0
874	0	492645#6	0
874	0	492645#9	0
874	0	540668#0	0
882	0	343277#1	0
882	0	374015#0	1
882	0	402417#0	1
882	0	463840#0	0
882	0	465363#0	0
882	0	547551#14	0
882	0	549749#4	0
882	0	554408#1	0
882	0	634496#0	0
882	0	96862#0	1
884	0	3716#33	0
884	0	413831#2	0
884	0	455506#1	0
884	0	645300#2	0
884	0	74100#0	1
884	0	74100#4	0
884	0	74100#5	0
884	0	74100#6	0
884	0	75246#0	0
884	0	78332#0	0
887	0	413630#1	0
887	0	556063#1	1
887	0	74100#0	0
887	0	74100#15	0
887	0	74100#4	1
887	0	74100#6	0
887	0	74100#8	0
887	0	75245#0	0
887	0	76648#29	0
887	0	81113#0	0
891	0	113031#0	1
891	0	113031#1	0
891	0	113031#2	1
891	0	113031#3	1
891	0	113031#4	0
891	0	113031#5	0
891	0	330282#3	0
891	0	66346#28	0
891	0	66346#29	1
891	0	673056#0	0
893	0	112997#2	0
893	0	14288#0	1
893	0	2755#1	1
893	0	442335#2	0
893	0	556063#1	1
893	0	596970#1	0
893	0	616876#1	0
893	0	6254#12	0
893	0	69777#8	0
893	0	75237#1	0
893	0	76648#26	0
90	0	15595#3	0
90	0	15596#0	0
90	0	15596#1	1
90	0	15596#2	0
90	0	15606#1	0
90	0	2522#2	0
90	0	2538#3	0
90	0	2697#1	0
90	0	34257#2	0
90	0	598233#0	0
901	0	19211#6	0
901	0	33117#1	1
901	0	356887#11	0
901	0	364842#1	0
901	0	700150#1	0
901	0	7462#4	0
901	0	7714#0	1
901	0	7715#1	0
901	0	7735#1	0
901	0	9643#2	0
903	0	138479#1	1
903	0	15847#43	1
903	0	15847#44	0
903	0	249614#1	0
903	0	249614#2	1
903	0	354471#0	0
903	0	371594#1	0
903	0	6273#0	1
903	0	6273#1	1
903	0	78447#3	1
926	0	36167#0	0
926	0	42636#3	0
926	0	42639#3	1
926	0	43210#0	0
926	0	695343#3	0
926	0	7774#0	1
926	0	7774#1	0
926	0	7774#16	0
926	0	7774#25	0
926	0	7774#26	0
926	0	7774#3	0
926	0	7774#32	0
934	0	378894#1	0
934	0	378894#55	0
934	0	378894#67	0
934	0	378894#79	0
934	0	443017#0	1
934	0	468427#0	0
934	0	469830#0	0
934	0	505865#0	0
934	0	703536#0	0
934	0	704562#1	0
935	0	359112#0	0
935	0	447731#1	0
935	0	447731#2	0
935	0	607591#3	0
935	0	660203#0	0
935	0	660203#1	1
935	0	660203#3	0
935	0	663930#0	0
935	0	663930#1	0
935	0	664546#20	0
939	0	248345#5	0
939	0	375103#2	0
939	0	42150#0	1
939	0	42150#1	0
939	0	4712#1	0
939	0	4712#8	0
939	0	645248#3	0
939	0	645248#6	0
939	0	664860#6	0
939	0	8310#31	0
940	0	2047#13	0
940	0	2047#22	0
940	0	2047#30	1
940	0	347979#3	0
940	0	517889#1	0
940	0	76688#3	0
940	0	89919#1	1
940	0	89919#16	0
940	0	89919#2	0
940	0	89919#6	0
941	0	104827#0	0
941	0	322570#1	0
941	0	36194#0	1
941	0	36194#1	0
941	0	36194#12	0
941	0	36194#2	0
941	0	518667#0	0
941	0	518667#1	0
941	0	518667#2	0
941	0	518667#3	0
941	0	518667#6	0
944	0	608346#1	1
944	0	608356#1	0
944	0	608364#0	1
944	0	608364#1	0
944	0	608364#14	0
944	0	608364#15	0
944	0	608364#2	0
944	0	608364#4	0
944	0	608368#1	0
944	0	608492#3	0
952	0	508288#22	1
952	0	535707#1	0
952	0	584431#2	0
952	0	602037#1	0
952	0	678372#1	0
952	0	689266#9	0
952	0	697723#1	0
952	0	697723#14	0
952	0	697723#30	0
952	0	72190#18	0
952	0	91070#3	0
958	0	295233#3	0
958	0	390751#1	0
958	0	393869#1	0
958	0	396076#2	0
958	0	397582#7	1
958	0	397637#0	1
958	0	397637#1	0
958	0	397637#2	0
958	0	397637#4	1
958	0	397637#5	0
966	0	307674#3	0
966	0	34641#24	0
966	0	370400#19	0
966	0	370400#8	0
966	0	428148#4	0
966	0	4520#0	0
966	0	4520#1	0
966	0	4520#12	0
966	0	4520#9	1
966	0	83214#11	0
966	0	9503#0	0
974	0	1542#19	0
974	0	286814#2	0
974	0	311850#1	0
974	0	394177#1	0
974	0	562439#1	1
974	0	562439#15	0
974	0	562439#3	1
974	0	562439#7	0
974	0	626866#41	0
974	0	654860#3	0
978	0	262770#0	0
978	0	3220#0	0
978	0	3220#10	0
978	0	3220#14	0
978	0	3220#2	1
978	0	3220#25	0
978	0	3220#27	0
978	0	3220#8	0
978	0	3220#9	0
978	0	61523#0	0
979	0	1528#0	1
979	0	1528#15	1
979	0	1528#26	0
979	0	153148#0	0
979	0	177624#11	0
979	0	407405#0	0
979	0	63946#0	1
979	0	63946#14	0
979	0	63946#5	0
979	0	63946#6	0
979	0	72501#5	0
979	0	95585#2	1
979	0	95595#3	1
993	0	345869#0	0
993	0	345869#27	0
993	0	345869#3	1
993	0	345869#5	0
993	0	345869#6	0
993	0	4050#0	0
993	0	4050#4	0
993	0	41461#1	0
993	0	532058#0	0
993	0	82351#1	0
997	0	110193#0	1
997	0	110193#1	1
997	0	110193#11	1
997	0	110193#3	0
997	0	110193#5	0
997	0	110193#6	0
997	0	110193#7	0
997	0	110813#1	0
997	0	115700#6	0
997	0	519632#17	0
