1003	0	376769#0	0
1003	0	64704#0	1
1003	0	64704#16	0
1003	0	64704#17	0
1003	0	64704#18	0
1003	0	64704#22	0
1003	0	64704#24	0
1003	0	64704#30	0
1003	0	64704#5	0
1003	0	64704#9	0
1004	0	151057#7	0
1004	0	17294#1	1
1004	0	17294#10	0
1004	0	28560#0	0
1004	0	350532#0	0
1004	0	393850#0	0
1004	0	459378#0	0
1004	0	516629#0	0
1004	0	562397#0	0
1004	0	666801#0	0
1014	0	136480#3	0
1014	0	306210#25	0
1014	0	37852#0	1
1014	0	37852#11	0
1014	0	37852#19	0
1014	0	37852#2	1
1014	0	37852#49	0
1014	0	37852#5	0
1014	0	395536#0	0
1014	0	58259#1	0
1014	0	732214#1	0
1035	0	134806#0	1
1035	0	135794#11	0
1035	0	237844#19	0
1035	0	237844#34	0
1035	0	237844#37	0
1035	0	237844#41	0
1035	0	237844#53	0
1035	0	237844#8	0
1035	0	237844#96	0
1035	0	675148#0	0
1035	0	675148#12	0
1049	0	103210#100	0
1049	0	103210#109	0
1049	0	103210#13	1
1049	0	103210#57	0
1049	0	103210#61	0
1049	0	284540#2	0
1049	0	442617#3	0
1049	0	476794#1	1
1049	0	476794#11	0
1049	0	476794#2	1
1049	0	476794#3	0
1049	0	476794#9	0
1062	0	18805#2	0
1062	0	201836#0	1
1062	0	351341#4	0
1062	0	372070#0	0
1062	0	398842#0	0
1062	0	42150#1	0
1062	0	42150#3	0
1062	0	630031#2	0
1062	0	713292#3	0
1062	0	714768#3	0
1083	0	853762#0	1
1083	0	853762#11	0
1083	0	853762#15	0
1083	0	853762#16	0
1083	0	853762#3	0
1083	0	853762#30	0
1083	0	853762#4	0
1083	0	854114#45	0
1083	0	889801#10	1
1083	0	889801#11	1
1083	0	889801#14	1
1083	0	889801#7	1
1096	0	139205#0	0
1096	0	215979#0	0
1096	0	221430#0	0
1096	0	222158#0	1
1096	0	222158#1	0
1096	0	222776#0	0
1096	0	222914#0	1
1096	0	222914#1	0
1096	0	224874#0	0
1096	0	524574#0	0
1102	0	105705#0	0
1102	0	110770#0	0
1102	0	496974#1	0
1102	0	77973#0	1
1102	0	77973#18	0
1102	0	77973#38	0
1102	0	78585#35	0
1102	0	78608#0	0
1102	0	78831#1	0
1102	0	79065#0	0
1142	0	1010#0	0
1142	0	1010#10	0
1142	0	143547#5	0
1142	0	149428#1	1
1142	0	149460#5	0
1142	0	212713#7	1
1142	0	473893#0	0
1142	0	473893#2	0
1142	0	502017#4	1
1142	0	502017#6	1
1145	0	174473#6	0
1145	0	219516#2	0
1145	0	236659#0	0
1145	0	236659#10	0
1145	0	236659#4	1
1145	0	236659#5	0
1145	0	236659#6	0
1145	0	352932#1	0
1145	0	365389#3	0
1145	0	47201#4	0
1170	0	120716#0	0
1170	0	20262#1	0
1170	0	217869#0	1
1170	0	217869#1	0
1170	0	217869#2	0
1170	0	255127#0	0
1170	0	327829#1	0
1170	0	450844#1	0
1170	0	517122#1	0
1170	0	732782#1	0
1173	0	122884#4	0
1173	0	153664#5	0
1173	0	24830#6	0
1173	0	25141#8	0
1173	0	259254#3	0
1173	0	28558#0	1
1173	0	353986#22	0
1173	0	379541#3	0
1173	0	56292#3	0
1173	0	65583#19	0
1173	0	864615#82	0
1187	0	116195#1	0
1187	0	146657#4	0
1187	0	208246#12	0
1187	0	329604#11	0
1187	0	406628#2	0
1187	0	43051#3	1
1187	0	43051#9	0
1187	0	8007#44	0
1187	0	813381#1	0
1187	0	950463#0	0
1206	0	271393#0	1
1206	0	271393#1	0
1206	0	271393#10	0
1206	0	271393#13	0
1206	0	271393#5	0
1206	0	271393#6	0
1206	0	271393#7	0
1206	0	271393#8	0
1206	0	335484#4	0
1206	0	779268#0	0
122	0	133828#11	0
122	0	168755#0	0
122	0	174954#0	0
122	0	215731#0	0
122	0	399398#1	0
122	0	567847#2	0
122	0	7708#0	0
122	0	7708#3	1
122	0	85156#6	0
122	0	975657#0	0
1245	0	12911#0	1
1245	0	12911#106	0
1245	0	12911#3	0
1245	0	359045#0	0
1245	0	359045#10	0
1245	0	359045#21	0
1245	0	359045#25	0
1245	0	359045#28	0
1245	0	359045#4	0
1245	0	359045#5	0
1245	0	979725#1	0
1253	0	10998#0	0
1253	0	14017#0	0
1253	0	14017#1	0
1253	0	19824#0	1
1253	0	249220#0	0
1253	0	310031#0	0
1253	0	310527#25	0
1253	0	628869#0	0
1253	0	7442#3	0
1253	0	747166#0	0
1255	0	399537#0	0
1255	0	42557#0	1
1255	0	42557#1	0
1255	0	42557#2	0
1255	0	42557#4	0
1255	0	42557#6	0
1255	0	42557#7	0
1255	0	42557#8	0
1255	0	492093#0	0
1255	0	54154#0	0
1259	0	3540#4	1
1259	0	3554#0	0
1259	0	3554#10	1
1259	0	363968#16	0
1259	0	363968#42	0
1259	0	363968#6	0
1259	0	365720#139	0
1259	0	390086#2	0
1259	0	390210#2	0
1259	0	4100#15	0
1269	0	114963#12	0
1269	0	1915#0	1
1269	0	1915#3	0
1269	0	1915#4	0
1269	0	1915#7	0
1269	0	232651#51	0
1269	0	24465#39	0
1269	0	335682#31	0
1269	0	356307#6	0
1269	0	491858#4	0
1284	0	240531#10	0
1284	0	240531#4	0
1284	0	240531#5	0
1284	0	240531#6	0
1284	0	240531#8	0
1284	0	240531#9	0
1284	0	344620#1	0
1284	0	344620#3	0
1284	0	59193#0	1
1284	0	95800#6	0
1305	0	17473#1	0
1305	0	1924#0	1
1305	0	33329#3	0
1305	0	33937#0	0
1305	0	4402#1	0
1305	0	5177#6	0
1305	0	58156#1	0
1305	0	584892#0	0
1305	0	671385#0	0
1305	0	823#55	0
1306	0	315257#2	0
1306	0	320049#0	0
1306	0	442667#0	1
1306	0	442667#1	1
1306	0	442667#14	0
1306	0	442667#2	0
1306	0	442667#3	0
1306	0	442667#35	0
1306	0	442667#36	0
1306	0	442667#4	0
1313	0	320183#0	0
1313	0	320183#1	1
1313	0	320183#11	0
1313	0	320183#12	0
1313	0	320183#15	0
1313	0	320183#17	0
1313	0	320183#18	0
1313	0	320183#3	0
1313	0	320183#6	0
1313	0	320183#9	0
1337	0	1231#0	1
1337	0	170805#0	0
1337	0	179271#0	0
1337	0	27548#0	0
1337	0	425006#0	0
1337	0	425068#67	0
1337	0	525441#0	0
1337	0	78890#1	0
1337	0	844019#0	0
1337	0	94283#0	0
1345	0	44795#0	1
1345	0	44795#10	0
1345	0	44795#11	0
1345	0	44795#12	0
1345	0	44795#13	0
1345	0	44795#17	0
1345	0	44795#18	1
1345	0	44795#22	0
1345	0	44795#29	0
1345	0	44795#33	0
1345	0	44795#36	0
1348	0	1937#24	0
1348	0	25625#0	1
1348	0	353070#3	1
1348	0	373578#8	0
1348	0	468066#1	0
1348	0	541563#8	0
1348	0	70992#20	0
1348	0	765205#2	0
1348	0	877781#0	0
1348	0	94477#2	0
1350	0	4236#7	1
1350	0	4249#0	0
1350	0	4253#1	0
1350	0	4253#24	0
1350	0	4261#0	0
1350	0	4261#1	0
1350	0	4261#31	0
1350	0	4261#4	0
1350	0	4261#43	0
1350	0	4281#14	0
1356	0	736156#10	0
1356	0	736156#15	0
1356	0	736156#5	0
1356	0	736156#8	0
1356	0	743345#14	0
1356	0	743345#2	1
1356	0	743345#20	0
1356	0	743345#32	1
1356	0	806789#0	0
1356	0	806789#41	1
1356	0	893504#0	0
1358	0	134585#1	0
1358	0	212271#0	0
1358	0	260347#0	0
1358	0	55532#1	0
1358	0	55532#11	0
1358	0	55532#12	0
1358	0	56123#2	1
1358	0	56123#5	0
1358	0	69833#0	1
1358	0	759007#0	0
136	0	14722#0	0
136	0	14722#10	0
136	0	14722#12	0
136	0	14722#13	0
136	0	14722#17	0
136	0	14722#18	0
136	0	14722#19	0
136	0	14722#3	0
136	0	14722#4	1
136	0	14722#8	0
136	0	190123#7	0
1364	0	157367#0	0
1364	0	157855#0	0
1364	0	183047#0	0
1364	0	183047#1	0
1364	0	183054#0	0
1364	0	258199#0	0
1364	0	291870#0	1
1364	0	291870#4	1
1364	0	641229#0	0
1364	0	641229#1	0
1364	0	744133#1	0
1364	0	915380#0	0
1368	0	159473#0	1
1368	0	159473#1	1
1368	0	159473#2	0
1368	0	159473#29	0
1368	0	159473#3	0
1368	0	159473#37	0
1368	0	159473#4	0
1368	0	159473#6	0
1368	0	159473#8	0
1368	0	972705#1	0
1377	0	6175#0	1
1377	0	6175#11	1
1377	0	6175#17	0
1377	0	6175#22	1
1377	0	6175#23	1
1377	0	6175#24	1
1377	0	71085#2	0
1377	0	71085#3	0
1377	0	71258#2	1
1377	0	71309#1	0
1390	0	116321#1	0
1390	0	116321#2	0
1390	0	133643#0	0
1390	0	159866#1	0
1390	0	167559#3	1
1390	0	167570#0	1
1390	0	167570#1	0
1390	0	167575#0	0
1390	0	543230#9	0
1390	0	759813#2	0
1394	0	55532#6	0
1394	0	56155#0	0
1394	0	56155#10	0
1394	0	56155#11	0
1394	0	56155#12	0
1394	0	56155#14	0
1394	0	56155#17	0
1394	0	56155#7	1
1394	0	56155#9	1
1394	0	759007#3	0
1396	0	17781#0	1
1396	0	304508#1	0
1396	0	559464#1	0
1396	0	877932#0	0
1396	0	964223#0	0
1396	0	964223#18	0
1396	0	964223#19	0
1396	0	964223#21	0
1396	0	964223#3	0
1396	0	964223#4	0
1396	0	964223#8	0
1418	0	11674#25	0
1418	0	14722#0	0
1418	0	14722#10	0
1418	0	14722#17	0
1418	0	14722#18	0
1418	0	14722#19	0
1418	0	14722#3	0
1418	0	14722#7	1
1418	0	190123#1	0
1418	0	62007#1	0
142	0	135805#33	0
142	0	185626#11	0
142	0	206158#0	0
142	0	206158#1	0
142	0	206158#2	1
142	0	206158#3	0
142	0	267685#1	0
142	0	577462#0	0
142	0	827#3	0
142	0	908484#33	0
1421	0	11758#0	1
1421	0	11760#12	0
1421	0	11760#3	0
1421	0	299451#0	0
1421	0	299451#1	0
1421	0	442940#0	0
1421	0	5927#1	1
1421	0	5927#2	0
1421	0	6939#0	0
1421	0	6939#3	1
1421	0	769466#2	0
1428	0	40388#0	0
1428	0	40388#1	0
1428	0	761829#0	1
1428	0	761829#12	0
1428	0	761829#25	0
1428	0	761829#5	1
1428	0	761829#8	0
1428	0	773164#3	0
1428	0	773164#5	0
1428	0	823904#0	0
1430	0	130989#5	0
1430	0	202656#2	0
1430	0	306281#0	0
1430	0	525813#3	0
1430	0	530858#1	0
1430	0	530858#2	0
1430	0	63252#5	1
1430	0	63252#6	0
1430	0	63252#7	0
1430	0	63261#2	0
144	0	161067#0	0
144	0	161133#1	1
144	0	218325#0	0
144	0	881965#12	0
144	0	881966#0	0
144	0	881966#5	0
144	0	881966#6	0
144	0	881967#0	0
144	0	881967#3	0
144	0	975000#1	0
1440	0	137816#2	0
1440	0	180350#0	0
1440	0	237523#1	0
1440	0	356642#0	1
1440	0	57347#23	0
1440	0	600957#0	0
1440	0	610487#1	0
1440	0	763900#6	0
1440	0	763900#8	0
1440	0	933006#1	0
1501	0	19536#0	0
1501	0	319820#0	0
1501	0	449355#0	0
1501	0	685421#0	1
1501	0	685421#1	1
1501	0	82514#0	0
1501	0	850480#0	0
1501	0	859890#0	0
1501	0	934171#0	0
1501	0	935164#0	0
1511	0	123391#0	0
1511	0	123478#0	0
1511	0	123507#0	0
1511	0	123507#1	0
1511	0	383929#0	0
1511	0	383929#1	1
1511	0	383929#3	0
1511	0	383929#4	0
1511	0	383929#5	0
1511	0	383929#6	0
1515	0	76947#0	0
1515	0	96522#1	0
1515	0	96522#12	1
1515	0	96522#18	0
1515	0	96522#21	0
1515	0	96522#22	0
1515	0	96522#3	1
1515	0	96522#38	0
1515	0	96522#5	0
1515	0	96522#7	0
1521	0	1000011#0	0
1521	0	265625#0	0
1521	0	337983#0	1
1521	0	340255#0	0
1521	0	356228#0	0
1521	0	709544#0	0
1521	0	754976#0	0
1521	0	779816#0	0
1521	0	827123#0	0
1521	0	869159#0	0
1535	0	253844#1	1
1547	0	135284#2	0
1547	0	198068#2	0
1547	0	198068#3	1
1547	0	198068#33	0
1547	0	28180#4	0
1547	0	315817#2	0
1547	0	36884#18	0
1547	0	386699#3	0
1547	0	456801#2	0
1547	0	835653#0	0
1554	0	32953#10	1
1554	0	32955#3	1
1554	0	5519#0	0
1554	0	5519#56	1
1554	0	5519#57	1
1554	0	5519#59	1
1554	0	5519#61	1
1554	0	5519#62	0
1554	0	5519#7	0
1554	0	5519#80	0
1554	0	5519#81	0
1554	0	5519#9	0
1554	0	881344#0	0
1555	0	140510#0	0
1555	0	151638#0	1
1555	0	151638#3	0
1555	0	17662#0	0
1555	0	195572#1	0
1555	0	228097#0	0
1555	0	297571#1	0
1555	0	421924#1	0
1555	0	424951#1	0
1555	0	70037#0	0
1555	0	959876#1	0
156	0	14321#0	0
156	0	14908#0	1
156	0	152611#11	0
156	0	15995#2	0
156	0	235181#0	0
156	0	2698#0	1
156	0	2698#3	1
156	0	34905#13	0
156	0	3557#0	0
156	0	514345#0	0
156	0	988858#2	0
1580	0	132244#1	1
1580	0	132244#10	0
1580	0	132244#15	0
1580	0	132244#18	0
1580	0	132244#21	0
1580	0	132244#23	0
1580	0	132244#6	0
1580	0	850282#0	0
1580	0	850282#15	0
1580	0	850282#17	0
1580	0	850282#20	0
1594	0	101630#0	0
1594	0	190952#0	1
1594	0	35117#1	0
1594	0	371428#0	0
1594	0	374628#2	0
1594	0	458069#2	0
1594	0	4944#0	0
1594	0	4946#2	0
1594	0	651103#0	0
1594	0	654145#0	0
1594	0	775636#0	0
1609	0	158684#0	1
1609	0	480013#0	0
1609	0	572345#3	0
1609	0	72960#0	1
1609	0	72960#2	0
1609	0	72960#27	0
1609	0	72960#29	0
1609	0	72960#9	0
1609	0	75432#12	0
1609	0	75432#9	1
1619	0	242922#1	0
1619	0	242922#2	0
1619	0	242922#6	0
1619	0	43460#0	1
1619	0	43460#10	0
1619	0	43460#26	1
1619	0	43460#33	0
1619	0	43460#35	0
1619	0	43460#40	0
1619	0	43460#5	0
1626	0	191597#0	0
1626	0	53263#0	0
1626	0	53263#1	1
1626	0	53263#2	0
1626	0	53263#3	0
1626	0	53263#4	0
1626	0	53263#6	0
1626	0	53263#8	0
1626	0	874029#2	0
1626	0	875299#0	0
1626	0	875299#1	0
1688	0	4783#2	0
1688	0	520024#0	0
1688	0	520024#2	0
1688	0	5895#20	0
1688	0	60473#5	0
1688	0	667284#3	0
1688	0	670#14	0
1688	0	688#2	0
1688	0	688#4	1
1688	0	688#5	1
1698	0	108381#4	0
1698	0	219264#5	0
1698	0	266325#29	0
1698	0	279874#2	0
1698	0	38305#0	1
1698	0	38305#6	1
1698	0	479716#31	0
1698	0	52175#11	0
1698	0	705750#31	0
1698	0	740756#2	0
1698	0	943706#1	0
1704	0	171240#1	0
1704	0	254810#1	0
1704	0	265893#3	0
1704	0	320998#27	0
1704	0	50496#3	1
1704	0	532193#1	0
1704	0	595236#1	0
1704	0	637431#0	0
1704	0	703003#0	0
1704	0	703003#4	0
1709	0	206982#0	0
1709	0	207152#3	0
1709	0	362890#40	0
1709	0	362890#46	0
1709	0	362890#53	0
1709	0	362890#70	0
1709	0	423491#1	0
1709	0	5133#0	1
1709	0	5133#2	0
1709	0	60402#0	1
174	0	148008#0	1
174	0	148008#2	0
174	0	148008#3	0
174	0	239189#2	0
174	0	239189#5	0
174	0	543080#0	0
174	0	543080#3	0
174	0	888328#0	0
174	0	888328#1	0
174	0	965247#1	0
177	0	41115#1	1
177	0	41115#2	0
177	0	41115#4	0
177	0	50904#0	1
177	0	50904#1	0
177	0	63610#1	0
177	0	75876#3	1
177	0	76080#5	1
177	0	76497#14	1
177	0	76497#25	0
177	0	76497#3	1
1775	0	238905#15	1
1775	0	2644#7	0
1775	0	50543#1	1
1775	0	50543#2	0
1775	0	781294#0	1
1775	0	781294#1	1
1775	0	781294#10	0
1775	0	781294#17	1
1775	0	781294#3	1
1775	0	781440#4	1
1775	0	906886#1	1
1809	0	13301#3	0
1809	0	246893#1	0
1809	0	265553#19	0
1809	0	291058#11	0
1809	0	294871#5	0
1809	0	322876#2	0
1809	0	44328#0	1
1809	0	59325#19	1
1809	0	6993#15	1
1809	0	77808#2	0
1809	0	783880#0	0
1815	0	105416#0	0
1815	0	105416#1	0
1815	0	145693#3	0
1815	0	37241#0	0
1815	0	37241#1	1
1815	0	37241#5	1
1815	0	37335#0	0
1815	0	47842#1	0
1815	0	47992#1	0
1815	0	47992#7	0
1840	0	12431#47	0
1840	0	20659#0	0
1840	0	20659#1	0
1840	0	20659#2	0
1840	0	20659#23	1
1840	0	213930#3	0
1840	0	291435#2	0
1840	0	312457#6	0
1840	0	44346#8	0
1840	0	49702#16	0
1840	0	662047#11	0
1858	0	206205#97	1
1858	0	220726#0	1
1858	0	220726#14	0
1858	0	220726#5	0
1858	0	220726#8	0
1858	0	292465#0	0
1858	0	328175#0	0
1858	0	334916#0	0
1858	0	623865#1	0
1858	0	643126#0	1
1859	0	180504#0	1
1859	0	265921#0	0
1859	0	387213#0	0
1859	0	472285#1	0
1859	0	64217#0	0
1859	0	64228#0	0
1859	0	787155#0	0
1859	0	787305#0	0
1859	0	86131#0	0
1859	0	974184#0	0
1871	0	110412#1	0
1871	0	158155#3	0
1871	0	4232#0	1
1871	0	4232#11	0
1871	0	4232#13	0
1871	0	4232#3	0
1871	0	4232#4	0
1871	0	4232#7	1
1871	0	4249#4	0
1871	0	712989#5	0
1873	0	352291#1	0
1873	0	97402#1	0
1873	0	97402#10	0
1873	0	97402#14	1
1873	0	97402#16	0
1873	0	97402#17	1
1873	0	97402#2	0
1873	0	97402#27	0
1873	0	97402#5	0
1873	0	97402#8	0
1879	0	1990#0	1
1879	0	1990#11	1
1879	0	1990#13	0
1879	0	1990#14	0
1879	0	1990#16	0
1879	0	1990#17	0
1879	0	1990#18	0
1879	0	1990#33	1
1879	0	2074#13	0
1879	0	33180#3	0
1883	0	363800#0	0
1883	0	363800#10	0
1883	0	363800#12	0
1883	0	363800#20	0
1883	0	363800#3	0
1883	0	363800#4	1
1883	0	363800#5	0
1883	0	363800#9	0
1883	0	85555#5	0
1883	0	922513#4	0
1883	0	971454#2	0
1885	0	19647#0	1
1885	0	248106#0	0
1885	0	33755#0	0
1885	0	34320#0	1
1885	0	38419#0	1
1885	0	415885#0	0
1885	0	4475#0	1
1885	0	4475#1	1
1885	0	4475#10	0
1885	0	4475#9	1
1919	0	12100#0	1
1919	0	12100#17	0
1919	0	12100#3	0
1919	0	126830#0	0
1919	0	178970#0	0
1919	0	218053#0	0
1919	0	234574#1	0
1919	0	234576#0	0
1919	0	373833#1	0
1919	0	488763#1	0
192	0	170636#0	0
192	0	170636#1	1
192	0	170636#10	0
192	0	170636#12	0
192	0	170636#15	0
192	0	170636#20	0
192	0	170636#3	0
192	0	170636#32	0
192	0	170636#33	0
192	0	170636#4	0
1920	0	15703#13	0
1920	0	174857#0	0
1920	0	192653#2	0
1920	0	202765#5	0
1920	0	283832#2	0
1920	0	286434#12	0
1920	0	377497#1	0
1920	0	511896#0	0
1920	0	548058#1	0
1920	0	67533#1	1
1920	0	84088#3	0
1972	0	355856#1	0
1972	0	556382#51	0
1972	0	629009#0	0
1972	0	801596#8	0
1972	0	806287#19	1
1972	0	813135#5	0
1972	0	840918#1	0
1972	0	840918#21	0
1972	0	974698#46	1
1972	0	974698#6	1
2006	0	154047#8	0
2006	0	178200#0	0
2006	0	178295#0	0
2006	0	1937#1	1
2006	0	25625#0	1
2006	0	353070#3	1
2006	0	671844#2	0
2006	0	819637#1	0
2006	0	863013#4	0
2006	0	877781#0	0
2006	0	934066#0	0
201	0	226339#0	0
201	0	312314#5	0
201	0	48130#4	0
201	0	550433#15	0
201	0	625166#24	0
201	0	668340#1	0
201	0	8217#9	0
201	0	823#60	1
201	0	83865#4	0
201	0	86547#2	0
2016	0	189043#0	0
2016	0	273411#0	0
2016	0	31637#31	0
2016	0	33171#14	0
2016	0	44961#0	0
2016	0	498191#0	0
2016	0	5360#0	1
2016	0	5360#14	0
2016	0	605841#0	0
2016	0	8109#10	0
2016	0	8109#9	0
202	0	197198#4	0
202	0	303360#0	1
202	0	303360#10	0
202	0	303360#11	0
202	0	303360#13	0
202	0	303360#15	0
202	0	303360#2	0
202	0	303360#4	0
202	0	303360#5	0
202	0	303360#9	0
204	0	30674#0	0
204	0	30674#1	1
204	0	30674#3	0
204	0	30674#4	0
204	0	30674#5	0
204	0	436992#2	0
204	0	496536#1	0
204	0	644214#25	0
204	0	809#1	0
204	0	809#8	0
2052	0	214086#5	0
2052	0	230084#1	0
2052	0	258218#0	0
2052	0	305275#0	0
2052	0	54270#17	0
2052	0	54270#35	0
2052	0	54270#57	0
2052	0	54270#6	0
2052	0	54270#81	1
2052	0	54270#82	0
2052	0	54270#84	0
2052	0	62520#4	1
2067	0	120639#1	0
2067	0	220283#0	0
2067	0	220283#1	1
2067	0	309681#0	0
2067	0	368258#8	0
2067	0	600452#1	0
2067	0	604052#0	0
2067	0	718576#1	0
2067	0	745871#7	0
2067	0	772023#0	0
2067	0	949413#0	0
2070	0	11674#13	0
2070	0	12279#5	0
2070	0	12279#6	0
2070	0	12289#3	1
2070	0	1847#9	0
2070	0	31412#4	0
2070	0	50748#18	0
2070	0	61536#8	0
2070	0	641229#4	0
2070	0	6858#7	0
2070	0	6858#9	0
2079	0	12125#27	0
2079	0	139873#0	0
2079	0	1820#13	1
2079	0	1820#14	0
2079	0	209744#1	1
2079	0	4496#47	0
2079	0	4496#67	1
2079	0	5951#9	0
2079	0	59917#0	1
2079	0	59917#4	1
2079	0	810934#0	0
2084	0	336885#1	1
2084	0	336885#13	1
2084	0	336885#14	0
2084	0	336885#16	1
2084	0	336885#21	0
2084	0	336885#7	0
2084	0	336885#8	0
2084	0	336885#9	0
2084	0	3746#20	0
2084	0	50516#5	0
2089	0	106765#0	0
2089	0	17168#0	1
2089	0	17168#2	1
2089	0	17168#3	1
2089	0	17168#5	1
2089	0	17168#8	1
2089	0	20501#0	1
2089	0	20501#3	0
2089	0	554212#0	0
2089	0	66896#2	0
2089	0	96221#6	0
210	0	110412#1	0
210	0	19587#2	0
210	0	19587#26	0
210	0	4232#0	1
210	0	4232#13	1
210	0	4232#7	1
210	0	66489#11	0
210	0	814997#27	0
210	0	814997#33	0
210	0	825262#0	0
210	0	84473#10	0
2111	0	524276#0	0
2111	0	567706#0	0
2111	0	779992#0	1
2111	0	779992#1	0
2111	0	779992#10	0
2111	0	779992#11	0
2111	0	779992#13	0
2111	0	779992#2	0
2111	0	779992#7	0
2111	0	813294#0	0
212	0	54725#0	0
212	0	54725#12	0
212	0	54725#14	0
212	0	54725#23	0
212	0	54725#3	0
212	0	54725#5	1
212	0	54725#6	0
212	0	54725#7	0
212	0	54725#9	0
212	0	897044#2	0
2122	0	114096#4	0
2122	0	4781#1	1
2122	0	5443#1	0
2122	0	5444#1	1
2122	0	5444#3	0
2122	0	5444#6	1
2122	0	5501#0	1
2122	0	5501#14	0
2122	0	5501#2	0
2122	0	559368#0	0
2122	0	84088#3	0
2124	0	173997#0	0
2124	0	180328#3	0
2124	0	220200#0	1
2124	0	220200#2	0
2124	0	25681#2	0
2124	0	44304#0	0
2124	0	620849#7	0
2124	0	928823#0	0
2124	0	928823#1	0
2124	0	951252#0	0
2124	0	951252#3	0
2125	0	122351#1	0
2125	0	124028#1	0
2125	0	154005#10	0
2125	0	154005#16	0
2125	0	154005#2	1
2125	0	154005#28	0
2125	0	154005#6	0
2125	0	197123#2	1
2125	0	201424#0	0
2125	0	277475#0	0
2125	0	956590#0	0
2128	0	158520#0	0
2128	0	26149#20	1
2128	0	33187#5	0
2128	0	4226#21	0
2128	0	44939#0	1
2128	0	48356#0	0
2128	0	515461#0	0
2128	0	5759#0	0
2128	0	636130#0	0
2128	0	86481#0	0
2128	0	93955#0	0
2134	0	191494#8	0
2134	0	208246#12	0
2134	0	416032#2	0
2134	0	43051#0	1
2134	0	43051#3	0
2134	0	636707#0	0
2134	0	749#19	0
2134	0	8007#44	0
2134	0	813381#1	0
2134	0	950463#0	0
2141	0	12546#0	1
2141	0	12546#1	0
2141	0	12546#2	0
2141	0	24320#0	0
2141	0	4020#0	0
2141	0	48495#2	0
2141	0	536689#0	0
2141	0	710690#0	0
2141	0	745871#0	0
2141	0	98035#0	0
2165	0	179441#0	0
2165	0	194880#0	0
2165	0	224959#0	0
2165	0	287822#0	0
2165	0	40649#0	1
2165	0	40649#1	1
2165	0	40649#6	0
2165	0	40649#7	0
2165	0	40649#9	0
2165	0	52037#1	0
2180	0	148946#0	0
2180	0	148946#1	1
2180	0	148946#2	0
2180	0	195763#1	0
2180	0	195763#2	0
2180	0	250203#0	0
2180	0	343294#0	0
2180	0	6032#1	1
2180	0	6032#2	0
2180	0	84656#3	0
2198	0	127593#0	0
2198	0	170314#1	0
2198	0	21256#12	1
2198	0	266070#2	0
2198	0	348540#0	0
2198	0	35128#7	0
2198	0	38017#0	1
2198	0	730576#0	0
2198	0	769121#0	0
2198	0	844843#0	0
2198	0	9702#4	0
2205	0	159473#0	1
2205	0	159473#26	0
2205	0	159473#27	0
2205	0	159473#36	0
2205	0	159473#37	0
2205	0	159473#39	0
2205	0	159473#4	0
2205	0	159473#41	0
2205	0	301523#5	0
2205	0	351815#14	0
2205	0	359045#10	0
2212	0	1937#5	0
2212	0	37665#6	0
2212	0	43860#2	0
2212	0	5256#0	1
2212	0	5256#7	0
2212	0	5256#8	0
2212	0	5256#9	0
2212	0	62617#2	0
2212	0	665#4	0
2212	0	70992#1	0
2212	0	887078#1	0
2228	0	11232#2	1
2228	0	12834#10	0
2228	0	17648#53	0
2228	0	17648#6	0
2228	0	236023#1	0
2228	0	43247#0	1
2228	0	6000#11	0
2228	0	671#3	1
2228	0	69653#9	1
2228	0	7892#10	0
2228	0	936#34	0
2252	0	235121#0	0
2252	0	271506#1	1
2252	0	3777#0	1
2252	0	4208#69	0
2252	0	514345#1	0
2252	0	60227#8	0
2252	0	659972#89	1
2252	0	716849#1	0
2252	0	732798#9	0
2252	0	92211#53	1
2256	0	130776#2	1
2256	0	152224#0	1
2256	0	450253#1	1
2256	0	476371#0	0
2256	0	482833#0	0
2256	0	486063#0	0
2256	0	487052#0	0
2256	0	490891#0	0
2256	0	493992#0	0
2256	0	9655#2	0
2260	0	134544#8	0
2260	0	221552#1	0
2260	0	240635#0	1
2260	0	240635#1	0
2260	0	240635#11	0
2260	0	240635#2	0
2260	0	240635#4	0
2260	0	240635#6	0
2260	0	240635#7	0
2260	0	272303#1	0
230	0	275872#0	0
230	0	3026#0	0
230	0	3026#2	1
230	0	33442#0	0
230	0	349032#0	0
230	0	618160#0	0
230	0	629402#0	1
230	0	665786#0	0
230	0	737974#0	1
230	0	77081#0	0
230	0	832785#0	0
230	0	985632#0	0
2308	0	151314#1	0
2308	0	154835#2	0
2308	0	157341#0	1
2308	0	317494#0	0
2308	0	485164#6	0
2308	0	537795#0	0
2308	0	77973#2	1
2308	0	80018#0	1
2308	0	80018#2	0
2308	0	934#2	1
2320	0	140418#0	1
2320	0	140418#10	0
2320	0	140418#15	0
2320	0	140418#24	0
2320	0	140418#26	0
2320	0	140418#6	0
2320	0	140418#8	0
2320	0	328419#0	0
2320	0	992261#0	0
2320	0	992261#1	0
2330	0	177758#0	0
2330	0	2519#0	1
2330	0	2568#22	0
2330	0	259202#0	0
2330	0	302283#0	0
2330	0	33422#2	0
2330	0	445077#0	0
2330	0	565869#0	0
2330	0	891191#0	0
2330	0	938990#112	0
2340	0	11601#7	0
2340	0	290810#1	0
2340	0	303689#3	0
2340	0	352614#0	0
2340	0	36832#4	0
2340	0	7156#0	0
2340	0	7156#19	1
2340	0	7156#4	0
2340	0	763676#2	0
2340	0	948604#5	0
2356	0	172534#1	0
2356	0	20838#59	0
2356	0	39433#0	1
2356	0	468711#0	0
2356	0	570533#0	0
2356	0	598321#3	0
2356	0	599024#0	1
2356	0	605144#0	0
2356	0	65923#8	0
2356	0	806278#2	1
2356	0	841202#1	0
2357	0	116728#0	0
2357	0	246159#3	0
2357	0	246159#7	0
2357	0	246159#8	0
2357	0	264905#13	0
2357	0	264905#8	0
2357	0	56147#0	0
2357	0	607855#0	0
2357	0	95098#0	0
2357	0	95098#2	1
2360	0	110604#2	0
2360	0	152948#4	0
2360	0	176565#2	0
2360	0	209829#2	0
2360	0	341845#1	0
2360	0	342255#2	0
2360	0	5148#14	0
2360	0	76722#4	0
2360	0	81083#4	1
2360	0	95047#0	0
2360	0	993832#1	0
2375	0	4047#0	1
2375	0	4047#1	0
2375	0	4047#10	0
2375	0	4047#13	0
2375	0	4047#52	0
2375	0	505258#0	1
2375	0	5549#0	0
2375	0	7043#0	0
2375	0	7136#0	0
2375	0	86011#0	1
2382	0	154047#8	0
2382	0	1937#1	1
2382	0	1937#24	0
2382	0	1937#43	0
2382	0	25625#0	1
2382	0	353070#3	0
2382	0	765205#2	0
2382	0	765205#7	0
2382	0	807044#0	0
2382	0	94477#2	0
2383	0	384938#2	0
2383	0	40345#0	0
2383	0	40345#1	1
2383	0	40345#13	0
2383	0	40345#17	0
2383	0	40345#22	0
2383	0	40345#23	0
2383	0	589153#0	0
2383	0	734840#0	0
2383	0	739114#2	0
2400	0	11751#0	0
2400	0	11758#0	0
2400	0	299451#0	0
2400	0	299651#0	0
2400	0	442940#0	1
2400	0	6939#0	0
2400	0	6939#3	0
2400	0	744599#0	0
2400	0	80020#1	0
2400	0	907838#0	1
2448	0	209899#2	0
2448	0	224268#0	0
2448	0	28015#0	0
2448	0	43467#0	0
2448	0	76392#0	1
2448	0	76392#13	0
2448	0	76392#14	0
2448	0	76392#2	0
2448	0	76392#5	0
2448	0	76392#7	0
2448	0	76392#9	0
2459	0	285193#0	0
2459	0	285193#1	1
2459	0	285193#2	1
2459	0	285193#3	0
2459	0	285193#4	0
2459	0	285193#6	0
2459	0	457264#3	0
2459	0	566326#1	0
2459	0	608211#9	0
2459	0	774117#0	0
2459	0	85934#0	0
2475	0	220770#5	0
2475	0	255464#2	0
2475	0	255464#4	1
2475	0	255464#5	0
2475	0	425249#4	0
2475	0	438451#1	0
2475	0	440119#2	0
2475	0	4434#12	0
2475	0	556129#1	0
2475	0	575919#1	0
2527	0	139945#3	0
2527	0	203504#2	1
2527	0	256488#2	0
2527	0	504313#0	0
2527	0	70645#0	0
2527	0	70645#1	0
2527	0	70645#2	0
2527	0	70645#5	0
2527	0	70645#6	1
2527	0	70645#8	0
253	0	13047#0	0
253	0	146617#0	0
253	0	146617#1	1
253	0	146617#7	0
253	0	217719#0	0
253	0	217958#1	0
253	0	249549#0	0
253	0	284529#0	0
253	0	37327#0	0
253	0	849310#0	0
2538	0	280930#0	0
2538	0	445100#0	0
2538	0	445100#2	0
2538	0	525910#0	0
2538	0	538121#0	0
2538	0	68433#0	0
2538	0	68752#0	1
2538	0	68752#1	1
2538	0	68752#2	0
2538	0	85468#0	0
2549	0	107756#0	1
2549	0	107756#2	1
2549	0	184994#2	0
2549	0	190038#3	0
2549	0	747246#2	0
2549	0	747336#0	1
2549	0	748117#12	0
2549	0	757092#0	1
2549	0	763662#2	1
2549	0	778464#5	0
2549	0	819229#0	1
2561	0	13251#0	1
2561	0	13251#1	0
2561	0	13251#7	0
2561	0	13251#8	0
2561	0	266678#0	0
2561	0	269825#0	0
2561	0	328655#1	0
2561	0	581001#0	0
2561	0	625336#2	0
2561	0	80947#10	0
2563	0	140057#0	0
2563	0	146195#4	0
2563	0	146819#6	0
2563	0	214035#1	0
2563	0	214035#16	0
2563	0	214035#3	0
2563	0	217308#0	0
2563	0	221353#0	0
2563	0	221353#1	1
2563	0	372131#22	0
2563	0	684680#0	0
2583	0	225795#0	1
2583	0	225795#2	0
2583	0	225795#3	0
2583	0	225795#4	0
2583	0	225795#5	0
2583	0	641936#0	0
2583	0	641936#1	0
2583	0	703105#4	0
2583	0	763936#5	0
2583	0	84284#0	0
2606	0	196945#8	0
2606	0	41010#3	0
2606	0	712706#0	0
2606	0	712733#0	0
2606	0	75976#1	0
2606	0	75976#11	0
2606	0	75976#18	0
2606	0	75976#4	1
2606	0	75976#6	0
2606	0	75976#8	0
2606	0	877014#4	0
2617	0	114244#0	0
2617	0	137619#0	1
2617	0	137619#2	0
2617	0	137619#26	0
2617	0	137619#3	0
2617	0	137619#31	0
2617	0	137619#4	0
2617	0	137619#7	0
2617	0	335484#4	0
2617	0	56795#1	0
2622	0	232651#0	1
2622	0	232651#1	0
2622	0	232651#16	0
2622	0	232651#17	0
2622	0	232651#21	0
2622	0	232651#28	0
2622	0	232651#29	0
2622	0	232651#47	0
2622	0	232651#50	0
2622	0	232651#8	0
2638	0	2122#13	1
2638	0	2122#14	0
2638	0	2122#16	1
2638	0	2122#18	0
2638	0	2122#22	0
2638	0	2122#27	0
2638	0	2122#32	0
2638	0	2122#5	0
2638	0	2122#6	0
2638	0	45605#3	0
2673	0	158607#7	0
2673	0	34082#1	1
2673	0	34082#11	0
2673	0	34082#15	0
2673	0	34082#8	1
2673	0	34082#9	0
2673	0	57553#0	0
2673	0	57553#1	0
2673	0	57553#6	0
2673	0	620884#7	0
2673	0	91797#1	0
2681	0	130990#2	0
2681	0	217398#4	0
2681	0	23996#72	0
2681	0	255025#0	0
2681	0	255025#1	0
2681	0	255025#2	1
2681	0	4942#4	0
2681	0	78373#0	0
2681	0	901574#2	0
2681	0	909607#0	0
2702	0	10853#42	0
2702	0	201757#0	0
2702	0	201757#15	0
2702	0	203400#0	0
2702	0	265921#0	0
2702	0	307830#0	0
2702	0	38305#0	0
2702	0	3875#42	0
2702	0	851047#0	1
2702	0	8514#68	0
271	0	249009#8	0
271	0	315258#6	0
271	0	445603#7	0
271	0	452246#7	0
271	0	57430#31	0
271	0	57430#54	0
271	0	57430#6	1
271	0	57430#9	0
271	0	615676#5	0
271	0	649121#9	0
271	0	74232#2	0
2710	0	126888#22	1
2710	0	168924#0	0
2710	0	168924#10	0
2710	0	168924#13	0
2710	0	168924#2	1
2710	0	168924#25	0
2710	0	168924#26	0
2710	0	168924#3	0
2710	0	168924#5	0
2710	0	168924#6	0
2726	0	11114#0	1
2726	0	11114#1	0
2726	0	11114#2	1
2726	0	141168#0	0
2726	0	188828#4	0
2726	0	264816#0	0
2726	0	318008#5	0
2726	0	48120#1	0
2726	0	56663#0	0
2726	0	573375#0	0
2731	0	106452#0	0
2731	0	191302#2	0
2731	0	28360#36	1
2731	0	28404#0	1
2731	0	437242#0	0
2731	0	625190#0	0
2731	0	98425#13	0
2731	0	98425#14	0
2731	0	98425#15	0
2731	0	98425#27	0
2731	0	98425#9	0
2742	0	176853#0	0
2742	0	184771#5	0
2742	0	62794#0	0
2742	0	62794#1	1
2742	0	62794#2	0
2742	0	62794#3	0
2742	0	62794#4	0
2742	0	62794#5	0
2742	0	62794#6	0
2742	0	62794#8	0
2744	0	106427#0	0
2744	0	129718#0	0
2744	0	16474#3	1
2744	0	17187#15	0
2744	0	17607#14	0
2744	0	2008#11	1
2744	0	20734#6	0
2744	0	227831#11	0
2744	0	35608#18	0
2744	0	563300#0	1
2749	0	141105#0	0
2749	0	141105#1	0
2749	0	141105#12	0
2749	0	141105#13	0
2749	0	141105#4	0
2749	0	141105#5	1
2749	0	141105#6	0
2749	0	141105#7	0
2749	0	141105#8	0
2749	0	141105#9	0
2758	0	19540#0	1
2758	0	230611#4	0
2758	0	252462#0	0
2758	0	263050#0	0
2758	0	277418#0	0
2758	0	40298#0	0
2758	0	549288#0	0
2758	0	578631#0	0
2758	0	617987#3	0
2758	0	627808#0	0
2758	0	787403#0	0
276	0	341524#0	1
276	0	341524#16	0
276	0	341524#17	0
276	0	341524#2	0
276	0	341524#4	0
276	0	341524#5	0
276	0	341524#7	0
276	0	493695#0	0
276	0	538141#0	0
276	0	862797#0	0
2796	0	14519#2	0
2796	0	15648#8	0
2796	0	37120#5	0
2796	0	68552#0	1
2796	0	723659#1	0
2796	0	816823#10	0
2796	0	91522#0	0
2796	0	936#103	1
2796	0	99304#0	1
2796	0	99304#5	0
2796	0	99304#6	0
2796	0	99304#7	0
2797	0	170932#2	0
2797	0	180481#0	0
2797	0	421001#0	1
2797	0	421001#20	0
2797	0	421001#24	0
2797	0	596641#0	0
2797	0	614031#0	0
2797	0	813294#0	0
2797	0	832174#0	0
2797	0	936317#0	0
281	0	201873#1	0
281	0	26343#8	0
281	0	26355#0	1
281	0	26355#11	0
281	0	26355#12	1
281	0	26355#13	0
281	0	26355#3	0
281	0	264698#18	0
281	0	809638#1	0
281	0	923370#12	0
2812	0	133649#4	0
2812	0	199198#1	0
2812	0	221238#20	0
2812	0	221238#3	1
2812	0	28862#4	0
2812	0	357548#7	0
2812	0	64614#3	0
2812	0	6621#4	0
2812	0	85470#1	0
2812	0	931571#73	0
2831	0	225515#0	0
2831	0	36058#0	1
2831	0	361562#4	0
2831	0	440617#0	0
2831	0	505347#10	0
2831	0	549576#5	0
2831	0	793241#15	0
2831	0	805818#13	0
2831	0	901764#4	0
2831	0	9919#9	0
2841	0	33264#0	1
2841	0	33264#3	0
2841	0	45257#0	1
2841	0	45352#20	0
2841	0	45425#7	0
2841	0	45433#15	0
2841	0	47141#7	0
2841	0	72768#12	0
2841	0	86946#0	0
2841	0	86946#2	0
285	0	16694#4	0
285	0	187942#30	0
285	0	329211#1	0
285	0	430653#1	0
285	0	55977#30	0
285	0	55977#48	0
285	0	706928#11	0
285	0	768247#113	0
285	0	841364#0	1
285	0	94905#8	0
2851	0	110167#45	0
2851	0	114470#2	0
2851	0	158667#28	0
2851	0	26348#20	0
2851	0	287307#17	0
2851	0	483791#2	0
2851	0	5505#8	0
2851	0	652686#0	0
2851	0	741390#38	0
2851	0	781768#0	1
2851	0	78273#6	0
2870	0	134917#1	0
2870	0	394265#1	0
2870	0	4358#0	0
2870	0	44816#0	0
2870	0	44816#1	1
2870	0	44816#18	0
2870	0	44816#3	0
2870	0	44816#5	0
2870	0	44816#8	0
2870	0	644562#1	0
2880	0	296162#4	0
2880	0	447370#6	0
2880	0	656401#1	0
2880	0	700421#1	1
2880	0	818912#11	0
2880	0	926877#6	0
2880	0	929649#2	0
2880	0	946539#1	0
2880	0	955281#1	0
2880	0	961214#1	0
2912	0	121597#0	0
2912	0	121597#1	0
2912	0	178114#3	0
2912	0	84540#0	0
2912	0	84540#2	0
2912	0	9800#0	1
2912	0	9800#12	0
2912	0	9800#35	0
2912	0	9800#54	0
2912	0	9800#59	0
2912	0	9800#60	0
2920	0	15661#0	0
2920	0	15661#1	1
2920	0	15661#2	0
2920	0	15664#15	0
2920	0	15664#16	0
2920	0	431818#0	0
2920	0	622327#0	1
2920	0	938958#1	0
2920	0	939957#0	0
2920	0	958996#1	0
2922	0	183290#1	0
2922	0	184645#2	0
2922	0	2008#0	0
2922	0	2008#15	1
2922	0	2008#24	0
2922	0	2008#34	0
2922	0	212419#1	0
2922	0	454234#3	0
2922	0	54410#1	0
2922	0	55593#3	0
2922	0	869071#0	0
2940	0	230000#0	1
2940	0	230000#1	0
2940	0	230000#14	0
2940	0	230000#18	0
2940	0	230000#19	0
2940	0	230000#22	0
2940	0	230000#23	0
2940	0	230000#5	0
2940	0	230000#6	0
2940	0	262270#2	0
2952	0	136095#1	0
2952	0	383642#0	1
2952	0	383642#11	0
2952	0	383642#12	0
2952	0	383642#13	0
2952	0	383642#2	0
2952	0	383642#4	0
2952	0	383642#6	0
2952	0	383642#7	0
2952	0	383642#9	0
2994	0	11668#35	1
2994	0	11668#37	0
2994	0	11668#4	1
2994	0	13825#13	0
2994	0	172253#3	0
2994	0	182294#1	0
2994	0	186165#2	0
2994	0	280920#1	0
2994	0	291740#1	0
2994	0	33687#2	0
2994	0	669#48	0
300	0	134655#0	0
300	0	298241#1	1
300	0	298241#25	0
300	0	298241#32	0
300	0	644212#0	0
300	0	644212#3	0
300	0	667713#0	0
300	0	667713#2	0
300	0	668488#0	0
300	0	743508#4	0
300	0	886149#7	0
3011	0	350429#9	0
3011	0	39667#1	0
3011	0	828704#0	1
3011	0	828704#1	0
3011	0	828704#3	0
3011	0	828704#4	0
3011	0	828704#6	0
3011	0	865803#0	0
3011	0	865803#3	0
3011	0	94976#0	0
302	0	135087#0	0
302	0	158346#0	0
302	0	19842#0	1
302	0	218424#0	0
302	0	22517#2	0
302	0	415107#0	0
302	0	510350#2	0
302	0	510350#3	0
302	0	510350#5	0
302	0	510350#8	0
302	0	83216#4	0
3028	0	212271#1	0
3028	0	289269#3	0
3028	0	301707#0	0
3028	0	351010#10	0
3028	0	360278#1	0
3028	0	55532#1	1
3028	0	55532#5	0
3028	0	55532#7	0
3028	0	55532#8	0
3028	0	56123#8	0
3037	0	271393#0	1
3037	0	271393#1	0
3037	0	271393#10	0
3037	0	271393#13	0
3037	0	271393#17	0
3037	0	271393#2	0
3037	0	271393#25	0
3037	0	271393#29	0
3037	0	271393#5	1
3037	0	271393#7	0
3042	0	111005#0	0
3042	0	197263#0	1
3042	0	197283#0	0
3042	0	4336#1	1
3042	0	4336#34	0
3042	0	4336#39	0
3042	0	4336#42	0
3042	0	4336#43	0
3042	0	4336#44	0
3042	0	78353#35	0
3042	0	91329#0	0
3042	0	95790#0	0
3046	0	119112#3	0
3046	0	15249#0	1
3046	0	180205#1	0
3046	0	280834#1	0
3046	0	280834#10	0
3046	0	280834#11	0
3046	0	280834#5	0
3046	0	342079#0	0
3046	0	427942#0	0
3046	0	78652#0	1
3075	0	105703#0	0
3075	0	105705#0	0
3075	0	110770#0	0
3075	0	496974#1	0
3075	0	77973#0	1
3075	0	78585#0	0
3075	0	78585#35	0
3075	0	79065#0	0
3075	0	92109#0	0
3075	0	923512#1	0
3084	0	155307#0	1
3084	0	193911#9	0
3084	0	253552#0	0
3084	0	37273#41	0
3084	0	375075#6	0
3084	0	521485#10	0
3084	0	593560#4	0
3084	0	629506#21	0
3084	0	909867#11	0
3084	0	909867#5	0
3084	0	909867#6	0
3097	0	119121#12	0
3097	0	37120#5	0
3097	0	633485#5	0
3097	0	68552#0	1
3097	0	869010#0	0
3097	0	91522#0	0
3097	0	936#103	1
3097	0	99304#0	1
3097	0	99304#32	0
3097	0	99304#48	0
3097	0	99304#5	1
3097	0	99304#6	0
3097	0	99304#7	0
3116	0	12218#0	1
3116	0	12218#14	0
3116	0	12218#4	1
3116	0	780758#0	0
3116	0	852266#0	0
3116	0	852266#3	0
3116	0	852285#3	0
3116	0	852308#0	1
3116	0	852494#0	0
3116	0	852507#0	0
3116	0	852507#2	0
3120	0	289550#2	0
3120	0	312090#1	0
3120	0	5331#0	0
3120	0	5358#0	1
3120	0	5358#19	1
3120	0	5358#26	0
3120	0	5358#27	0
3120	0	5358#6	1
3120	0	5380#1	1
3120	0	6941#0	0
3129	0	181740#0	0
3129	0	240146#0	0
3129	0	320358#2	0
3129	0	3835#0	1
3129	0	3835#30	0
3129	0	431818#0	0
3129	0	502041#0	0
3129	0	537905#0	0
3129	0	747166#0	0
3129	0	924499#0	0
315	0	113459#3	0
315	0	24448#2	1
315	0	24448#7	0
315	0	254546#0	0
315	0	2584#9	0
315	0	286764#0	0
315	0	412858#27	0
315	0	4701#1	0
315	0	4817#26	0
315	0	507684#2	0
315	0	551658#9	1
3160	0	20779#0	1
3160	0	20779#12	0
3160	0	20779#46	0
3160	0	20779#6	0
3160	0	212367#23	0
3160	0	212367#4	0
3160	0	297317#0	0
3160	0	297624#0	0
3160	0	297624#1	0
3160	0	297624#2	0
3177	0	231752#0	1
3177	0	231752#1	1
3177	0	231752#10	0
3177	0	231752#4	0
3177	0	231752#7	0
3177	0	231752#8	0
3177	0	354543#0	0
3177	0	491960#1	0
3177	0	70063#41	0
3177	0	890285#4	0
3181	0	5622#14	0
3181	0	5622#17	1
3181	0	5622#21	0
3181	0	5622#3	0
3181	0	5622#39	1
3181	0	5622#47	0
3181	0	5622#52	0
3181	0	5622#53	0
3181	0	5622#54	0
3181	0	92143#1	0
3181	0	93893#1	0
3183	0	10613#4	0
3183	0	10613#8	0
3183	0	240435#0	0
3183	0	240435#1	0
3183	0	240435#10	0
3183	0	240435#2	0
3183	0	240435#3	1
3183	0	240435#9	0
3183	0	27999#14	0
3183	0	362890#8	0
3185	0	108249#0	0
3185	0	306636#7	0
3185	0	31979#0	0
3185	0	42149#2	0
3185	0	43460#40	0
3185	0	490627#28	0
3185	0	529232#1	0
3185	0	529232#2	1
3185	0	529232#3	0
3185	0	617448#6	0
3185	0	75876#4	0
3188	0	147891#2	0
3188	0	153153#3	0
3188	0	179640#15	0
3188	0	32408#3	0
3188	0	32409#13	0
3188	0	32409#7	1
3188	0	375075#3	0
3188	0	43992#5	0
3188	0	62539#4	0
3188	0	673#15	1
3188	0	934#22	0
3189	0	115385#5	0
3189	0	131231#1	0
3189	0	13342#1	0
3189	0	139086#6	0
3189	0	161146#1	0
3189	0	205440#6	0
3189	0	282495#0	0
3189	0	43806#8	1
3189	0	55674#22	0
3189	0	6372#0	0
3189	0	85156#7	0
3213	0	14667#2	0
3213	0	14667#4	0
3213	0	14673#0	0
3213	0	14673#1	1
3213	0	14673#20	0
3213	0	14673#5	0
3213	0	14673#6	1
3213	0	14673#7	1
3213	0	14673#9	0
3213	0	1743#15	0
3224	0	108172#0	0
3224	0	108172#1	0
3224	0	108172#10	0
3224	0	108172#11	0
3224	0	108172#5	0
3224	0	108172#6	0
3224	0	108172#7	1
3224	0	153786#39	0
3224	0	158196#8	0
3224	0	411855#1	0
3239	0	2032#0	0
3239	0	2032#12	0
3239	0	2032#23	0
3239	0	2032#75	0
3239	0	30643#16	0
3239	0	558879#8	0
3239	0	610022#2	0
3239	0	610022#4	1
3239	0	610022#5	0
3239	0	96358#23	1
3279	0	133183#1	0
3279	0	13548#0	1
3279	0	136097#0	0
3279	0	15635#2	0
3279	0	18805#2	0
3279	0	230186#1	0
3279	0	4697#19	0
3279	0	4697#3	0
3279	0	4697#4	1
3279	0	47116#3	0
3279	0	617855#0	0
3285	0	38417#1	0
3285	0	38417#8	0
3285	0	400128#4	0
3285	0	470362#1	0
3285	0	553365#1	0
3285	0	879375#12	0
3285	0	879375#8	0
3285	0	912582#10	0
3285	0	922697#10	1
3285	0	996607#1	0
3291	0	11195#42	0
3291	0	11195#45	0
3291	0	11195#48	0
3291	0	187942#16	1
3291	0	221996#36	0
3291	0	221996#37	0
3291	0	70836#1	0
3291	0	70836#12	0
3291	0	70836#2	0
3291	0	70836#3	0
3313	0	23385#0	0
3313	0	28284#13	0
3313	0	286257#0	0
3313	0	514704#0	0
3313	0	64009#0	1
3313	0	64009#1	1
3313	0	64009#2	1
3313	0	64009#3	1
3313	0	673358#2	0
3313	0	896345#24	0
3315	0	127331#0	1
3315	0	127331#2	0
3315	0	167310#4	0
3315	0	211359#0	0
3315	0	258888#3	0
3315	0	282192#1	0
3315	0	283832#1	0
3315	0	379367#1	0
3315	0	511654#3	0
3315	0	650293#0	0
3315	0	748356#3	0
3352	0	109962#4	0
3352	0	11219#10	0
3352	0	11219#2	1
3352	0	11219#29	0
3352	0	122446#1	0
3352	0	305249#7	0
3352	0	354530#2	0
3352	0	37665#7	0
3352	0	472975#3	0
3352	0	746761#3	0
3363	0	1919#74	0
3363	0	1919#75	0
3363	0	32263#8	0
3363	0	5761#0	0
3363	0	5761#1	0
3363	0	5761#12	0
3363	0	5761#2	1
3363	0	5761#4	1
3363	0	59536#0	0
3363	0	63591#17	0
3363	0	899170#0	0
3384	0	110167#17	0
3384	0	11387#9	0
3384	0	156009#0	1
3384	0	156009#11	0
3384	0	156009#23	0
3384	0	156009#6	0
3384	0	156009#72	0
3384	0	156009#75	0
3384	0	438434#20	0
3384	0	4542#28	0
3384	0	765572#3	0
34	0	106169#8	0
34	0	125860#1	0
34	0	193882#1	1
34	0	207325#1	0
34	0	219626#5	0
34	0	39528#3	0
34	0	56164#5	0
34	0	6131#0	0
34	0	6131#2	0
34	0	6131#3	1
3406	0	1001149#0	0
3406	0	411248#0	0
3406	0	490892#0	0
3406	0	585238#0	0
3406	0	669185#0	0
3406	0	669185#4	0
3406	0	751916#0	0
3406	0	829975#0	1
3406	0	914491#0	0
3406	0	914491#22	0
3425	0	19644#0	1
3425	0	19644#6	0
3425	0	529894#1	0
3425	0	613708#0	0
3425	0	665835#2	0
3425	0	81069#2	0
3425	0	831242#0	0
3425	0	842125#1	0
3425	0	845612#2	0
3425	0	941761#0	0
3466	0	144489#2	1
3466	0	242400#22	0
3466	0	447112#0	0
3466	0	480213#4	0
3466	0	615934#0	1
3466	0	615934#1	0
3466	0	615934#4	0
3466	0	638514#25	1
3466	0	767586#30	0
3466	0	82855#1	0
3478	0	290842#0	0
3478	0	316011#0	0
3478	0	364279#1	0
3478	0	386656#1	0
3478	0	442713#1	0
3478	0	57615#1	0
3478	0	621321#1	0
3478	0	62242#3	0
3478	0	80018#0	0
3478	0	80018#3	1
3478	0	80018#9	0
3479	0	108172#0	0
3479	0	108172#5	1
3479	0	108172#7	0
3479	0	153786#2	0
3479	0	158196#29	0
3479	0	158196#8	0
3479	0	158196#9	0
3479	0	172932#21	0
3479	0	381059#0	0
3479	0	411855#1	0
3486	0	712711#0	0
3486	0	712733#0	0
3486	0	712742#0	0
3486	0	75976#0	1
3486	0	75976#11	0
3486	0	75976#14	0
3486	0	75976#16	0
3486	0	75976#6	0
3486	0	75976#7	0
3486	0	75976#8	0
3495	0	17203#0	1
3495	0	17203#4	0
3495	0	181918#0	0
3495	0	380708#0	0
3495	0	431818#0	0
3495	0	541563#8	0
3495	0	589981#0	0
3495	0	5947#58	0
3495	0	84985#0	1
3495	0	94477#2	0
3511	0	164529#0	0
3511	0	172777#0	0
3511	0	172777#1	0
3511	0	189634#1	0
3511	0	194644#0	0
3511	0	22894#3	0
3511	0	22912#2	0
3511	0	977572#5	0
3511	0	9927#1	1
3511	0	9927#3	0
3517	0	18805#2	0
3517	0	230186#0	0
3517	0	230186#1	1
3517	0	39683#2	0
3517	0	412716#2	0
3517	0	468705#1	0
3517	0	51429#0	0
3517	0	532462#1	0
3517	0	532894#0	0
3517	0	533042#0	0
3517	0	6051#1	0
3532	0	568311#4	0
3532	0	57347#23	0
3532	0	770260#1	0
3532	0	770260#12	0
3532	0	770260#13	1
3532	0	770260#16	0
3532	0	770260#5	0
3532	0	840937#11	0
3532	0	909169#4	0
3532	0	935035#0	0
3532	0	974660#19	0
3534	0	16785#0	1
3534	0	16977#2	0
3534	0	248445#4	0
3534	0	315817#3	0
3534	0	65923#8	0
3534	0	754626#5	0
3534	0	899631#30	0
3534	0	942443#4	0
3534	0	962663#0	0
3534	0	995796#1	0
3534	0	999138#0	0
3549	0	24830#0	1
3549	0	24830#13	0
3549	0	24830#19	0
3549	0	24830#5	0
3549	0	33634#41	0
3549	0	356246#1	0
3549	0	40190#2	1
3549	0	588515#104	0
3549	0	65583#8	0
3549	0	880013#0	0
3558	0	16719#0	1
3558	0	16719#1	0
3558	0	16719#10	0
3558	0	16719#11	0
3558	0	16719#12	0
3558	0	16719#2	0
3558	0	16719#3	0
3558	0	16719#7	0
3558	0	190250#1	0
3558	0	58857#6	0
3560	0	175734#0	0
3560	0	232904#3	0
3560	0	270149#0	0
3560	0	295772#1	0
3560	0	348713#10	0
3560	0	348713#11	0
3560	0	42409#2	1
3560	0	652807#0	0
3560	0	795168#0	0
3560	0	963420#2	0
3566	0	12546#0	0
3566	0	12546#1	0
3566	0	12546#2	1
3566	0	12546#3	1
3566	0	183754#0	0
3566	0	222066#0	0
3566	0	253999#0	0
3566	0	36332#0	0
3566	0	386407#0	0
3566	0	745871#0	0
3579	0	23130#0	0
3579	0	290537#2	0
3579	0	32552#0	0
3579	0	342457#0	0
3579	0	368369#0	0
3579	0	385096#0	1
3579	0	645224#1	0
3579	0	669931#0	0
3579	0	707295#0	0
3579	0	889996#0	0
3579	0	896347#0	0
358	0	57369#1	0
358	0	57369#10	1
358	0	57369#15	0
358	0	57369#17	0
358	0	57369#2	1
358	0	57369#22	0
358	0	57369#24	0
358	0	57369#29	0
358	0	57369#3	0
358	0	57369#5	0
3582	0	146298#1	0
3582	0	180481#0	0
3582	0	218835#0	1
3582	0	286019#5	0
3582	0	293812#0	0
3582	0	425866#0	0
3582	0	45027#1	1
3582	0	541084#0	0
3582	0	644193#0	0
3582	0	916645#0	0
3593	0	1937#25	1
3593	0	22707#15	0
3593	0	250203#4	0
3593	0	374237#1	0
3593	0	374237#11	1
3593	0	374237#2	0
3593	0	374237#5	1
3593	0	374237#6	0
3593	0	70992#0	0
3593	0	70992#21	1
3593	0	765205#7	0
3597	0	271946#0	0
3597	0	272073#0	0
3597	0	272109#0	0
3597	0	302078#0	0
3597	0	305337#0	0
3597	0	321089#0	0
3597	0	452770#0	0
3597	0	521269#0	0
3597	0	5951#0	1
3597	0	756436#0	0
362	0	112689#0	0
362	0	149304#18	0
362	0	17203#0	1
362	0	17203#3	0
362	0	208022#0	0
362	0	208022#1	0
362	0	208022#12	0
362	0	208022#6	0
362	0	539293#0	0
362	0	932758#0	0
3622	0	2122#0	1
3622	0	2122#16	0
3622	0	2122#18	0
3622	0	2122#19	0
3622	0	2122#33	0
3622	0	2122#34	1
3622	0	2122#6	1
3622	0	2122#7	0
3622	0	617485#0	1
3622	0	617485#2	0
365	0	138403#0	0
365	0	138403#1	1
365	0	138403#11	0
365	0	138403#5	1
365	0	138403#8	0
365	0	220819#0	0
365	0	268560#2	1
365	0	425803#1	0
365	0	64911#25	1
365	0	669481#3	0
3673	0	469192#10	0
3673	0	586043#14	0
3673	0	593774#1	1
3673	0	593774#17	0
3673	0	593774#22	0
3673	0	593774#23	0
3673	0	593774#24	0
3673	0	593774#7	0
3673	0	605037#0	0
3673	0	912564#36	0
3673	0	974698#13	0
3679	0	12075#1	1
3679	0	139709#6	0
3679	0	563389#20	0
3679	0	5920#20	0
3679	0	5920#48	1
3679	0	593770#5	0
3679	0	601935#30	0
3679	0	601935#34	0
3679	0	601935#48	0
3679	0	81659#0	0
3679	0	868067#24	0
3701	0	167310#8	0
3701	0	239916#9	0
3701	0	589153#0	1
3701	0	589153#1	0
3701	0	589153#11	0
3701	0	589153#4	0
3701	0	589153#5	0
3701	0	641410#0	0
3701	0	641410#2	0
3701	0	684680#1	0
375	0	871041#0	0
375	0	882208#0	0
375	0	902217#0	0
375	0	947111#8	0
375	0	957750#0	0
375	0	957750#2	0
375	0	957750#3	0
375	0	957750#4	0
375	0	962605#0	0
375	0	962605#1	1
375	0	962605#5	0
375	0	984745#0	0
3756	0	398132#0	0
3756	0	4567#0	0
3756	0	4567#1	0
3756	0	4570#0	1
3756	0	4570#2	0
3756	0	4570#3	0
3756	0	8446#0	0
3756	0	8447#0	0
3756	0	8448#0	0
3756	0	927653#0	0
3759	0	128991#5	0
3759	0	128991#7	1
3759	0	154330#0	0
3759	0	4817#26	0
3759	0	4817#27	0
3759	0	74481#14	0
3759	0	74481#15	0
3759	0	74481#3	1
3759	0	74481#6	0
3759	0	74481#8	0
3771	0	101691#0	0
3771	0	105705#1	0
3771	0	570393#1	0
3771	0	765205#0	0
3771	0	765205#12	0
3771	0	77973#0	1
3771	0	77973#36	0
3771	0	78585#35	0
3771	0	78585#8	0
3771	0	923512#1	0
3771	0	923512#10	0
3783	0	145261#0	0
3783	0	151102#1	0
3783	0	151102#2	0
3783	0	151828#0	0
3783	0	151828#1	0
3783	0	151828#12	0
3783	0	151828#3	1
3783	0	151974#1	0
3783	0	171939#0	1
3783	0	215247#0	1
3783	0	73299#4	0
3794	0	13777#0	0
3794	0	215811#0	0
3794	0	223079#0	1
3794	0	223079#2	0
3794	0	404543#0	0
3794	0	489132#0	0
3794	0	515632#0	0
3794	0	534673#0	0
3794	0	57904#0	0
3794	0	924494#2	0
3798	0	645959#0	0
3798	0	645959#1	0
3798	0	645959#6	1
3798	0	645959#8	0
3798	0	680848#10	0
3798	0	710583#11	0
3798	0	710583#12	0
3798	0	710583#13	0
3798	0	710583#15	0
3798	0	720942#9	0
3800	0	206893#1	0
3800	0	206982#0	0
3800	0	423491#1	1
3800	0	5133#0	1
3800	0	5133#10	0
3800	0	5133#12	0
3800	0	5133#13	0
3800	0	58850#0	1
3800	0	60402#0	1
3800	0	60402#1	0
3813	0	100687#3	1
3813	0	221626#1	0
3813	0	345905#2	0
3813	0	627553#26	0
3813	0	76701#28	0
3813	0	777094#0	0
3813	0	811552#0	0
3813	0	840008#13	0
3813	0	840008#24	0
3813	0	908236#0	0
3813	0	911473#0	0
382	0	177501#0	0
382	0	177501#1	0
382	0	177501#11	0
382	0	177501#2	1
382	0	177501#3	1
382	0	539493#0	0
382	0	539501#0	0
382	0	539552#0	0
382	0	539559#0	0
382	0	539562#0	0
3825	0	110140#0	1
3825	0	110140#1	1
3825	0	110140#2	0
3825	0	110140#3	0
3825	0	110140#4	0
3825	0	112826#5	0
3825	0	132393#0	0
3825	0	174577#0	0
3825	0	1924#42	0
3825	0	195166#6	0
3855	0	17494#8	1
3855	0	198620#2	0
3855	0	344474#4	0
3855	0	5487#0	0
3855	0	5525#0	1
3855	0	5525#10	0
3855	0	5525#3	0
3855	0	5525#53	0
3855	0	6419#5	0
3855	0	93464#0	1
3873	0	103439#2	0
3873	0	37917#0	1
3873	0	37917#10	0
3873	0	37917#15	0
3873	0	37917#17	0
3873	0	37917#2	0
3873	0	37917#20	0
3873	0	37917#21	0
3873	0	37917#8	0
3873	0	37917#9	0
3877	0	179987#1	0
3877	0	3981#0	1
3877	0	3981#1	0
3877	0	3981#16	0
3877	0	3981#18	0
3877	0	3981#19	0
3877	0	3981#7	0
3877	0	3981#8	0
3877	0	3981#9	0
3877	0	596783#0	0
3881	0	108649#7	0
3881	0	203565#24	1
3881	0	228390#0	0
3881	0	315583#1	0
3881	0	315583#16	0
3881	0	336859#2	0
3881	0	3875#35	0
3881	0	3875#44	0
3881	0	524887#2	0
3881	0	534807#4	0
3950	0	156009#0	1
3950	0	156009#20	0
3950	0	156009#44	0
3950	0	156009#53	0
3950	0	156009#72	0
3950	0	156009#75	0
3950	0	158063#0	1
3950	0	232269#2	0
3950	0	765572#3	0
3950	0	783479#0	0
3950	0	995828#1	0
3964	0	140610#0	0
3964	0	140610#1	0
3964	0	140610#2	0
3964	0	142881#1	1
3964	0	142881#7	0
3964	0	142881#8	0
3964	0	253441#0	0
3964	0	845806#1	0
3964	0	858034#1	0
3964	0	858042#1	0
398	0	13363#1	1
398	0	17494#0	0
398	0	17494#2	0
398	0	17498#0	0
398	0	17500#0	0
398	0	17500#1	0
398	0	17500#7	0
398	0	330764#10	1
398	0	330764#8	0
398	0	563492#0	0
3982	0	106357#1	0
3982	0	15559#0	0
3982	0	335484#4	0
3982	0	350940#0	0
3982	0	496082#0	0
3982	0	55592#4	0
3982	0	664706#0	0
3982	0	664706#1	1
3982	0	664706#11	0
3982	0	664706#2	0
4	0	165509#0	0
4	0	165509#3	0
4	0	165509#4	0
4	0	172697#7	0
4	0	59039#1	0
4	0	59039#3	0
4	0	743196#3	0
4	0	794161#1	0
4	0	928787#0	0
4	0	9800#4	1
4000	0	135794#14	0
4000	0	217869#0	0
4000	0	253043#0	0
4000	0	253043#2	0
4000	0	45027#0	0
4000	0	45027#1	0
4000	0	45027#23	1
4000	0	45027#7	1
4000	0	56424#0	0
4000	0	795078#0	0
4011	0	155082#1	1
4011	0	6470#0	1
4011	0	6470#1	0
4011	0	6470#2	1
4011	0	6470#21	1
4011	0	6470#26	0
4011	0	6470#33	0
4011	0	6470#37	0
4011	0	6470#7	0
4011	0	87486#15	0
4040	0	197263#0	0
4040	0	197283#0	0
4040	0	222054#0	0
4040	0	222054#3	0
4040	0	38960#23	0
4040	0	4336#3	1
4040	0	4336#55	1
4040	0	4336#56	0
4040	0	4336#57	0
4040	0	898311#2	0
4042	0	469223#0	1
4042	0	469223#1	0
4042	0	469223#7	0
4042	0	469223#9	0
4042	0	844976#0	1
4042	0	844976#6	0
4042	0	860298#6	0
4042	0	860308#12	0
4042	0	860308#3	0
4042	0	860326#6	0
4054	0	13941#13	0
4054	0	13941#9	0
4054	0	205331#0	0
4054	0	241227#0	0
4054	0	27768#7	0
4054	0	319792#2	0
4054	0	539795#0	1
4054	0	539795#4	0
4054	0	539795#5	0
4054	0	607855#0	0
4060	0	10811#1	0
4060	0	142465#15	0
4060	0	16485#0	1
4060	0	16485#29	0
4060	0	16485#34	0
4060	0	17648#2	0
4060	0	276879#0	1
4060	0	342810#0	0
4060	0	342810#14	0
4060	0	342810#8	0
4060	0	74022#0	1
4073	0	145468#11	0
4073	0	146009#0	0
4073	0	146009#1	0
4073	0	146009#21	0
4073	0	146009#38	0
4073	0	146009#4	1
4073	0	146009#40	0
4073	0	146009#58	0
4073	0	146009#63	1
4073	0	146009#8	0
4073	0	487160#10	0
4085	0	109379#19	1
4085	0	119204#3	0
4085	0	13986#17	0
4085	0	13986#18	0
4085	0	13986#3	1
4085	0	13986#8	1
4085	0	19858#0	1
4085	0	429480#2	0
4085	0	6388#9	1
4085	0	809638#1	0
4111	0	138337#0	0
4111	0	3835#0	1
4111	0	3835#30	0
4111	0	431818#0	0
4111	0	435182#0	0
4111	0	502041#0	0
4111	0	541061#0	0
4111	0	543792#0	0
4111	0	747166#0	0
4111	0	858702#41	0
4111	0	924499#0	0
4113	0	104125#0	0
4113	0	104125#1	0
4113	0	19372#0	1
4113	0	21106#0	1
4113	0	22726#0	1
4113	0	235995#23	0
4113	0	246913#0	0
4113	0	29287#0	1
4113	0	34706#2	0
4113	0	9672#1	1
4113	0	9672#2	0
419	0	261949#0	0
419	0	266700#1	0
419	0	32293#38	1
419	0	3832#2	0
419	0	42096#2	1
419	0	50638#0	0
419	0	523989#2	0
419	0	57913#28	0
419	0	651178#0	0
419	0	766866#0	1
42	0	12891#0	0
42	0	149282#0	0
42	0	21447#2	1
42	0	257422#2	0
42	0	32264#43	0
42	0	70134#3	0
42	0	817177#1	0
42	0	865054#2	0
42	0	92658#23	0
42	0	956646#1	0
42	0	96335#3	0
420	0	231936#0	0
420	0	33180#0	0
420	0	33180#10	0
420	0	33180#11	1
420	0	33180#12	0
420	0	33180#16	0
420	0	33212#0	1
420	0	41644#7	0
420	0	746399#2	0
420	0	936#78	0
426	0	48613#11	0
426	0	767600#1	1
426	0	767600#11	0
426	0	767600#14	0
426	0	767600#22	0
426	0	767600#24	0
426	0	767600#25	0
426	0	767600#29	0
426	0	767600#31	0
426	0	767600#5	0
426	0	769313#2	0
435	0	15673#10	0
435	0	2032#0	1
435	0	25771#0	0
435	0	25772#0	0
435	0	25772#1	0
435	0	32425#0	0
435	0	6152#0	1
435	0	640987#15	0
435	0	640987#6	0
435	0	86391#0	0
435	0	92282#14	0
49	0	209100#0	0
49	0	209100#1	1
49	0	209100#10	0
49	0	209100#2	1
49	0	209100#3	0
49	0	209100#5	0
49	0	475996#0	0
49	0	557581#1	0
49	0	882217#1	0
49	0	98797#0	0
498	0	10276#0	1
498	0	10276#12	0
498	0	10276#17	0
498	0	10276#24	0
498	0	10276#28	0
498	0	10276#3	1
498	0	10276#34	0
498	0	10276#36	0
498	0	10276#4	0
498	0	10276#7	0
513	0	293816#29	0
513	0	34256#0	0
513	0	34256#10	0
513	0	34256#2	0
513	0	34256#4	0
513	0	34256#5	0
513	0	34256#6	0
513	0	34256#7	1
513	0	34256#9	0
513	0	363706#52	0
514	0	315583#2	0
514	0	317966#0	0
514	0	317966#1	0
514	0	4336#63	0
514	0	630493#0	1
514	0	630493#1	0
514	0	666451#4	0
514	0	922425#0	0
514	0	947832#0	0
514	0	962757#1	0
528	0	17294#0	0
528	0	17294#4	0
528	0	17294#5	1
528	0	17294#6	0
528	0	17294#7	0
528	0	20722#10	0
528	0	20722#5	0
528	0	20722#8	0
528	0	33329#3	0
528	0	58156#1	0
528	0	823#55	0
532	0	114542#1	1
532	0	114542#6	0
532	0	412953#0	0
532	0	413659#3	0
532	0	438279#0	0
532	0	609933#2	0
532	0	626567#12	0
532	0	639922#1	0
532	0	655959#1	0
532	0	700875#1	0
537	0	120426#7	0
537	0	140610#2	0
537	0	206442#12	0
537	0	303432#1	1
537	0	303850#4	0
537	0	33108#2	0
537	0	387639#5	0
537	0	646101#5	0
537	0	7931#44	0
537	0	973259#3	0
537	0	995785#0	0
545	0	353986#0	1
545	0	353986#13	0
545	0	353986#16	0
545	0	353986#17	0
545	0	353986#2	0
545	0	353986#29	0
545	0	353986#3	0
545	0	353986#32	0
545	0	353986#4	1
545	0	353986#9	0
557	0	108841#0	1
557	0	108841#1	0
557	0	108841#17	0
557	0	108841#30	0
557	0	108841#38	0
557	0	108841#5	0
557	0	110167#70	0
557	0	170674#12	0
557	0	170674#9	0
557	0	192295#37	0
557	0	248367#3	1
557	0	634489#3	0
558	0	337778#0	1
558	0	337778#1	0
558	0	337778#11	0
558	0	337778#16	0
558	0	337778#2	0
558	0	337778#3	1
558	0	337778#4	0
558	0	337778#8	0
558	0	736614#0	0
558	0	736614#2	0
561	0	321223#2	0
561	0	356915#0	0
561	0	356915#2	0
561	0	43391#0	0
561	0	43391#1	0
561	0	43391#2	1
561	0	43391#3	0
561	0	43391#6	0
561	0	43391#7	0
561	0	43391#9	0
562	0	525140#0	0
562	0	525140#3	0
562	0	526294#2	0
562	0	527228#0	0
562	0	527228#2	0
562	0	936812#0	0
562	0	93765#0	1
562	0	93765#11	0
562	0	93765#4	0
562	0	93765#6	0
59	0	1773#0	1
59	0	1773#22	0
59	0	203247#7	0
59	0	2931#3	0
59	0	312504#4	0
59	0	312504#5	0
59	0	34263#11	0
59	0	72094#1	0
59	0	72493#0	0
59	0	938261#0	0
61	0	23195#5	0
61	0	48613#20	0
61	0	552731#14	0
61	0	552731#19	0
61	0	552731#24	0
61	0	554729#2	0
61	0	770532#0	1
61	0	770532#1	0
61	0	771351#0	0
61	0	813241#33	0
613	0	15807#2	0
613	0	236389#10	0
613	0	321485#0	0
613	0	321485#11	0
613	0	344916#4	0
613	0	39370#0	0
613	0	39370#1	0
613	0	78603#0	1
613	0	78603#7	0
613	0	78990#4	0
619	0	159041#0	1
619	0	159041#1	0
619	0	159041#5	0
619	0	159041#7	0
619	0	246628#0	0
619	0	246633#0	1
619	0	278586#9	1
619	0	575724#1	0
619	0	61576#6	0
619	0	731856#0	1
619	0	77808#0	1
653	0	151276#1	0
653	0	205953#0	0
653	0	213834#0	0
653	0	274239#0	0
653	0	33649#0	0
653	0	33649#15	0
653	0	33649#2	1
653	0	33649#8	0
653	0	42827#2	0
653	0	885431#0	0
67	0	125869#1	1
67	0	155870#0	1
67	0	155870#1	0
67	0	155870#19	0
67	0	155870#20	0
67	0	155870#21	1
67	0	27548#0	0
67	0	287725#1	0
67	0	431789#0	0
67	0	5622#50	1
695	0	12153#4	0
695	0	328732#0	0
695	0	354677#2	0
695	0	751094#0	0
695	0	827433#0	0
695	0	947523#0	0
695	0	947523#2	1
695	0	947523#4	0
695	0	947523#6	0
695	0	98947#0	0
697	0	12512#0	0
697	0	12512#1	1
697	0	12512#14	0
697	0	12512#17	0
697	0	12512#2	0
697	0	12512#21	0
697	0	12512#23	0
697	0	12512#6	0
697	0	16498#3	0
697	0	23996#62	0
703	0	211529#1	1
703	0	211529#37	0
703	0	355617#0	1
703	0	372467#0	0
703	0	379180#0	0
703	0	392333#0	0
703	0	393758#0	0
703	0	394151#0	0
703	0	394155#0	0
703	0	562173#0	0
703	0	580457#0	0
718	0	386318#0	0
718	0	4697#0	0
718	0	4697#1	0
718	0	4697#19	0
718	0	4697#3	0
718	0	4697#30	0
718	0	4697#31	0
718	0	4697#4	1
718	0	4697#7	0
718	0	617855#0	0
718	0	715815#0	0
728	0	230486#9	0
728	0	235399#0	0
728	0	248270#21	0
728	0	248270#5	0
728	0	427199#0	1
728	0	427199#13	0
728	0	427199#14	0
728	0	427199#15	0
728	0	427199#3	0
728	0	436325#10	1
73	0	30643#14	0
73	0	48356#4	0
73	0	490496#8	0
73	0	5448#0	1
73	0	5448#11	0
73	0	5448#2	1
73	0	5448#6	1
73	0	5448#7	0
73	0	745848#0	1
73	0	829174#0	1
751	0	127469#11	0
751	0	16719#11	0
751	0	330173#1	0
751	0	52669#0	0
751	0	52669#1	1
751	0	52669#2	0
751	0	52669#3	0
751	0	52669#7	0
751	0	604879#21	0
751	0	787502#1	0
758	0	11774#0	0
758	0	11774#11	0
758	0	11774#12	0
758	0	165970#41	0
758	0	1820#15	0
758	0	23775#4	0
758	0	25751#1	0
758	0	336696#0	0
758	0	336696#2	0
758	0	5333#6	0
758	0	665#13	1
766	0	22432#0	1
766	0	22432#17	0
766	0	22432#18	0
766	0	22432#20	0
766	0	22432#22	0
766	0	22432#30	0
766	0	22432#5	0
766	0	536715#3	0
766	0	644089#25	0
766	0	926747#36	0
773	0	156277#4	0
773	0	17473#1	0
773	0	1969#0	0
773	0	1969#1	0
773	0	1969#4	1
773	0	1969#5	0
773	0	2074#20	0
773	0	381562#0	0
773	0	892693#1	0
773	0	992037#0	0
803	0	284771#0	1
803	0	284771#10	1
803	0	284771#2	1
803	0	284771#23	0
803	0	333905#0	0
803	0	336438#1	0
803	0	810384#1	1
803	0	810384#15	1
803	0	810384#19	0
803	0	810384#8	0
826	0	163282#10	0
826	0	163282#12	0
826	0	163282#14	0
826	0	163282#19	0
826	0	163282#2	0
826	0	163282#9	1
826	0	311869#2	0
826	0	356446#1	0
826	0	814133#2	0
826	0	814133#3	0
852	0	57369#0	0
852	0	57369#1	1
852	0	57369#10	0
852	0	57369#15	0
852	0	57369#17	0
852	0	57369#2	0
852	0	57369#22	0
852	0	57369#24	0
852	0	57369#3	0
852	0	57369#5	0
854	0	157774#0	0
854	0	158835#0	0
854	0	224265#0	0
854	0	224275#0	1
854	0	224275#1	0
854	0	224275#2	1
854	0	227195#10	0
854	0	227195#12	0
854	0	227195#7	0
854	0	232257#2	0
856	0	12226#2	0
856	0	155175#0	0
856	0	38039#0	1
856	0	38039#1	0
856	0	38039#17	0
856	0	38039#2	1
856	0	38039#24	0
856	0	38039#29	0
856	0	38039#3	1
856	0	38039#32	0
856	0	70175#0	0
859	0	137619#0	1
859	0	235873#0	0
859	0	25299#0	0
859	0	25299#11	0
859	0	25299#2	0
859	0	25299#4	1
859	0	25299#7	0
859	0	4336#0	0
859	0	825134#2	0
859	0	872007#2	0
859	0	99132#3	0
868	0	100620#0	1
868	0	100620#1	0
868	0	100620#17	0
868	0	100620#18	0
868	0	100620#19	0
868	0	100620#20	0
868	0	100620#5	0
868	0	100905#3	0
868	0	239987#1	0
868	0	901797#2	0
896	0	12546#13	0
896	0	12914#10	0
896	0	231726#24	0
896	0	233418#0	1
896	0	233418#28	0
896	0	233418#42	1
896	0	233418#6	0
896	0	247900#13	0
896	0	247900#30	0
896	0	247900#66	0
896	0	247900#68	0
902	0	17473#1	0
902	0	1990#0	0
902	0	1990#1	1
902	0	1990#11	1
902	0	1990#14	0
902	0	1990#16	0
902	0	1990#20	0
902	0	1990#33	0
902	0	33329#3	0
902	0	5177#6	0
919	0	116728#0	0
919	0	170203#0	0
919	0	185412#0	0
919	0	246159#19	0
919	0	246159#3	1
919	0	246159#7	0
919	0	246159#8	0
919	0	331966#0	0
919	0	56147#0	0
919	0	70955#0	0
921	0	136100#1	0
921	0	15237#20	0
921	0	202656#2	0
921	0	263349#8	1
921	0	268699#12	1
921	0	374060#4	0
921	0	386271#2	0
921	0	428764#2	0
921	0	530858#1	1
921	0	632371#1	0
921	0	63252#7	0
953	0	154613#0	0
953	0	17490#18	0
953	0	17490#21	1
953	0	57430#48	0
953	0	57430#52	0
953	0	57430#53	0
953	0	57430#54	0
953	0	57430#59	0
953	0	57430#6	1
953	0	57430#61	0
953	0	57430#9	1
96	0	118866#0	0
96	0	118866#1	0
96	0	118866#5	0
96	0	182633#2	0
96	0	8726#0	1
96	0	8726#11	0
96	0	8726#2	0
96	0	8726#24	0
96	0	8726#25	0
96	0	8726#26	0
96	0	8726#27	0
96	0	8726#9	0
989	0	289252#0	0
989	0	32174#0	1
989	0	32174#14	0
989	0	32174#17	0
989	0	32174#29	0
989	0	32174#3	1
989	0	32174#4	0
989	0	519304#0	0
989	0	519304#1	0
989	0	519304#3	0
995	0	178036#1	0
995	0	194511#1	0
995	0	284963#2	0
995	0	347730#1	0
995	0	360591#1	0
995	0	360591#2	0
995	0	363170#1	0
995	0	39490#2	1
995	0	455846#2	0
995	0	76392#10	0
995	0	76392#11	0
